transaction_id,project_name,district,price,area_sqft,psf,sale_date,sale_type,tenure
T1266,Parc Meridian,D19,2082000,1006.42,2068.71,2024-01-14,Resale,99 yrs
T1172,Lakeshore Grand,D22,1474000,1011.0,1457.96,2020-01-08,Resale,99 yrs
T2762,Westwood Gardens,D22,1349000,800.0,1686.25,2025-01-22,Resale,99 yrs
T1242,Parc Meridian,D19,2879000,1298.13,2217.81,2023-11-16,Resale,99 yrs
T1252,Parc Meridian,D19,2823000,1289.0,2190.07,2024-02-16,Resale,99 yrs
T1085,Lakeshore Grand,D22,2264000,1453.0,1558.16,2021-03-24,New Sale,99 yrs
T1489,The Orchid Residences,D10,1806000,577.0,3129.98,2020-10-07,Resale,Freehold
T1770,Marina Vue,D01,3372000,1453.0,2320.72,2020-05-05,Resale,99 yrs
T2234,Sengkang Terrace,D19,1632000,1087.0,1501.38,2021-01-07,Resale,99 yrs
T1738,Marina Vue,D01,4373000,1450.0,3015.86,2025-12-17,Resale,99 yrs
T2430,Pasir View Residences,D18,1517000,977.0,1552.71,2021-10-27,Sub Sale,99 yrs
T2320,Sengkang Terrace,D19,1296000,686.74,1887.19,2024-06-15,Resale,99 yrs
T1509,The Orchid Residences,D10,2112000,777.15,2717.61,2022-01-06,Sub Sale,Freehold
T2513,Pasir View Residences,D18,936000,567.0,1650.79,2022-03-20,New Sale,99 yrs
T1479,The Orchid Residences,D10,1322000,520.0,2542.31,2020-03-03,Resale,Freehold
T1655,Riverbend Suites,D05,1008000,511.29,1971.5,2020-10-10,Resale,99 yrs
T2759,Westwood Gardens,D22,1803000,996.74,1808.9,2023-12-23,Resale,99 yrs
T2690,Queens Parkview,D03,2029000,783.0,2591.32,2025-01-05,Resale,99 yrs
T2820,Westwood Gardens,D22,1868000,1002.0,1864.27,2025-07-23,Resale,99 yrs
T2582,Pasir View Residences,D18,2232000,1418.0,1574.05,2021-02-02,Resale,99 yrs
T1126,Lakeshore Grand,D22,1581000,792.0,1996.21,2024-06-27,Resale,99 yrs
T2290,Sengkang Terrace,D19,1573000,1076.39,1461.37,2020-08-20,Resale,99 yrs
T2420,Holland Crest,D10,2231000,660.0,3380.3,2022-11-30,Resale,Freehold
T1927,Bukit Verde,D23,1686000,800.0,2107.5,2025-05-22,Sub Sale,99 yrs
T2001,Bukit Verde,D23,1215000,683.0,1778.92,2024-02-13,Resale,99 yrs
T2638,Queens Parkview,D03,1232000,555.0,2219.82,2021-04-14,Resale,99 yrs
T1682,Riverbend Suites,D05,1291000,564.0,2289.01,2023-09-08,Resale,99 yrs
T2624,Queens Parkview,D03,2998000,1309.0,2290.3,2021-06-03,Resale,99 yrs
T1306,Parc Meridian,D19,874000,487.0,1794.66,2023-05-27,Resale,99 yrs
T2190,Sengkang Terrace,D19,1672000,977.36,1710.73,2023-01-30,Sub Sale,99 yrs
T2531,Pasir View Residences,D18,1107000,707.0,1565.77,2020-09-07,Sub Sale,99 yrs
T2491,Pasir View Residences,D18,1157000,518.0,2233.59,2025-12-28,Resale,99 yrs
T1241,Parc Meridian,D19,1817000,969.0,1875.13,2021-11-25,Resale,99 yrs
T1519,The Orchid Residences,D10,2204000,664.0,3319.28,2025-11-06,Sub Sale,Freehold
T2545,Pasir View Residences,D18,2300000,1439.13,1598.18,2022-07-12,Resale,99 yrs
T1978,Bukit Verde,D23,1394000,779.31,1788.77,2023-02-11,Resale,99 yrs
T2351,Holland Crest,D10,3491000,1095.0,3188.13,2023-01-24,Resale,Freehold
T1685,Riverbend Suites,D05,1137000,506.98,2242.69,2025-05-19,Resale,99 yrs
T1547,Riverbend Suites,D05,1371000,663.06,2067.7,2021-06-10,Resale,99 yrs
T2651,Queens Parkview,D03,1068000,531.0,2011.3,2020-03-01,New Sale,99 yrs
T1524,Riverbend Suites,D05,3381000,1408.0,2401.28,2025-12-05,Resale,99 yrs
T2495,Pasir View Residences,D18,1107000,676.0,1637.57,2023-07-23,New Sale,99 yrs
T1935,Bukit Verde,D23,1303000,736.0,1770.38,2022-09-19,Resale,99 yrs
T1508,The Orchid Residences,D10,3024000,1091.0,2771.77,2021-01-24,Resale,Freehold
T1762,Marina Vue,D01,2076000,735.17,2823.82,2024-09-21,Resale,99 yrs
T2022,Tanjong Heights,D15,3141000,1492.95,2103.88,2020-06-03,Resale,Freehold
T2289,Sengkang Terrace,D19,2068000,1132.36,1826.27,2023-04-09,New Sale,99 yrs
T1070,Lakeshore Grand,D22,1448000,926.0,1563.71,2021-04-11,Resale,99 yrs
T2675,Queens Parkview,D03,3896000,1449.0,2688.75,2024-05-21,New Sale,99 yrs
T2202,Sengkang Terrace,D19,814000,521.0,1562.38,2021-03-24,Resale,99 yrs
T2470,Pasir View Residences,D18,1700000,1097.92,1548.39,2022-02-05,Resale,99 yrs
T2724,Queens Parkview,D03,2983000,1102.0,2706.9,2024-04-26,Resale,99 yrs
T2381,Holland Crest,D10,1849000,564.0,3278.37,2022-04-10,New Sale,Freehold
T1945,Bukit Verde,D23,1950000,1398.0,1394.85,2021-01-31,New Sale,99 yrs
T2370,Holland Crest,D10,2793000,983.0,2841.3,2023-02-10,New Sale,Freehold
T2616,Queens Parkview,D03,1910000,756.0,2526.46,2024-06-03,Resale,99 yrs
T1819,Bukit Verde,D23,1510000,747.0,2021.42,2025-05-02,Resale,99 yrs
T1888,Bukit Verde,D23,1707000,954.0,1789.31,2024-10-17,Resale,99 yrs
T1151,Lakeshore Grand,D22,2422000,1460.0,1658.9,2023-03-15,Resale,99 yrs
T2489,Pasir View Residences,D18,1381000,789.0,1750.32,2022-03-16,Sub Sale,99 yrs
T2308,Sengkang Terrace,D19,1544000,789.0,1956.91,2024-02-27,New Sale,99 yrs
T2331,Sengkang Terrace,D19,1435000,725.0,1979.31,2025-12-08,Sub Sale,99 yrs
T2096,Tanjong Heights,D15,2331000,797.0,2924.72,2026-02-12,Resale,Freehold
T1658,Riverbend Suites,D05,1593000,735.0,2167.35,2023-12-18,New Sale,99 yrs
T2227,Sengkang Terrace,D19,1244000,663.06,1876.16,2025-04-10,Resale,99 yrs
T2763,Westwood Gardens,D22,786000,490.83,1601.36,2024-09-01,Sub Sale,99 yrs
T1141,Lakeshore Grand,D22,1210000,773.92,1563.46,2022-03-22,Resale,99 yrs
T1572,Riverbend Suites,D05,2003000,716.0,2797.49,2026-04-20,Resale,99 yrs
T1058,Lakeshore Grand,D22,1620000,796.0,2035.18,2024-03-16,Resale,99 yrs
T1599,Riverbend Suites,D05,4055000,1498.0,2706.94,2026-07-13,Resale,99 yrs
T1801,Bukit Verde,D23,1562000,954.0,1637.32,2022-05-08,New Sale,99 yrs
T1450,The Orchid Residences,D10,2539000,942.0,2695.33,2022-01-22,Resale,Freehold
T2268,Sengkang Terrace,D19,1728000,937.0,1844.18,2024-06-07,Resale,99 yrs
T1148,Lakeshore Grand,D22,1134000,675.0,1680.0,2021-09-12,Resale,99 yrs
T2595,Pasir View Residences,D18,830000,500.0,1660.0,2022-08-06,New Sale,99 yrs
T1672,Riverbend Suites,D05,2493000,1301.36,1915.69,2021-03-21,Resale,99 yrs
T1473,The Orchid Residences,D10,2352000,791.0,2973.45,2023-02-09,Resale,Freehold
T2402,Holland Crest,D10,1815000,519.0,3497.11,2025-05-13,Sub Sale,Freehold
T2543,Pasir View Residences,D18,2334000,1062.4,2196.92,2025-08-02,New Sale,99 yrs
T2533,Pasir View Residences,D18,1943000,1065.0,1824.41,2022-02-13,Sub Sale,99 yrs
T1914,Bukit Verde,D23,1089000,671.67,1621.34,2022-06-11,New Sale,99 yrs
T1122,Lakeshore Grand,D22,1804000,755.63,2387.43,2026-07-18,Resale,99 yrs
T1118,Lakeshore Grand,D22,1367000,796.53,1716.2,2022-05-20,Resale,99 yrs
T2187,Sengkang Terrace,D19,1820000,954.76,1906.24,2024-05-11,New Sale,99 yrs
T1631,Riverbend Suites,D05,1743000,1054.0,1653.7,2020-08-25,Resale,99 yrs
T2723,Queens Parkview,D03,2062000,905.0,2278.45,2022-11-17,Resale,99 yrs
T1273,Parc Meridian,D19,2368000,1354.0,1748.89,2021-10-01,Sub Sale,99 yrs
T2596,Pasir View Residences,D18,1982000,1123.0,1764.92,2022-09-17,Resale,99 yrs
T1725,Marina Vue,D01,1712000,737.0,2322.93,2020-01-17,Resale,99 yrs
T2052,Tanjong Heights,D15,3945000,1297.05,3041.52,2026-06-21,Resale,Freehold
T2361,Holland Crest,D10,3780000,1319.0,2865.81,2021-11-01,New Sale,Freehold
T2555,Pasir View Residences,D18,2055000,1124.0,1828.29,2024-04-15,Resale,99 yrs
T1482,The Orchid Residences,D10,1893000,702.88,2693.19,2020-11-12,Resale,Freehold
T1923,Bukit Verde,D23,1992000,1357.0,1467.94,2020-08-14,Sub Sale,99 yrs
T2006,Bukit Verde,D23,1937000,1374.0,1409.75,2021-07-23,Resale,99 yrs
T2245,Sengkang Terrace,D19,2525000,1412.0,1788.24,2022-10-26,Resale,99 yrs
T1659,Riverbend Suites,D05,1861000,959.06,1940.43,2020-10-01,Resale,99 yrs
T2557,Pasir View Residences,D18,1315000,797.0,1649.94,2022-06-09,Sub Sale,99 yrs
T1179,Lakeshore Grand,D22,990000,578.0,1712.8,2022-05-04,Resale,99 yrs
T1580,Riverbend Suites,D05,2625000,985.0,2664.97,2025-01-06,Resale,99 yrs
T1373,Parc Meridian,D19,1906000,911.0,2092.21,2024-08-07,Resale,99 yrs
T1698,Marina Vue,D01,2276000,912.0,2495.61,2022-05-31,Resale,99 yrs
T2524,Pasir View Residences,D18,981000,673.82,1455.88,2020-06-16,Resale,99 yrs
T1037,Lakeshore Grand,D22,956000,535.0,1786.92,2024-09-02,Resale,99 yrs
T2238,Sengkang Terrace,D19,1009000,724.0,1393.65,2022-01-06,Resale,99 yrs
T1415,The Orchid Residences,D10,3296000,940.76,3503.53,2026-07-14,Resale,Freehold
T1719,Marina Vue,D01,1436000,509.0,2821.22,2021-11-02,Resale,99 yrs
T1221,Parc Meridian,D19,1026000,655.0,1566.41,2020-11-07,Resale,99 yrs
T2427,Holland Crest,D10,3756000,1322.88,2839.25,2020-04-01,New Sale,Freehold
T1074,Lakeshore Grand,D22,1036000,651.0,1591.4,2021-12-17,Resale,99 yrs
T2837,Westwood Gardens,D22,1622000,1048.0,1547.71,2025-07-28,Resale,99 yrs
T1540,Riverbend Suites,D05,1174000,510.0,2301.96,2023-03-02,Resale,99 yrs
T1794,Bukit Verde,D23,2049000,1066.0,1922.14,2025-05-27,Resale,99 yrs
T2375,Holland Crest,D10,2092000,753.47,2776.48,2020-05-29,Resale,Freehold
T1218,Parc Meridian,D19,1893000,1005.0,1883.58,2023-07-25,Resale,99 yrs
T2062,Tanjong Heights,D15,2044000,908.47,2249.93,2020-11-04,New Sale,Freehold
T1440,The Orchid Residences,D10,2317000,674.9,3433.12,2025-11-10,Resale,Freehold
T2478,Pasir View Residences,D18,1944000,904.0,2150.44,2025-03-13,Resale,99 yrs
T1449,The Orchid Residences,D10,1929000,745.0,2589.26,2021-02-01,Resale,Freehold
T2177,Sengkang Terrace,D19,1032000,746.0,1383.38,2020-07-07,Resale,99 yrs
T1950,Bukit Verde,D23,1926000,1065.0,1808.45,2024-06-14,Resale,99 yrs
T2223,Sengkang Terrace,D19,2036000,930.0,2189.25,2026-05-08,New Sale,99 yrs
T1448,The Orchid Residences,D10,2079000,651.0,3193.55,2024-08-16,New Sale,Freehold
T1735,Marina Vue,D01,1797000,663.06,2710.18,2022-11-10,Resale,99 yrs
T2606,Pasir View Residences,D18,2091000,1383.0,1511.93,2022-03-23,New Sale,99 yrs
T2394,Holland Crest,D10,2828000,738.4,3829.88,2025-06-21,New Sale,Freehold
T1108,Lakeshore Grand,D22,1958000,1416.53,1382.25,2020-09-19,Resale,99 yrs
T1127,Lakeshore Grand,D22,1927000,975.0,1976.41,2024-12-14,Resale,99 yrs
T2475,Pasir View Residences,D18,1192000,761.01,1566.34,2021-08-18,Resale,99 yrs
T1829,Bukit Verde,D23,958000,491.0,1951.12,2025-08-11,New Sale,99 yrs
T2148,Tanjong Heights,D15,2557000,1135.0,2252.86,2020-01-25,Resale,Freehold
T2181,Sengkang Terrace,D19,2328000,1474.65,1578.68,2021-10-06,Resale,99 yrs
T2729,Queens Parkview,D03,1783000,688.89,2588.22,2025-08-30,Resale,99 yrs
T1671,Riverbend Suites,D05,3593000,1407.0,2553.66,2025-03-02,Resale,99 yrs
T2500,Pasir View Residences,D18,1586000,731.0,2169.63,2024-11-23,Resale,99 yrs
T1365,Parc Meridian,D19,2479000,1290.0,1921.71,2023-04-07,New Sale,99 yrs
T1818,Bukit Verde,D23,2022000,1019.0,1984.3,2024-09-22,Resale,99 yrs
T2311,Sengkang Terrace,D19,1063000,660.0,1610.61,2020-02-05,Sub Sale,99 yrs
T1324,Parc Meridian,D19,1565000,912.0,1716.01,2021-04-15,Resale,99 yrs
T2521,Pasir View Residences,D18,799000,528.0,1513.26,2021-03-27,New Sale,99 yrs
T1418,The Orchid Residences,D10,2892000,1030.0,2807.77,2020-06-07,Resale,Freehold
T2660,Queens Parkview,D03,1694000,675.0,2509.63,2024-02-05,Resale,99 yrs
T2196,Sengkang Terrace,D19,1824000,1030.0,1770.87,2023-03-05,Resale,99 yrs
T2786,Westwood Gardens,D22,1224000,946.0,1293.87,2020-12-13,Resale,99 yrs
T2717,Queens Parkview,D03,1535000,668.0,2297.9,2021-08-14,Resale,99 yrs
T1304,Parc Meridian,D19,2073000,1019.0,2034.35,2023-05-16,Resale,99 yrs
T1633,Riverbend Suites,D05,1345000,741.63,1813.57,2021-02-07,Sub Sale,99 yrs
T1692,Marina Vue,D01,3707000,1334.0,2778.86,2022-10-26,Resale,99 yrs
T1539,Riverbend Suites,D05,1305000,659.0,1980.27,2021-10-01,New Sale,99 yrs
T1977,Bukit Verde,D23,1042000,776.0,1342.78,2020-10-10,New Sale,99 yrs
T1021,Lakeshore Grand,D22,999000,697.0,1433.29,2021-07-17,Resale,99 yrs
T1932,Bukit Verde,D23,1604000,928.0,1728.45,2024-05-04,Resale,99 yrs
T1050,Lakeshore Grand,D22,1939000,1008.0,1923.61,2026-04-05,Resale,99 yrs
T1101,Lakeshore Grand,D22,2537000,1303.0,1947.05,2024-11-22,Resale,99 yrs
T2297,Sengkang Terrace,D19,883000,564.03,1565.52,2022-06-07,Resale,99 yrs
T1931,Bukit Verde,D23,2199000,1149.0,1913.84,2025-11-22,Resale,99 yrs
T2039,Tanjong Heights,D15,2147000,930.0,2308.6,2022-01-15,Resale,Freehold
T2781,Westwood Gardens,D22,2130000,1137.0,1873.35,2024-11-25,Resale,99 yrs
T2695,Queens Parkview,D03,2734000,1066.0,2564.73,2024-08-29,Resale,99 yrs
T2031,Tanjong Heights,D15,2432000,726.56,3347.27,2026-02-02,Resale,Freehold
T1353,Parc Meridian,D19,1605000,971.0,1652.94,2021-10-24,New Sale,99 yrs
T1031,Lakeshore Grand,D22,781000,483.0,1616.98,2021-04-26,Resale,99 yrs
T1113,Lakeshore Grand,D22,856000,488.0,1754.1,2022-01-14,Resale,99 yrs
T1603,Riverbend Suites,D05,3103000,1448.0,2142.96,2022-03-22,Sub Sale,99 yrs
T1061,Lakeshore Grand,D22,1547000,780.0,1983.33,2024-06-19,Resale,99 yrs
T1399,Parc Meridian,D19,1240000,716.0,1731.84,2023-10-03,Resale,99 yrs
T2170,Sengkang Terrace,D19,1429000,750.0,1905.33,2025-04-17,Resale,99 yrs
T1000,Lakeshore Grand,D22,1211000,735.0,1647.62,2023-11-24,Resale,99 yrs
T2197,Sengkang Terrace,D19,1813000,1034.41,1752.69,2022-04-05,New Sale,99 yrs
T1102,Lakeshore Grand,D22,2335000,1300.28,1795.77,2023-06-25,Resale,99 yrs
T1688,Riverbend Suites,D05,1491000,726.0,2053.72,2021-08-14,Sub Sale,99 yrs
T2612,Queens Parkview,D03,1965000,742.71,2645.72,2026-01-25,Resale,99 yrs
T1889,Bukit Verde,D23,2234000,1271.0,1757.67,2023-06-16,Resale,99 yrs
T2823,Westwood Gardens,D22,1119000,791.0,1414.66,2020-11-29,New Sale,99 yrs
T2609,Pasir View Residences,D18,1586000,1026.0,1545.81,2021-01-21,New Sale,99 yrs
T2788,Westwood Gardens,D22,1610000,1090.0,1477.06,2023-02-20,Resale,99 yrs
T1930,Bukit Verde,D23,1758000,974.0,1804.93,2023-01-17,Resale,99 yrs
T2740,Westwood Gardens,D22,1130000,781.0,1446.86,2022-10-16,Resale,99 yrs
T2343,Sengkang Terrace,D19,711000,504.0,1410.71,2020-06-19,Resale,99 yrs
T1234,Parc Meridian,D19,1162000,517.74,2244.35,2024-09-20,Sub Sale,99 yrs
T2015,Tanjong Heights,D15,1723000,580.0,2970.69,2023-10-26,Resale,Freehold
T1076,Lakeshore Grand,D22,1303000,675.0,1930.37,2025-10-11,Resale,99 yrs
T1110,Lakeshore Grand,D22,1250000,779.31,1603.99,2023-05-15,Resale,99 yrs
T2490,Pasir View Residences,D18,1228000,752.0,1632.98,2021-06-14,Resale,99 yrs
T1942,Bukit Verde,D23,1588000,1071.01,1482.72,2021-03-27,New Sale,99 yrs
T2162,Sengkang Terrace,D19,2938000,1463.0,2008.2,2025-10-25,Resale,99 yrs
T2658,Queens Parkview,D03,2132000,968.0,2202.48,2021-04-26,New Sale,99 yrs
T1554,Riverbend Suites,D05,811000,480.0,1689.58,2021-08-12,Resale,99 yrs
T1518,The Orchid Residences,D10,3992000,1269.0,3145.78,2025-11-02,Resale,Freehold
T1424,The Orchid Residences,D10,3315000,1096.0,3024.64,2022-06-21,New Sale,Freehold
T2706,Queens Parkview,D03,1492000,669.0,2230.19,2022-12-09,New Sale,99 yrs
T2585,Pasir View Residences,D18,1635000,913.86,1789.12,2022-09-16,New Sale,99 yrs
T2395,Holland Crest,D10,3151000,1039.0,3032.72,2023-03-10,Resale,Freehold
T1208,Lakeshore Grand,D22,1141000,791.0,1442.48,2020-05-03,New Sale,99 yrs
T2298,Sengkang Terrace,D19,1044000,739.48,1411.8,2021-10-11,Resale,99 yrs
T2125,Tanjong Heights,D15,2244000,974.0,2303.9,2020-07-18,Resale,Freehold
T2604,Pasir View Residences,D18,710000,504.0,1408.73,2020-07-25,Resale,99 yrs
T2224,Sengkang Terrace,D19,1621000,913.0,1775.47,2023-05-23,Resale,99 yrs
T2262,Sengkang Terrace,D19,1655000,945.0,1751.32,2024-02-18,Resale,99 yrs
T1679,Riverbend Suites,D05,1903000,771.77,2465.76,2026-04-29,Resale,99 yrs
T2240,Sengkang Terrace,D19,1825000,1261.0,1447.26,2022-07-19,Resale,99 yrs
T1078,Lakeshore Grand,D22,925000,573.72,1612.3,2023-03-21,Resale,99 yrs
T1064,Lakeshore Grand,D22,1263000,744.0,1697.58,2022-05-17,Resale,99 yrs
T1254,Parc Meridian,D19,1995000,956.0,2086.82,2024-08-02,Resale,99 yrs
T2345,Sengkang Terrace,D19,1642000,910.0,1804.4,2024-02-29,Resale,99 yrs
T1675,Riverbend Suites,D05,1481000,766.0,1933.42,2021-01-10,Resale,99 yrs
T2572,Pasir View Residences,D18,2151000,1346.0,1598.07,2022-04-06,Resale,99 yrs
T2751,Westwood Gardens,D22,1488000,798.0,1864.66,2024-08-25,Sub Sale,99 yrs
T1965,Bukit Verde,D23,1546000,988.0,1564.78,2022-07-13,Resale,99 yrs
T2454,Pasir View Residences,D18,879000,536.0,1639.93,2022-03-10,New Sale,99 yrs
T1703,Marina Vue,D01,2745000,965.0,2844.56,2024-07-11,New Sale,99 yrs
T1718,Marina Vue,D01,3684000,1376.0,2677.33,2023-09-19,Resale,99 yrs
T1551,Riverbend Suites,D05,2601000,999.0,2603.6,2023-11-30,Sub Sale,99 yrs
T2017,Tanjong Heights,D15,1162000,543.0,2139.96,2020-03-02,Resale,Freehold
T1749,Marina Vue,D01,2050000,912.0,2247.81,2023-01-20,New Sale,99 yrs
T2008,Bukit Verde,D23,1494000,1049.48,1423.56,2020-09-26,Resale,99 yrs
T1129,Lakeshore Grand,D22,1254000,748.09,1676.27,2022-10-11,Resale,99 yrs
T2281,Sengkang Terrace,D19,1031000,720.0,1431.94,2020-03-15,Resale,99 yrs
T1294,Parc Meridian,D19,1647000,739.48,2227.24,2024-03-11,Sub Sale,99 yrs
T1546,Riverbend Suites,D05,1826000,730.0,2501.37,2024-01-21,Resale,99 yrs
T1576,Riverbend Suites,D05,2240000,949.38,2359.44,2026-06-14,New Sale,99 yrs
T2051,Tanjong Heights,D15,1761000,704.0,2501.42,2021-01-04,Resale,Freehold
T2482,Pasir View Residences,D18,1243000,676.0,1838.76,2023-12-12,Resale,99 yrs
T1320,Parc Meridian,D19,982000,528.0,1859.85,2023-04-08,New Sale,99 yrs
T2272,Sengkang Terrace,D19,1118000,754.0,1482.76,2022-06-21,Resale,99 yrs
T2721,Queens Parkview,D03,3039000,1498.33,2028.25,2021-09-30,Resale,99 yrs
T2120,Tanjong Heights,D15,2868000,1130.0,2538.05,2024-06-25,Sub Sale,Freehold
T2737,Queens Parkview,D03,2618000,905.24,2892.04,2026-05-27,Resale,99 yrs
T1181,Lakeshore Grand,D22,1301000,745.0,1746.31,2023-04-01,Resale,99 yrs
T2683,Queens Parkview,D03,1842000,1033.0,1783.16,2020-03-21,Resale,99 yrs
T1256,Parc Meridian,D19,2157000,1099.0,1962.69,2023-04-10,Resale,99 yrs
T1007,Lakeshore Grand,D22,2019000,1055.0,1913.74,2025-12-07,Resale,99 yrs
T2055,Tanjong Heights,D15,2293000,962.0,2383.58,2025-03-29,Resale,Freehold
T1579,Riverbend Suites,D05,2804000,1049.0,2673.02,2026-04-03,Resale,99 yrs
T2104,Tanjong Heights,D15,1482000,515.0,2877.67,2024-06-26,Resale,Freehold
T1279,Parc Meridian,D19,1036000,542.0,1911.44,2021-09-07,Resale,99 yrs
T1723,Marina Vue,D01,2689000,932.0,2885.19,2025-12-13,Resale,99 yrs
T1492,The Orchid Residences,D10,4221000,1097.92,3844.55,2025-12-03,Resale,Freehold
T1665,Riverbend Suites,D05,1371000,724.0,1893.65,2020-08-08,Resale,99 yrs
T1709,Marina Vue,D01,3476000,1358.0,2559.65,2020-10-04,Resale,99 yrs
T1483,The Orchid Residences,D10,3509000,1008.58,3479.16,2026-02-06,New Sale,Freehold
T2412,Holland Crest,D10,2631000,767.0,3430.25,2025-05-09,Resale,Freehold
T2608,Pasir View Residences,D18,1164000,757.0,1537.65,2021-05-09,Resale,99 yrs
T1130,Lakeshore Grand,D22,1252000,765.0,1636.6,2021-06-01,Resale,99 yrs
T1494,The Orchid Residences,D10,1888000,683.51,2762.22,2021-05-22,Sub Sale,Freehold
T2553,Pasir View Residences,D18,2204000,1488.65,1480.54,2020-03-25,Sub Sale,99 yrs
T2252,Sengkang Terrace,D19,1318000,950.45,1386.71,2020-02-24,New Sale,99 yrs
T1545,Riverbend Suites,D05,1762000,1034.0,1704.06,2021-09-02,Resale,99 yrs
T2053,Tanjong Heights,D15,1522000,676.0,2251.48,2021-02-05,Resale,Freehold
T2602,Pasir View Residences,D18,1714000,1035.49,1655.26,2020-08-04,Resale,99 yrs
T2828,Westwood Gardens,D22,1870000,1372.0,1362.97,2021-12-28,Resale,99 yrs
T2182,Sengkang Terrace,D19,1657000,920.0,1801.09,2025-10-10,Resale,99 yrs
T2666,Queens Parkview,D03,2184000,993.0,2199.4,2020-05-14,Resale,99 yrs
T1760,Marina Vue,D01,2130000,735.0,2897.96,2024-12-05,Resale,99 yrs
T2530,Pasir View Residences,D18,1403000,650.14,2158.0,2026-02-05,Resale,99 yrs
T2558,Pasir View Residences,D18,2250000,1253.0,1795.69,2024-01-21,Resale,99 yrs
T2184,Sengkang Terrace,D19,1726000,1037.0,1664.42,2023-02-12,Sub Sale,99 yrs
T2264,Sengkang Terrace,D19,1960000,930.0,2107.53,2025-06-23,New Sale,99 yrs
T2336,Sengkang Terrace,D19,1581000,722.0,2189.75,2025-05-14,Resale,99 yrs
T1970,Bukit Verde,D23,1444000,685.0,2108.03,2025-12-11,New Sale,99 yrs
T1661,Riverbend Suites,D05,1093000,558.0,1958.78,2021-11-25,Resale,99 yrs
T2135,Tanjong Heights,D15,1665000,715.0,2328.67,2020-06-24,Resale,Freehold
T1385,Parc Meridian,D19,1970000,1071.0,1839.4,2022-11-02,New Sale,99 yrs
T2468,Pasir View Residences,D18,2575000,1449.0,1777.09,2024-01-25,Resale,99 yrs
T2049,Tanjong Heights,D15,3102000,1021.49,3036.73,2026-04-28,New Sale,Freehold
T2084,Tanjong Heights,D15,2338000,989.0,2364.0,2023-11-26,Resale,Freehold
T1023,Lakeshore Grand,D22,2126000,969.83,2192.14,2025-03-17,New Sale,99 yrs
T1497,The Orchid Residences,D10,2906000,930.0,3124.73,2024-01-02,Resale,Freehold
T2711,Queens Parkview,D03,1295000,696.42,1859.5,2020-05-05,Sub Sale,99 yrs
T1601,Riverbend Suites,D05,1945000,1032.26,1884.22,2021-10-31,Resale,99 yrs
T1140,Lakeshore Grand,D22,1277000,747.0,1709.5,2024-03-22,Resale,99 yrs
T2707,Queens Parkview,D03,1696000,745.0,2276.51,2022-10-26,Sub Sale,99 yrs
T2819,Westwood Gardens,D22,1241000,783.0,1584.93,2023-10-17,New Sale,99 yrs
T1412,The Orchid Residences,D10,2709000,969.0,2795.67,2022-10-21,Resale,Freehold
T1830,Bukit Verde,D23,752000,486.0,1547.33,2021-04-05,Resale,99 yrs
T1292,Parc Meridian,D19,1132000,683.51,1656.16,2021-02-20,Resale,99 yrs
T1858,Bukit Verde,D23,966000,481.0,2008.32,2024-11-30,Resale,99 yrs
T2326,Sengkang Terrace,D19,1233000,688.89,1789.84,2025-04-21,Resale,99 yrs
T2599,Pasir View Residences,D18,2690000,1412.22,1904.8,2025-09-26,New Sale,99 yrs
T1152,Lakeshore Grand,D22,1661000,1008.58,1646.87,2023-11-03,New Sale,99 yrs
T1054,Lakeshore Grand,D22,2010000,955.83,2102.87,2026-04-30,New Sale,99 yrs
T1652,Riverbend Suites,D05,3614000,1331.0,2715.25,2026-05-05,Resale,99 yrs
T1752,Marina Vue,D01,1308000,542.5,2411.06,2023-04-27,Resale,99 yrs
T2323,Sengkang Terrace,D19,2184000,1027.0,2126.58,2025-09-28,Sub Sale,99 yrs
T2088,Tanjong Heights,D15,1819000,712.57,2552.73,2021-03-29,Resale,Freehold
T1556,Riverbend Suites,D05,2934000,1144.2,2564.23,2025-07-03,Resale,99 yrs
T1032,Lakeshore Grand,D22,1935000,1125.0,1720.0,2022-05-13,New Sale,99 yrs
T1029,Lakeshore Grand,D22,1610000,1049.48,1534.09,2020-11-24,Sub Sale,99 yrs
T2620,Queens Parkview,D03,1264000,503.0,2512.92,2024-03-27,Resale,99 yrs
T2673,Queens Parkview,D03,2757000,1141.0,2416.3,2021-11-03,Sub Sale,99 yrs
T1474,The Orchid Residences,D10,3750000,1252.0,2995.21,2022-06-05,Resale,Freehold
T1043,Lakeshore Grand,D22,1016000,526.35,1930.26,2024-08-22,Sub Sale,99 yrs
T1582,Riverbend Suites,D05,1288000,688.0,1872.09,2021-03-03,Resale,99 yrs
T1204,Lakeshore Grand,D22,1187000,705.0,1683.69,2021-12-20,Sub Sale,99 yrs
T2811,Westwood Gardens,D22,811000,499.0,1625.25,2024-02-06,New Sale,99 yrs
T2754,Westwood Gardens,D22,643000,496.0,1296.37,2020-01-13,Resale,99 yrs
T1521,Riverbend Suites,D05,1908000,761.0,2507.23,2025-03-11,New Sale,99 yrs
T1683,Riverbend Suites,D05,1563000,759.0,2059.29,2021-12-03,Resale,99 yrs
T2091,Tanjong Heights,D15,2063000,666.0,3097.6,2026-01-14,Resale,Freehold
T1915,Bukit Verde,D23,1061000,791.0,1341.34,2020-08-28,Resale,99 yrs
T1376,Parc Meridian,D19,2362000,1345.0,1756.13,2021-05-17,Resale,99 yrs
T2757,Westwood Gardens,D22,2076000,1305.0,1590.8,2023-11-10,Resale,99 yrs
T2713,Queens Parkview,D03,1617000,668.0,2420.66,2023-03-26,Resale,99 yrs
T1189,Lakeshore Grand,D22,2840000,1407.92,2017.16,2025-10-11,Resale,99 yrs
T1611,Riverbend Suites,D05,1486000,793.0,1873.9,2021-07-30,New Sale,99 yrs
T2433,Pasir View Residences,D18,1113000,760.0,1464.47,2020-01-11,New Sale,99 yrs
T1674,Riverbend Suites,D05,1380000,555.0,2486.49,2024-05-19,Resale,99 yrs
T1046,Lakeshore Grand,D22,1071000,569.0,1882.25,2024-12-15,Resale,99 yrs
T1381,Parc Meridian,D19,1520000,1006.0,1510.93,2021-08-03,New Sale,99 yrs
T1403,The Orchid Residences,D10,4656000,1306.0,3565.08,2026-01-25,Resale,Freehold
T2680,Queens Parkview,D03,2799000,1134.0,2468.25,2024-11-19,Sub Sale,99 yrs
T1656,Riverbend Suites,D05,1405000,546.0,2573.26,2026-04-11,Resale,99 yrs
T2032,Tanjong Heights,D15,1739000,785.76,2213.13,2021-01-01,Resale,Freehold
T2138,Tanjong Heights,D15,2243000,908.47,2468.98,2023-09-28,Resale,Freehold
T2688,Queens Parkview,D03,2439000,994.0,2453.72,2025-01-31,Resale,99 yrs
T1426,The Orchid Residences,D10,2250000,699.65,3215.88,2022-10-11,Resale,Freehold
T2589,Pasir View Residences,D18,1033000,551.11,1874.39,2024-04-27,Resale,99 yrs
T2069,Tanjong Heights,D15,1596000,535.0,2983.18,2025-02-04,Sub Sale,Freehold
T1845,Bukit Verde,D23,2073000,1397.0,1483.89,2021-01-19,Resale,99 yrs
T1243,Parc Meridian,D19,1176000,697.0,1687.23,2022-02-25,Sub Sale,99 yrs
T1240,Parc Meridian,D19,1162000,750.0,1549.33,2020-12-20,Resale,99 yrs
T2640,Queens Parkview,D03,1990000,781.46,2546.52,2025-07-23,Resale,99 yrs
T1900,Bukit Verde,D23,1828000,988.0,1850.2,2024-03-10,Resale,99 yrs
T1341,Parc Meridian,D19,2060000,1280.9,1608.24,2021-05-18,New Sale,99 yrs
T2149,Tanjong Heights,D15,3427000,1443.0,2374.91,2022-05-28,New Sale,Freehold
T1773,Marina Vue,D01,1633000,552.0,2958.33,2024-07-29,Resale,99 yrs
T1180,Lakeshore Grand,D22,1614000,991.0,1628.66,2022-09-27,Resale,99 yrs
T2455,Pasir View Residences,D18,1264000,902.0,1401.33,2020-04-24,Resale,99 yrs
T1667,Riverbend Suites,D05,1674000,727.0,2302.61,2023-08-02,Resale,99 yrs
T2029,Tanjong Heights,D15,2709000,1004.0,2698.21,2023-10-23,Resale,Freehold
T1750,Marina Vue,D01,3207000,1330.0,2411.28,2025-11-10,Resale,99 yrs
T2522,Pasir View Residences,D18,1944000,1119.0,1737.27,2021-10-31,Resale,99 yrs
T2077,Tanjong Heights,D15,2752000,1027.0,2679.65,2024-08-05,Resale,Freehold
T1846,Bukit Verde,D23,1180000,725.0,1627.59,2024-01-24,New Sale,99 yrs
T2254,Sengkang Terrace,D19,1036000,729.0,1421.12,2020-07-23,Resale,99 yrs
T2576,Pasir View Residences,D18,2413000,1358.0,1776.88,2023-04-17,Resale,99 yrs
T1812,Bukit Verde,D23,1139000,681.0,1672.54,2022-04-02,Resale,99 yrs
T2446,Pasir View Residences,D18,1569000,932.15,1683.2,2022-03-15,Resale,99 yrs
T2127,Tanjong Heights,D15,2220000,734.0,3024.52,2025-08-02,Resale,Freehold
T1564,Riverbend Suites,D05,1130000,553.26,2042.42,2022-10-28,Resale,99 yrs
T2836,Westwood Gardens,D22,1112000,740.0,1502.7,2022-05-20,Sub Sale,99 yrs
T1264,Parc Meridian,D19,1491000,652.0,2286.81,2026-01-06,Resale,99 yrs
T1215,Parc Meridian,D19,1090000,486.0,2242.8,2024-08-02,Resale,99 yrs
T2434,Pasir View Residences,D18,1100000,717.0,1534.17,2021-07-13,Resale,99 yrs
T1436,The Orchid Residences,D10,1325000,504.0,2628.97,2020-05-16,Resale,Freehold
T1312,Parc Meridian,D19,1655000,751.0,2203.73,2024-05-31,Resale,99 yrs
T1010,Lakeshore Grand,D22,1138000,663.0,1716.44,2022-07-13,Resale,99 yrs
T2659,Queens Parkview,D03,1416000,523.13,2706.81,2025-06-09,Resale,99 yrs
T2078,Tanjong Heights,D15,1928000,702.88,2742.99,2025-03-25,Resale,Freehold
T1134,Lakeshore Grand,D22,1164000,551.0,2112.52,2025-03-25,Resale,99 yrs
T2499,Pasir View Residences,D18,2145000,1115.0,1923.77,2022-10-26,Resale,99 yrs
T1137,Lakeshore Grand,D22,1589000,755.0,2104.64,2025-10-05,Resale,99 yrs
T1694,Marina Vue,D01,1160000,514.0,2256.81,2020-06-01,Resale,99 yrs
T1484,The Orchid Residences,D10,3654000,1287.0,2839.16,2021-06-23,New Sale,Freehold
T2082,Tanjong Heights,D15,2544000,1122.67,2266.02,2023-06-10,Resale,Freehold
T1917,Bukit Verde,D23,1500000,983.0,1525.94,2020-09-30,Resale,99 yrs
T2643,Queens Parkview,D03,1987000,1000.0,1987.0,2021-04-21,New Sale,99 yrs
T2465,Pasir View Residences,D18,1396000,675.0,2068.15,2025-04-07,New Sale,99 yrs
T2282,Sengkang Terrace,D19,1297000,670.0,1935.82,2023-06-29,Resale,99 yrs
T2554,Pasir View Residences,D18,2165000,985.97,2195.8,2026-06-15,New Sale,99 yrs
T2246,Sengkang Terrace,D19,1241000,739.0,1679.3,2023-07-03,Resale,99 yrs
T1976,Bukit Verde,D23,962000,759.0,1267.46,2020-09-04,New Sale,99 yrs
T2436,Pasir View Residences,D18,1628000,932.0,1746.78,2023-02-02,Resale,99 yrs
T2119,Tanjong Heights,D15,3918000,1361.63,2877.43,2025-12-27,Resale,Freehold
T2575,Pasir View Residences,D18,2288000,1366.0,1674.96,2022-04-04,New Sale,99 yrs
T1017,Lakeshore Grand,D22,2130000,1020.0,2088.24,2025-10-22,Resale,99 yrs
T1049,Lakeshore Grand,D22,1140000,566.0,2014.13,2024-10-21,Resale,99 yrs
T1595,Riverbend Suites,D05,1143000,515.0,2219.42,2024-06-17,Resale,99 yrs
T1082,Lakeshore Grand,D22,2066000,930.0,2221.51,2025-10-29,Resale,99 yrs
T1629,Riverbend Suites,D05,1172000,553.0,2119.35,2022-08-25,Resale,99 yrs
T2844,Westwood Gardens,D22,1045000,690.0,1514.49,2023-11-06,Resale,99 yrs
T1575,Riverbend Suites,D05,1857000,992.0,1871.98,2022-07-17,New Sale,99 yrs
T1175,Lakeshore Grand,D22,828000,500.0,1656.0,2022-07-12,Resale,99 yrs
T1902,Bukit Verde,D23,1886000,1058.09,1782.45,2022-10-22,Resale,99 yrs
T2173,Sengkang Terrace,D19,2672000,1450.0,1842.76,2023-12-13,Resale,99 yrs
T1528,Riverbend Suites,D05,973000,508.0,1915.35,2022-12-27,Sub Sale,99 yrs
T1159,Lakeshore Grand,D22,2641000,1137.74,2321.26,2026-03-09,New Sale,99 yrs
T2335,Sengkang Terrace,D19,1768000,1011.0,1748.76,2023-10-20,New Sale,99 yrs
T1630,Riverbend Suites,D05,3140000,1434.0,2189.68,2024-04-15,Resale,99 yrs
T2752,Westwood Gardens,D22,1531000,990.0,1546.46,2024-07-12,Resale,99 yrs
T2293,Sengkang Terrace,D19,1280000,953.0,1343.13,2020-05-04,New Sale,99 yrs
T1869,Bukit Verde,D23,1427000,786.0,1815.52,2024-07-07,New Sale,99 yrs
T1570,Riverbend Suites,D05,1628000,692.0,2352.6,2025-08-19,Resale,99 yrs
T2144,Tanjong Heights,D15,1533000,680.0,2254.41,2021-03-21,Resale,Freehold
T1396,Parc Meridian,D19,2407000,1263.0,1905.78,2023-09-08,New Sale,99 yrs
T2095,Tanjong Heights,D15,3036000,1024.72,2962.75,2026-03-22,Resale,Freehold
T2152,Sengkang Terrace,D19,1306000,722.0,1808.86,2022-04-05,Resale,99 yrs
T2011,Tanjong Heights,D15,2878000,978.0,2942.74,2024-06-03,Resale,Freehold
T2627,Queens Parkview,D03,2108000,1016.0,2074.8,2022-02-06,Resale,99 yrs
T1849,Bukit Verde,D23,1545000,788.99,1958.19,2023-10-11,Resale,99 yrs
T1884,Bukit Verde,D23,1641000,917.0,1789.53,2024-09-03,Resale,99 yrs
T2625,Queens Parkview,D03,1570000,656.6,2391.11,2022-08-19,Resale,99 yrs
T1826,Bukit Verde,D23,1476000,1044.0,1413.79,2020-12-28,Resale,99 yrs
T2036,Tanjong Heights,D15,2999000,990.28,3028.44,2025-11-10,Resale,Freehold
T2442,Pasir View Residences,D18,2283000,1043.0,2188.88,2026-05-23,Resale,99 yrs
T1259,Parc Meridian,D19,1561000,689.97,2262.43,2025-08-31,Resale,99 yrs
T2569,Pasir View Residences,D18,2129000,1094.0,1946.07,2025-05-09,Resale,99 yrs
T1922,Bukit Verde,D23,1300000,901.0,1442.84,2020-04-29,Resale,99 yrs
T1542,Riverbend Suites,D05,1844000,716.0,2575.42,2025-11-16,Sub Sale,99 yrs
T1516,The Orchid Residences,D10,4584000,1361.63,3366.55,2023-01-26,Resale,Freehold
T1431,The Orchid Residences,D10,2828000,997.0,2836.51,2022-01-29,New Sale,Freehold
T2778,Westwood Gardens,D22,1109000,743.0,1492.6,2020-12-29,Resale,99 yrs
T1871,Bukit Verde,D23,1248000,773.0,1614.49,2022-07-13,New Sale,99 yrs
T2411,Holland Crest,D10,1720000,487.0,3531.83,2023-04-18,Resale,Freehold
T2287,Sengkang Terrace,D19,849000,522.0,1626.44,2022-01-02,New Sale,99 yrs
T1771,Marina Vue,D01,3881000,1371.32,2830.12,2024-03-08,Resale,99 yrs
T1485,The Orchid Residences,D10,1438000,501.0,2870.26,2022-06-26,Resale,Freehold
T2464,Pasir View Residences,D18,1047000,563.0,1859.68,2024-10-19,New Sale,99 yrs
T1531,Riverbend Suites,D05,2195000,1138.0,1928.82,2021-05-04,Resale,99 yrs
T2687,Queens Parkview,D03,2397000,1118.0,2144.01,2022-03-28,Resale,99 yrs
T2512,Pasir View Residences,D18,1268000,772.0,1642.49,2021-11-11,Resale,99 yrs
T2397,Holland Crest,D10,3050000,988.13,3086.65,2024-04-23,Resale,Freehold
T1533,Riverbend Suites,D05,2171000,1065.63,2037.3,2021-12-17,New Sale,99 yrs
T1463,The Orchid Residences,D10,2360000,791.0,2983.57,2024-10-21,New Sale,Freehold
T2794,Westwood Gardens,D22,2252000,1385.31,1625.62,2026-02-06,New Sale,99 yrs
T1384,Parc Meridian,D19,2401000,1095.77,2191.16,2025-03-31,Resale,99 yrs
T2822,Westwood Gardens,D22,1251000,703.0,1779.52,2026-07-16,New Sale,99 yrs
T2410,Holland Crest,D10,1650000,579.0,2849.74,2021-05-16,Resale,Freehold
T2755,Westwood Gardens,D22,1024000,756.7,1353.24,2020-08-08,New Sale,99 yrs
T1919,Bukit Verde,D23,1496000,671.0,2229.51,2025-07-13,Resale,99 yrs
T1173,Lakeshore Grand,D22,1490000,721.0,2066.57,2025-10-23,Resale,99 yrs
T2509,Pasir View Residences,D18,1422000,916.0,1552.4,2020-11-13,New Sale,99 yrs
T1092,Lakeshore Grand,D22,1780000,983.0,1810.78,2024-08-04,Resale,99 yrs
T2056,Tanjong Heights,D15,1442000,529.0,2725.9,2023-07-30,New Sale,Freehold
T1969,Bukit Verde,D23,1866000,1375.0,1357.09,2020-03-25,Resale,99 yrs
T1724,Marina Vue,D01,3135000,1071.0,2927.17,2026-04-09,Resale,99 yrs
T1100,Lakeshore Grand,D22,1194000,784.0,1522.96,2021-09-13,Resale,99 yrs
T1124,Lakeshore Grand,D22,2638000,1398.0,1886.98,2024-04-17,Resale,99 yrs
T1772,Marina Vue,D01,1867000,739.0,2526.39,2022-04-10,Resale,99 yrs
T1571,Riverbend Suites,D05,2430000,1369.0,1775.02,2021-10-03,Resale,99 yrs
T1361,Parc Meridian,D19,2096000,1024.0,2046.88,2025-06-22,Resale,99 yrs
T1924,Bukit Verde,D23,2381000,1481.0,1607.7,2021-07-31,Resale,99 yrs
T2337,Sengkang Terrace,D19,1131000,766.39,1475.75,2021-05-03,Resale,99 yrs
T1905,Bukit Verde,D23,762000,556.0,1370.5,2020-11-09,Resale,99 yrs
T1166,Lakeshore Grand,D22,1745000,1126.98,1548.39,2021-11-05,Resale,99 yrs
T1272,Parc Meridian,D19,2133000,1418.0,1504.23,2020-03-16,Resale,99 yrs
T1632,Riverbend Suites,D05,2874000,1492.0,1926.27,2020-07-29,Resale,99 yrs
T1791,Bukit Verde,D23,1267000,677.0,1871.49,2024-08-19,New Sale,99 yrs
T1973,Bukit Verde,D23,991000,716.0,1384.08,2021-02-08,Resale,99 yrs
T2768,Westwood Gardens,D22,2392000,1373.47,1741.57,2024-11-25,New Sale,99 yrs
T1055,Lakeshore Grand,D22,1584000,908.0,1744.49,2024-04-04,Resale,99 yrs
T2539,Pasir View Residences,D18,2811000,1360.0,2066.91,2026-03-22,New Sale,99 yrs
T2124,Tanjong Heights,D15,1475000,673.0,2191.68,2021-01-24,New Sale,Freehold
T1879,Bukit Verde,D23,1291000,796.0,1621.86,2022-04-20,Resale,99 yrs
T1390,Parc Meridian,D19,2626000,1132.36,2319.05,2026-02-18,New Sale,99 yrs
T2217,Sengkang Terrace,D19,1716000,1257.0,1365.16,2020-09-05,Resale,99 yrs
T2515,Pasir View Residences,D18,2345000,1357.0,1728.08,2024-01-09,Resale,99 yrs
T2016,Tanjong Heights,D15,1774000,736.0,2410.33,2022-12-17,Resale,Freehold
T2790,Westwood Gardens,D22,1913000,1008.0,1897.82,2025-12-22,Resale,99 yrs
T2669,Queens Parkview,D03,2884000,1113.0,2591.19,2024-12-19,Resale,99 yrs
T1364,Parc Meridian,D19,1384000,703.0,1968.71,2023-01-03,New Sale,99 yrs
T1817,Bukit Verde,D23,1240000,741.63,1671.99,2023-08-01,Resale,99 yrs
T2774,Westwood Gardens,D22,1250000,795.0,1572.33,2023-07-14,Resale,99 yrs
T2005,Bukit Verde,D23,1089000,705.04,1544.6,2021-05-27,Resale,99 yrs
T1687,Riverbend Suites,D05,1053000,508.0,2072.83,2023-05-09,Resale,99 yrs
T2255,Sengkang Terrace,D19,1298000,664.0,1954.82,2025-01-22,New Sale,99 yrs
T1417,The Orchid Residences,D10,3594000,1404.0,2559.83,2020-02-17,Resale,Freehold
T1510,The Orchid Residences,D10,1998000,672.74,2969.93,2024-01-27,New Sale,Freehold
T2483,Pasir View Residences,D18,1077000,559.0,1926.65,2023-09-12,Resale,99 yrs
T1940,Bukit Verde,D23,1361000,958.0,1420.67,2020-11-27,Resale,99 yrs
T2097,Tanjong Heights,D15,1479000,668.0,2214.07,2021-12-20,New Sale,Freehold
T2829,Westwood Gardens,D22,1012000,513.0,1972.71,2025-12-23,Resale,99 yrs
T1375,Parc Meridian,D19,1981000,1027.95,1927.13,2022-02-12,Resale,99 yrs
T1269,Parc Meridian,D19,1132000,551.0,2054.45,2024-06-27,New Sale,99 yrs
T1287,Parc Meridian,D19,1218000,538.0,2263.94,2025-11-28,New Sale,99 yrs
T1429,The Orchid Residences,D10,1782000,571.0,3120.84,2025-04-24,Resale,Freehold
T1647,Riverbend Suites,D05,1313000,747.01,1757.66,2020-10-19,Resale,99 yrs
T2746,Westwood Gardens,D22,1354000,1038.0,1304.43,2020-04-28,Resale,99 yrs
T1371,Parc Meridian,D19,1484000,791.0,1876.11,2022-01-17,New Sale,99 yrs
T2749,Westwood Gardens,D22,1199000,788.0,1521.57,2025-05-07,Resale,99 yrs
T2377,Holland Crest,D10,3494000,1134.0,3081.13,2021-07-26,Resale,Freehold
T2432,Pasir View Residences,D18,935000,707.0,1322.49,2021-01-08,Resale,99 yrs
T1766,Marina Vue,D01,4231000,1460.0,2897.95,2026-04-06,Resale,99 yrs
T2408,Holland Crest,D10,3674000,1108.0,3315.88,2023-04-21,Resale,Freehold
T1701,Marina Vue,D01,2613000,1067.0,2448.92,2021-06-14,Resale,99 yrs
T2413,Holland Crest,D10,2041000,660.0,3092.42,2021-07-10,Resale,Freehold
T2269,Sengkang Terrace,D19,1665000,942.0,1767.52,2022-10-22,New Sale,99 yrs
T2301,Sengkang Terrace,D19,1178000,661.98,1779.51,2024-11-05,Resale,99 yrs
T1971,Bukit Verde,D23,1404000,709.0,1980.25,2023-09-24,New Sale,99 yrs
T1998,Bukit Verde,D23,2917000,1406.84,2073.44,2025-07-30,Resale,99 yrs
T1066,Lakeshore Grand,D22,1809000,1108.0,1632.67,2024-04-07,Resale,99 yrs
T2581,Pasir View Residences,D18,982000,702.0,1398.86,2020-03-20,Resale,99 yrs
T1704,Marina Vue,D01,1315000,516.0,2548.45,2020-02-29,Resale,99 yrs
T2471,Pasir View Residences,D18,1138000,532.81,2135.83,2026-03-29,Resale,99 yrs
T1625,Riverbend Suites,D05,2731000,1145.0,2385.15,2024-04-06,New Sale,99 yrs
T2263,Sengkang Terrace,D19,1816000,913.86,1987.19,2024-02-06,Resale,99 yrs
T1928,Bukit Verde,D23,1037000,662.0,1566.47,2021-08-09,Resale,99 yrs
T2661,Queens Parkview,D03,1619000,695.35,2328.33,2022-04-28,New Sale,99 yrs
T1602,Riverbend Suites,D05,1442000,709.0,2033.85,2022-06-09,Resale,99 yrs
T2818,Westwood Gardens,D22,1786000,1140.0,1566.67,2026-04-18,Resale,99 yrs
T1933,Bukit Verde,D23,2190000,970.9,2255.63,2026-07-13,Resale,99 yrs
T1464,The Orchid Residences,D10,3034000,1062.4,2855.81,2023-02-17,Resale,Freehold
T1038,Lakeshore Grand,D22,2655000,1253.99,2117.23,2025-08-31,Resale,99 yrs
T1288,Parc Meridian,D19,2267000,1031.0,2198.84,2024-09-04,Resale,99 yrs
T1048,Lakeshore Grand,D22,1319000,668.0,1974.55,2024-08-22,New Sale,99 yrs
T1568,Riverbend Suites,D05,1914000,746.0,2565.68,2025-07-13,Resale,99 yrs
T1135,Lakeshore Grand,D22,1429000,908.0,1573.79,2021-03-10,Resale,99 yrs
T2094,Tanjong Heights,D15,2535000,1281.0,1978.92,2020-01-13,New Sale,Freehold
T2656,Queens Parkview,D03,1326000,563.0,2355.24,2022-04-10,Resale,99 yrs
T2605,Pasir View Residences,D18,1884000,999.0,1885.89,2024-01-11,New Sale,99 yrs
T2677,Queens Parkview,D03,1347000,506.0,2662.06,2025-10-10,Resale,99 yrs
T2366,Holland Crest,D10,2255000,671.0,3360.66,2023-01-11,New Sale,Freehold
T1909,Bukit Verde,D23,2331000,1116.0,2088.71,2025-02-15,New Sale,99 yrs
T1984,Bukit Verde,D23,1735000,1144.0,1516.61,2021-08-25,Sub Sale,99 yrs
T2338,Sengkang Terrace,D19,1335000,654.0,2041.28,2023-09-27,Sub Sale,99 yrs
T1239,Parc Meridian,D19,1714000,757.0,2264.2,2024-12-14,Resale,99 yrs
T2212,Sengkang Terrace,D19,2467000,1149.0,2147.08,2025-05-10,New Sale,99 yrs
T2365,Holland Crest,D10,1961000,651.22,3011.29,2022-06-25,Resale,Freehold
T2462,Pasir View Residences,D18,2105000,1145.0,1838.43,2023-12-22,Resale,99 yrs
T2840,Westwood Gardens,D22,1535000,1106.0,1387.88,2022-11-03,Resale,99 yrs
T1207,Lakeshore Grand,D22,1309000,736.0,1778.53,2023-02-12,Resale,99 yrs
T2385,Holland Crest,D10,1776000,691.0,2570.19,2020-03-09,New Sale,Freehold
T1328,Parc Meridian,D19,1723000,1023.65,1683.2,2022-07-26,Resale,99 yrs
T2307,Sengkang Terrace,D19,983000,767.47,1280.84,2020-04-16,Sub Sale,99 yrs
T1397,Parc Meridian,D19,1842000,973.0,1893.11,2022-01-24,Sub Sale,99 yrs
T1047,Lakeshore Grand,D22,2060000,1323.96,1555.94,2020-12-20,Resale,99 yrs
T1883,Bukit Verde,D23,1549000,975.0,1588.72,2021-01-30,Resale,99 yrs
T2459,Pasir View Residences,D18,1513000,754.0,2006.63,2023-12-16,Resale,99 yrs
T2718,Queens Parkview,D03,2991000,1297.05,2306.0,2021-06-07,Resale,99 yrs
T1378,Parc Meridian,D19,1385000,657.0,2108.07,2023-04-08,Resale,99 yrs
T2136,Tanjong Heights,D15,2640000,954.0,2767.3,2023-08-19,Sub Sale,Freehold
T1713,Marina Vue,D01,1988000,671.0,2962.74,2023-03-15,Resale,99 yrs
T1985,Bukit Verde,D23,1712000,937.0,1827.11,2023-10-02,Resale,99 yrs
T1036,Lakeshore Grand,D22,1701000,920.0,1848.91,2022-11-08,New Sale,99 yrs
T2538,Pasir View Residences,D18,1743000,1149.0,1516.97,2021-07-08,New Sale,99 yrs
T2449,Pasir View Residences,D18,2465000,1389.0,1774.66,2022-10-13,Resale,99 yrs
T2447,Pasir View Residences,D18,2334000,1061.32,2199.15,2025-12-28,New Sale,99 yrs
T1447,The Orchid Residences,D10,3459000,1054.0,3281.78,2024-05-17,Resale,Freehold
T2009,Bukit Verde,D23,1524000,1043.0,1461.17,2020-04-09,Resale,99 yrs
T2843,Westwood Gardens,D22,1130000,664.0,1701.81,2024-11-11,Resale,99 yrs
T2024,Tanjong Heights,D15,1496000,578.02,2588.14,2023-11-05,Resale,Freehold
T2839,Westwood Gardens,D22,789000,563.0,1401.42,2021-03-16,Resale,99 yrs
T1891,Bukit Verde,D23,1026000,799.0,1284.11,2020-10-11,Resale,99 yrs
T2309,Sengkang Terrace,D19,1742000,1104.0,1577.9,2021-10-08,New Sale,99 yrs
T1028,Lakeshore Grand,D22,1943000,950.0,2045.26,2025-12-07,Resale,99 yrs
T1604,Riverbend Suites,D05,1684000,922.47,1825.54,2021-05-31,Resale,99 yrs
T1309,Parc Meridian,D19,3255000,1453.0,2240.19,2026-04-20,New Sale,99 yrs
T2626,Queens Parkview,D03,1807000,682.0,2649.56,2025-08-11,Sub Sale,99 yrs
T2171,Sengkang Terrace,D19,2937000,1439.0,2041.0,2025-01-14,Resale,99 yrs
T1486,The Orchid Residences,D10,3489000,1100.07,3171.61,2021-07-01,Sub Sale,Freehold
T1854,Bukit Verde,D23,1297000,975.0,1330.26,2020-08-27,New Sale,99 yrs
T2580,Pasir View Residences,D18,1013000,777.0,1303.73,2020-04-23,Sub Sale,99 yrs
T1764,Marina Vue,D01,3675000,1453.0,2529.25,2021-05-05,Sub Sale,99 yrs
T2767,Westwood Gardens,D22,1919000,1011.0,1898.12,2025-10-07,Resale,99 yrs
T2111,Tanjong Heights,D15,2062000,694.0,2971.18,2025-05-10,Resale,Freehold
T1835,Bukit Verde,D23,2115000,971.0,2178.17,2025-09-07,New Sale,99 yrs
T2259,Sengkang Terrace,D19,1200000,682.43,1758.42,2022-11-04,Resale,99 yrs
T1490,The Orchid Residences,D10,2778000,971.0,2860.97,2021-10-07,New Sale,Freehold
T1342,Parc Meridian,D19,1633000,729.79,2237.62,2026-07-12,Resale,99 yrs
T1305,Parc Meridian,D19,1692000,992.43,1704.9,2021-11-15,Resale,99 yrs
T1987,Bukit Verde,D23,1620000,782.54,2070.19,2026-04-23,Resale,99 yrs
T1988,Bukit Verde,D23,1573000,736.0,2137.23,2026-04-10,New Sale,99 yrs
T1408,The Orchid Residences,D10,2221000,721.18,3079.67,2025-03-05,Resale,Freehold
T2848,Westwood Gardens,D22,1189000,750.24,1584.82,2024-09-14,Resale,99 yrs
T2748,Westwood Gardens,D22,1855000,1378.0,1346.15,2020-08-26,Resale,99 yrs
T2765,Westwood Gardens,D22,1670000,913.0,1829.13,2026-01-23,New Sale,99 yrs
T1936,Bukit Verde,D23,1661000,738.4,2249.45,2026-03-17,Resale,99 yrs
T1574,Riverbend Suites,D05,1855000,772.85,2400.21,2025-03-08,Resale,99 yrs
T1258,Parc Meridian,D19,1533000,682.43,2246.38,2024-09-12,Resale,99 yrs
T2591,Pasir View Residences,D18,1296000,715.8,1810.56,2024-03-18,Resale,99 yrs
T2588,Pasir View Residences,D18,1068000,670.0,1594.03,2020-10-22,Resale,99 yrs
T2324,Sengkang Terrace,D19,1758000,1112.0,1580.94,2020-09-07,Sub Sale,99 yrs
T2492,Pasir View Residences,D18,1034000,663.0,1559.58,2022-01-27,Sub Sale,99 yrs
T2525,Pasir View Residences,D18,1654000,984.0,1680.89,2022-06-19,Sub Sale,99 yrs
T1018,Lakeshore Grand,D22,1064000,658.0,1617.02,2021-09-16,Resale,99 yrs
T2744,Westwood Gardens,D22,959000,723.0,1326.42,2020-07-26,Sub Sale,99 yrs
T2399,Holland Crest,D10,1610000,525.0,3066.67,2021-12-14,Sub Sale,Freehold
T1864,Bukit Verde,D23,1224000,742.0,1649.6,2022-11-24,Resale,99 yrs
T1560,Riverbend Suites,D05,2480000,1059.0,2341.83,2024-02-04,New Sale,99 yrs
T2143,Tanjong Heights,D15,1830000,762.08,2401.31,2023-02-22,Sub Sale,Freehold
T1205,Lakeshore Grand,D22,1957000,1077.47,1816.3,2024-05-20,New Sale,99 yrs
T1670,Riverbend Suites,D05,1497000,904.0,1655.97,2020-08-14,Resale,99 yrs
T1470,The Orchid Residences,D10,1999000,688.0,2905.52,2023-11-16,Resale,Freehold
T1700,Marina Vue,D01,3285000,1122.0,2927.81,2025-05-25,Resale,99 yrs
T1462,The Orchid Residences,D10,3328000,1047.0,3178.61,2025-11-14,Resale,Freehold
T2714,Queens Parkview,D03,2993000,1426.0,2098.88,2021-06-13,Resale,99 yrs
T1561,Riverbend Suites,D05,1819000,705.0,2580.14,2025-03-20,New Sale,99 yrs
T2141,Tanjong Heights,D15,2426000,920.0,2636.96,2024-03-21,New Sale,Freehold
T1409,The Orchid Residences,D10,3395000,1116.0,3042.11,2024-01-06,Sub Sale,Freehold
T2340,Sengkang Terrace,D19,2153000,1303.51,1651.7,2022-05-10,Resale,99 yrs
T1410,The Orchid Residences,D10,3568000,1018.0,3504.91,2026-03-21,Resale,Freehold
T2529,Pasir View Residences,D18,2347000,1376.0,1705.67,2023-08-04,Resale,99 yrs
T1706,Marina Vue,D01,1406000,573.0,2453.75,2021-03-04,Resale,99 yrs
T2466,Pasir View Residences,D18,1850000,1039.0,1780.56,2024-03-10,Resale,99 yrs
T2613,Queens Parkview,D03,2303000,975.0,2362.05,2023-03-11,Resale,99 yrs
T1926,Bukit Verde,D23,2043000,1416.0,1442.8,2020-10-14,Resale,99 yrs
T2689,Queens Parkview,D03,3244000,1141.0,2843.12,2024-12-12,Resale,99 yrs
T2563,Pasir View Residences,D18,1392000,909.0,1531.35,2020-08-31,Resale,99 yrs
T2523,Pasir View Residences,D18,2217000,1385.0,1600.72,2020-08-01,Resale,99 yrs
T2646,Queens Parkview,D03,1381000,536.04,2576.29,2024-06-26,Resale,99 yrs
T1223,Parc Meridian,D19,1437000,944.0,1522.25,2020-02-16,New Sale,99 yrs
T1607,Riverbend Suites,D05,1890000,908.0,2081.5,2024-08-30,Resale,99 yrs
T2314,Sengkang Terrace,D19,740000,555.0,1333.33,2020-11-24,Resale,99 yrs
T1953,Bukit Verde,D23,1449000,979.51,1479.3,2022-07-15,Resale,99 yrs
T2312,Sengkang Terrace,D19,1019000,515.59,1976.37,2026-04-13,Resale,99 yrs
T2014,Tanjong Heights,D15,3437000,1069.0,3215.15,2026-01-19,Resale,Freehold
T1072,Lakeshore Grand,D22,2872000,1424.0,2016.85,2025-03-13,Resale,99 yrs
T2601,Pasir View Residences,D18,1497000,920.0,1627.17,2023-10-20,Resale,99 yrs
T1333,Parc Meridian,D19,927000,511.0,1814.09,2024-03-18,New Sale,99 yrs
T2363,Holland Crest,D10,5163000,1463.0,3529.05,2025-12-07,Sub Sale,Freehold
T2407,Holland Crest,D10,2621000,762.0,3439.63,2025-07-12,Resale,Freehold
T1202,Lakeshore Grand,D22,1466000,954.76,1535.47,2020-02-24,Resale,99 yrs
T2167,Sengkang Terrace,D19,1238000,686.0,1804.66,2023-02-03,Resale,99 yrs
T2266,Sengkang Terrace,D19,1354000,1061.32,1275.77,2020-04-01,Resale,99 yrs
T1468,The Orchid Residences,D10,2849000,984.0,2895.33,2020-09-07,New Sale,Freehold
T1878,Bukit Verde,D23,1046000,708.26,1476.85,2020-06-28,Resale,99 yrs
T2113,Tanjong Heights,D15,2203000,751.0,2933.42,2026-06-05,Resale,Freehold
T2633,Queens Parkview,D03,2103000,1091.46,1926.78,2020-01-02,Resale,99 yrs
T1093,Lakeshore Grand,D22,2088000,1278.0,1633.8,2021-12-25,Resale,99 yrs
T1910,Bukit Verde,D23,1268000,682.0,1859.24,2025-09-03,Resale,99 yrs
T1407,The Orchid Residences,D10,1484000,500.52,2964.91,2021-10-04,Resale,Freehold
T1136,Lakeshore Grand,D22,1338000,788.99,1695.83,2022-10-17,Resale,99 yrs
T2358,Holland Crest,D10,2562000,789.0,3247.15,2024-05-07,Resale,Freehold
T1972,Bukit Verde,D23,1531000,903.0,1695.46,2024-06-07,Resale,99 yrs
T1620,Riverbend Suites,D05,1445000,764.24,1890.77,2020-04-29,Resale,99 yrs
T2251,Sengkang Terrace,D19,837000,487.0,1718.69,2022-10-26,Resale,99 yrs
T1277,Parc Meridian,D19,2065000,1097.0,1882.41,2022-08-21,Resale,99 yrs
T2593,Pasir View Residences,D18,1422000,685.0,2075.91,2024-11-25,Resale,99 yrs
T1623,Riverbend Suites,D05,2174000,1014.0,2143.98,2023-08-01,Resale,99 yrs
T2760,Westwood Gardens,D22,1101000,731.0,1506.16,2022-06-12,Resale,99 yrs
T2813,Westwood Gardens,D22,1415000,1129.13,1253.17,2020-02-17,Sub Sale,99 yrs
T2479,Pasir View Residences,D18,2421000,1349.0,1794.66,2024-02-16,Resale,99 yrs
T1831,Bukit Verde,D23,850000,548.0,1551.09,2022-03-31,Resale,99 yrs
T1456,The Orchid Residences,D10,2257000,794.0,2842.57,2020-08-31,New Sale,Freehold
T1495,The Orchid Residences,D10,3202000,1052.0,3043.73,2023-03-10,Resale,Freehold
T2362,Holland Crest,D10,3237000,915.0,3537.7,2024-02-02,Resale,Freehold
T1832,Bukit Verde,D23,832000,552.19,1506.73,2022-10-02,Resale,99 yrs
T1330,Parc Meridian,D19,961000,558.0,1722.22,2021-05-12,New Sale,99 yrs
T2382,Holland Crest,D10,2169000,771.77,2810.42,2021-01-06,Resale,Freehold
T1329,Parc Meridian,D19,1796000,785.0,2287.9,2025-10-16,Sub Sale,99 yrs
T1261,Parc Meridian,D19,1892000,953.68,1983.89,2024-06-06,New Sale,99 yrs
T1892,Bukit Verde,D23,2213000,1089.0,2032.14,2024-09-04,Resale,99 yrs
T1178,Lakeshore Grand,D22,2213000,1029.0,2150.63,2025-01-11,New Sale,99 yrs
T2083,Tanjong Heights,D15,1116000,536.04,2081.93,2020-09-14,Sub Sale,Freehold
T1873,Bukit Verde,D23,1906000,915.0,2083.06,2026-06-06,New Sale,99 yrs
T1405,The Orchid Residences,D10,4389000,1452.0,3022.73,2021-07-26,Resale,Freehold
T1807,Bukit Verde,D23,1286000,682.43,1884.44,2025-05-17,Resale,99 yrs
T2514,Pasir View Residences,D18,2035000,1115.14,1824.88,2026-01-19,Resale,99 yrs
T2542,Pasir View Residences,D18,800000,493.0,1622.72,2022-05-24,Sub Sale,99 yrs
T1391,Parc Meridian,D19,1904000,902.0,2110.86,2023-12-27,New Sale,99 yrs
T2798,Westwood Gardens,D22,2551000,1385.31,1841.46,2026-06-18,Resale,99 yrs
T1901,Bukit Verde,D23,1969000,1358.0,1449.93,2020-10-28,Resale,99 yrs
T2800,Westwood Gardens,D22,1227000,786.0,1561.07,2023-10-30,Resale,99 yrs
T1444,The Orchid Residences,D10,2769000,1133.44,2443.01,2020-05-11,Resale,Freehold
T1268,Parc Meridian,D19,1885000,1137.0,1657.87,2022-05-10,New Sale,99 yrs
T1012,Lakeshore Grand,D22,1138000,674.9,1686.18,2022-10-26,Sub Sale,99 yrs
T2803,Westwood Gardens,D22,1214000,754.0,1610.08,2023-08-05,Resale,99 yrs
T1606,Riverbend Suites,D05,1167000,555.0,2102.7,2022-10-17,Resale,99 yrs
T1534,Riverbend Suites,D05,1618000,783.0,2066.41,2023-01-13,Resale,99 yrs
T2304,Sengkang Terrace,D19,1943000,1305.0,1488.89,2022-02-10,New Sale,99 yrs
T2101,Tanjong Heights,D15,1655000,679.0,2437.41,2022-03-13,Resale,Freehold
T1565,Riverbend Suites,D05,2392000,1021.0,2342.8,2024-08-14,Sub Sale,99 yrs
T2389,Holland Crest,D10,3740000,1074.0,3482.31,2023-03-21,Resale,Freehold
T1955,Bukit Verde,D23,1743000,1005.0,1734.33,2023-05-24,Resale,99 yrs
T1280,Parc Meridian,D19,1628000,766.0,2125.33,2023-12-17,Resale,99 yrs
T2644,Queens Parkview,D03,2184000,987.0,2212.77,2022-05-22,Resale,99 yrs
T1249,Parc Meridian,D19,1945000,793.0,2452.71,2025-04-10,New Sale,99 yrs
T1395,Parc Meridian,D19,992000,538.0,1843.87,2022-06-20,Resale,99 yrs
T1466,The Orchid Residences,D10,2411000,756.0,3189.15,2025-10-21,Resale,Freehold
T1425,The Orchid Residences,D10,2189000,730.0,2998.63,2021-08-16,Resale,Freehold
T1844,Bukit Verde,D23,1148000,678.0,1693.22,2023-04-22,Resale,99 yrs
T2392,Holland Crest,D10,3111000,978.44,3179.56,2022-04-24,Resale,Freehold
T2279,Sengkang Terrace,D19,2079000,990.0,2100.0,2026-01-30,New Sale,99 yrs
T2782,Westwood Gardens,D22,1263000,706.0,1788.95,2026-02-24,Resale,99 yrs
T2073,Tanjong Heights,D15,1378000,492.0,2800.81,2024-09-07,Resale,Freehold
T2670,Queens Parkview,D03,2510000,980.0,2561.22,2024-04-05,Resale,99 yrs
T1065,Lakeshore Grand,D22,1057000,573.0,1844.68,2023-07-10,Resale,99 yrs
T2550,Pasir View Residences,D18,1786000,1275.52,1400.21,2020-04-28,Resale,99 yrs
T1810,Bukit Verde,D23,1582000,796.0,1987.44,2025-08-31,Resale,99 yrs
T1808,Bukit Verde,D23,1480000,972.0,1522.63,2020-08-30,Resale,99 yrs
T2367,Holland Crest,D10,3276000,1021.0,3208.62,2022-02-04,Resale,Freehold
T1913,Bukit Verde,D23,1293000,698.0,1852.44,2024-10-17,Sub Sale,99 yrs
T1684,Riverbend Suites,D05,1809000,933.0,1938.91,2020-10-23,Resale,99 yrs
T1562,Riverbend Suites,D05,948000,521.0,1819.58,2020-06-17,New Sale,99 yrs
T2821,Westwood Gardens,D22,1459000,939.0,1553.78,2023-05-16,Resale,99 yrs
T1087,Lakeshore Grand,D22,1264000,668.0,1892.22,2025-07-26,Resale,99 yrs
T1336,Parc Meridian,D19,2438000,1484.34,1642.48,2021-04-08,Sub Sale,99 yrs
T1244,Parc Meridian,D19,2510000,1386.39,1810.46,2023-03-30,Sub Sale,99 yrs
T2040,Tanjong Heights,D15,2374000,954.76,2486.49,2023-06-30,New Sale,Freehold
T2284,Sengkang Terrace,D19,1337000,719.0,1859.53,2022-05-31,Resale,99 yrs
T2155,Sengkang Terrace,D19,2189000,936.46,2337.53,2026-06-24,Resale,99 yrs
T1697,Marina Vue,D01,2111000,757.0,2788.64,2026-05-23,Resale,99 yrs
T1678,Riverbend Suites,D05,1975000,957.0,2063.74,2023-10-29,New Sale,99 yrs
T2647,Queens Parkview,D03,1604000,738.0,2173.44,2021-11-14,Resale,99 yrs
T2004,Bukit Verde,D23,1679000,1140.0,1472.81,2022-05-09,Resale,99 yrs
T1634,Riverbend Suites,D05,1617000,744.0,2173.39,2022-03-28,Sub Sale,99 yrs
T2396,Holland Crest,D10,2958000,995.66,2970.89,2020-05-02,Resale,Freehold
T2835,Westwood Gardens,D22,1722000,1075.0,1601.86,2024-05-10,Resale,99 yrs
T1196,Lakeshore Grand,D22,1385000,946.15,1463.83,2020-01-27,Resale,99 yrs
T1785,Bukit Verde,D23,2852000,1371.0,2080.23,2026-05-09,Resale,99 yrs
T1609,Riverbend Suites,D05,1465000,707.0,2072.14,2022-10-25,New Sale,99 yrs
T1016,Lakeshore Grand,D22,1935000,920.0,2103.26,2026-07-17,Resale,99 yrs
T2734,Queens Parkview,D03,1482000,688.0,2154.07,2022-09-19,Resale,99 yrs
T1555,Riverbend Suites,D05,1625000,663.0,2450.98,2025-08-18,New Sale,99 yrs
T2033,Tanjong Heights,D15,1796000,684.0,2625.73,2022-01-04,Resale,Freehold
T1063,Lakeshore Grand,D22,990000,578.02,1712.74,2022-09-03,Resale,99 yrs
T2787,Westwood Gardens,D22,1201000,681.0,1763.58,2026-04-02,Resale,99 yrs
T2692,Queens Parkview,D03,3395000,1341.0,2531.69,2022-02-20,New Sale,99 yrs
T1548,Riverbend Suites,D05,1473000,729.0,2020.58,2022-06-14,New Sale,99 yrs
T1644,Riverbend Suites,D05,1957000,743.0,2633.92,2025-09-08,Resale,99 yrs
T1198,Lakeshore Grand,D22,1496000,721.0,2074.9,2024-07-29,Resale,99 yrs
T2368,Holland Crest,D10,2335000,761.0,3068.33,2021-12-02,Resale,Freehold
T2812,Westwood Gardens,D22,1180000,1013.0,1164.86,2021-04-16,Sub Sale,99 yrs
T2384,Holland Crest,D10,3093000,1089.0,2840.22,2021-10-30,Resale,Freehold
T1639,Riverbend Suites,D05,1595000,665.0,2398.5,2024-07-28,Resale,99 yrs
T2189,Sengkang Terrace,D19,1457000,922.47,1579.46,2023-03-28,Resale,99 yrs
T1368,Parc Meridian,D19,1125000,577.0,1949.74,2026-02-26,Sub Sale,99 yrs
T1934,Bukit Verde,D23,1970000,994.0,1981.89,2025-01-07,Sub Sale,99 yrs
T2306,Sengkang Terrace,D19,1411000,707.0,1995.76,2024-07-29,New Sale,99 yrs
T2302,Sengkang Terrace,D19,3006000,1460.0,2058.9,2025-08-09,Resale,99 yrs
T2183,Sengkang Terrace,D19,1326000,1029.0,1288.63,2020-01-04,New Sale,99 yrs
T2098,Tanjong Heights,D15,2605000,968.0,2691.12,2024-11-18,Resale,Freehold
T1224,Parc Meridian,D19,1349000,921.39,1464.09,2020-03-03,New Sale,99 yrs
T2438,Pasir View Residences,D18,890000,580.0,1534.48,2023-03-09,Resale,99 yrs
T1343,Parc Meridian,D19,1875000,758.0,2473.61,2025-12-11,Resale,99 yrs
T2000,Bukit Verde,D23,1751000,1043.0,1678.81,2024-03-29,Resale,99 yrs
T2355,Holland Crest,D10,4088000,1255.07,3257.19,2021-08-02,New Sale,Freehold
T1332,Parc Meridian,D19,2313000,973.06,2377.05,2025-07-25,Resale,99 yrs
T1020,Lakeshore Grand,D22,2273000,1137.0,1999.12,2026-05-18,New Sale,99 yrs
T1334,Parc Meridian,D19,2403000,1387.47,1731.93,2020-12-31,Resale,99 yrs
T1013,Lakeshore Grand,D22,2248000,1413.3,1590.6,2020-08-25,Resale,99 yrs
T2292,Sengkang Terrace,D19,2265000,1144.0,1979.9,2024-04-29,Resale,99 yrs
T1649,Riverbend Suites,D05,1432000,738.4,1939.32,2021-07-16,Resale,99 yrs
T1866,Bukit Verde,D23,2659000,1132.36,2348.19,2026-02-06,Resale,99 yrs
T1767,Marina Vue,D01,1379000,492.0,2802.85,2025-10-10,New Sale,99 yrs
T1318,Parc Meridian,D19,2204000,1314.0,1677.32,2020-02-03,Resale,99 yrs
T1300,Parc Meridian,D19,1193000,650.0,1835.38,2022-07-12,Sub Sale,99 yrs
T1610,Riverbend Suites,D05,1784000,796.53,2239.72,2024-05-29,Resale,99 yrs
T1834,Bukit Verde,D23,1074000,732.0,1467.21,2021-03-21,Resale,99 yrs
T2685,Queens Parkview,D03,1548000,558.0,2774.19,2025-12-11,Resale,99 yrs
T1476,The Orchid Residences,D10,1878000,674.0,2786.35,2021-04-17,Sub Sale,Freehold
T1587,Riverbend Suites,D05,2523000,1321.0,1909.92,2020-09-25,New Sale,99 yrs
T1566,Riverbend Suites,D05,1428000,703.0,2031.29,2022-05-23,Resale,99 yrs
T2528,Pasir View Residences,D18,1992000,987.0,2018.24,2024-09-02,Resale,99 yrs
T1015,Lakeshore Grand,D22,1160000,580.0,2000.0,2025-08-01,Resale,99 yrs
T2777,Westwood Gardens,D22,1761000,1133.0,1554.28,2022-11-10,Sub Sale,99 yrs
T1090,Lakeshore Grand,D22,1530000,731.95,2090.32,2026-02-09,Resale,99 yrs
T1995,Bukit Verde,D23,1675000,766.0,2186.68,2026-06-29,Resale,99 yrs
T2160,Sengkang Terrace,D19,1250000,725.0,1724.14,2023-10-22,Resale,99 yrs
T2745,Westwood Gardens,D22,663000,485.0,1367.01,2020-05-04,Resale,99 yrs
T1523,Riverbend Suites,D05,2142000,922.0,2323.21,2023-11-29,Resale,99 yrs
T2007,Bukit Verde,D23,1396000,669.0,2086.7,2025-08-27,Resale,99 yrs
T1948,Bukit Verde,D23,1726000,768.0,2247.4,2026-03-16,Sub Sale,99 yrs
T2621,Queens Parkview,D03,2008000,911.0,2204.17,2022-01-09,Resale,99 yrs
T2838,Westwood Gardens,D22,1580000,946.0,1670.19,2025-01-05,Resale,99 yrs
T2681,Queens Parkview,D03,3046000,1112.0,2739.21,2024-10-12,New Sale,99 yrs
T1640,Riverbend Suites,D05,2989000,1318.58,2266.84,2022-10-07,Resale,99 yrs
T1289,Parc Meridian,D19,1455000,1019.0,1427.87,2020-05-12,New Sale,99 yrs
T1056,Lakeshore Grand,D22,1369000,665.0,2058.65,2024-07-29,New Sale,99 yrs
T1297,Parc Meridian,D19,1363000,767.0,1777.05,2022-11-30,Resale,99 yrs
T1171,Lakeshore Grand,D22,779000,516.0,1509.69,2020-01-11,Resale,99 yrs
T1310,Parc Meridian,D19,1491000,959.06,1554.64,2021-04-18,Resale,99 yrs
T1681,Riverbend Suites,D05,2579000,949.0,2717.6,2025-06-02,Sub Sale,99 yrs
T1825,Bukit Verde,D23,1480000,1123.0,1317.9,2020-07-07,Resale,99 yrs
T2617,Queens Parkview,D03,3562000,1287.0,2767.68,2025-03-01,Resale,99 yrs
T1803,Bukit Verde,D23,1333000,730.0,1826.03,2025-02-15,Resale,99 yrs
T2797,Westwood Gardens,D22,851000,546.81,1556.31,2022-05-04,New Sale,99 yrs
T2452,Pasir View Residences,D18,1335000,783.0,1704.98,2024-02-10,New Sale,99 yrs
T2159,Sengkang Terrace,D19,1311000,776.08,1689.26,2023-05-24,Resale,99 yrs
T1005,Lakeshore Grand,D22,2578000,1148.51,2244.65,2026-03-07,Resale,99 yrs
T2242,Sengkang Terrace,D19,1639000,951.0,1723.45,2021-09-16,Resale,99 yrs
T1006,Lakeshore Grand,D22,1129000,668.0,1690.12,2022-09-10,Resale,99 yrs
T2698,Queens Parkview,D03,1753000,759.0,2309.62,2021-05-11,Resale,99 yrs
T1809,Bukit Verde,D23,2284000,1097.92,2080.3,2025-11-06,Resale,99 yrs
T2209,Sengkang Terrace,D19,795000,529.0,1502.84,2021-05-29,Resale,99 yrs
T2230,Sengkang Terrace,D19,1923000,957.99,2007.33,2024-07-03,Resale,99 yrs
T2618,Queens Parkview,D03,3095000,1474.0,2099.73,2021-12-22,Resale,99 yrs
T2700,Queens Parkview,D03,4325000,1474.0,2934.19,2025-06-14,Resale,99 yrs
T1382,Parc Meridian,D19,1875000,953.68,1966.07,2023-02-25,New Sale,99 yrs
T2807,Westwood Gardens,D22,1352000,793.0,1704.92,2026-01-25,Resale,99 yrs
T1695,Marina Vue,D01,3722000,1397.0,2664.28,2022-03-13,Resale,99 yrs
T1912,Bukit Verde,D23,1261000,762.0,1654.86,2022-04-09,New Sale,99 yrs
T2333,Sengkang Terrace,D19,840000,528.51,1589.38,2022-10-10,New Sale,99 yrs
T1711,Marina Vue,D01,3379000,1398.0,2417.02,2022-07-24,Resale,99 yrs
T1939,Bukit Verde,D23,1238000,916.0,1351.53,2020-02-10,Resale,99 yrs
T1197,Lakeshore Grand,D22,833000,486.53,1712.13,2022-12-27,Sub Sale,99 yrs
T2019,Tanjong Heights,D15,1499000,654.0,2292.05,2023-04-23,New Sale,Freehold
T2341,Sengkang Terrace,D19,1106000,514.51,2149.6,2026-04-23,Resale,99 yrs
T1372,Parc Meridian,D19,772000,533.0,1448.41,2020-11-27,Resale,99 yrs
T2354,Holland Crest,D10,2986000,777.0,3842.99,2026-04-24,Sub Sale,Freehold
T1167,Lakeshore Grand,D22,1465000,791.0,1852.09,2024-07-19,New Sale,99 yrs
T1669,Riverbend Suites,D05,1588000,791.0,2007.59,2021-07-14,Resale,99 yrs
T2278,Sengkang Terrace,D19,1852000,987.0,1876.39,2026-06-24,Resale,99 yrs
T1740,Marina Vue,D01,1311000,482.22,2718.66,2024-06-13,New Sale,99 yrs
T1019,Lakeshore Grand,D22,1128000,515.59,2187.78,2025-06-25,Resale,99 yrs
T2071,Tanjong Heights,D15,1723000,758.0,2273.09,2021-04-24,Resale,Freehold
T2261,Sengkang Terrace,D19,2963000,1466.0,2021.15,2025-09-27,Resale,99 yrs
T2114,Tanjong Heights,D15,2479000,1070.0,2316.82,2021-02-13,Resale,Freehold
T1811,Bukit Verde,D23,1324000,763.16,1734.89,2021-11-02,New Sale,99 yrs
T2472,Pasir View Residences,D18,2481000,1450.97,1709.89,2021-02-19,Resale,99 yrs
T2002,Bukit Verde,D23,2669000,1409.0,1894.25,2025-06-26,Resale,99 yrs
T1850,Bukit Verde,D23,1583000,1069.0,1480.82,2021-03-06,New Sale,99 yrs
T1822,Bukit Verde,D23,1430000,665.0,2150.38,2025-05-13,Resale,99 yrs
T2770,Westwood Gardens,D22,1670000,1024.0,1630.86,2025-12-02,Resale,99 yrs
T2726,Queens Parkview,D03,1468000,569.0,2579.96,2023-05-22,Resale,99 yrs
T1938,Bukit Verde,D23,2398000,1275.52,1880.01,2025-12-21,New Sale,99 yrs
T1344,Parc Meridian,D19,1541000,655.0,2352.67,2026-05-24,Resale,99 yrs
T1861,Bukit Verde,D23,3102000,1430.0,2169.23,2025-10-15,Resale,99 yrs
T2247,Sengkang Terrace,D19,1763000,984.9,1790.04,2025-04-11,Resale,99 yrs
T1308,Parc Meridian,D19,1078000,732.0,1472.68,2020-03-03,Resale,99 yrs
T2139,Tanjong Heights,D15,2423000,1058.0,2290.17,2020-04-10,Resale,Freehold
T2421,Holland Crest,D10,4338000,1463.89,2963.34,2020-02-21,Resale,Freehold
T2496,Pasir View Residences,D18,2058000,1105.0,1862.44,2024-01-04,Resale,99 yrs
T2561,Pasir View Residences,D18,1349000,713.0,1892.01,2025-04-27,Resale,99 yrs
T1459,The Orchid Residences,D10,1680000,552.0,3043.48,2026-04-13,New Sale,Freehold
T2565,Pasir View Residences,D18,1087000,751.0,1447.4,2022-04-14,Resale,99 yrs
T2742,Westwood Gardens,D22,1327000,956.0,1388.08,2022-01-16,New Sale,99 yrs
T2151,Sengkang Terrace,D19,2088000,1022.0,2043.05,2025-06-01,Resale,99 yrs
T1527,Riverbend Suites,D05,2680000,1120.0,2392.86,2024-03-10,Sub Sale,99 yrs
T1477,The Orchid Residences,D10,4470000,1272.0,3514.15,2026-02-26,Sub Sale,Freehold
T2099,Tanjong Heights,D15,3079000,1039.0,2963.43,2024-08-26,New Sale,Freehold
T1747,Marina Vue,D01,4356000,1322.0,3295.01,2025-09-21,Resale,99 yrs
T1756,Marina Vue,D01,1914000,709.0,2699.58,2025-05-26,Sub Sale,99 yrs
T1296,Parc Meridian,D19,1885000,921.39,2045.82,2025-06-08,Resale,99 yrs
T1435,The Orchid Residences,D10,1531000,544.0,2814.34,2021-02-01,New Sale,Freehold
T2146,Tanjong Heights,D15,1829000,773.92,2363.28,2022-01-13,Resale,Freehold
T1295,Parc Meridian,D19,1642000,723.33,2270.04,2026-02-12,New Sale,99 yrs
T1442,The Orchid Residences,D10,2460000,742.0,3315.36,2026-03-21,Sub Sale,Freehold
T1168,Lakeshore Grand,D22,2387000,1469.27,1624.61,2020-05-02,Resale,99 yrs
T1315,Parc Meridian,D19,985000,526.0,1872.62,2022-12-04,Resale,99 yrs
T2486,Pasir View Residences,D18,2231000,1369.0,1629.66,2023-02-07,Resale,99 yrs
T2220,Sengkang Terrace,D19,1399000,796.53,1756.37,2024-11-06,Resale,99 yrs
T1437,The Orchid Residences,D10,2069000,658.0,3144.38,2023-07-05,Sub Sale,Freehold
T1068,Lakeshore Grand,D22,2013000,1315.0,1530.8,2020-07-23,Resale,99 yrs
T1441,The Orchid Residences,D10,4103000,1300.28,3155.48,2022-09-12,Resale,Freehold
T1737,Marina Vue,D01,2069000,800.0,2586.25,2022-04-12,New Sale,99 yrs
T2532,Pasir View Residences,D18,1172000,775.0,1512.26,2021-06-26,Sub Sale,99 yrs
T2456,Pasir View Residences,D18,1944000,1001.0,1942.06,2025-01-31,Resale,99 yrs
T2831,Westwood Gardens,D22,720000,563.0,1278.86,2020-10-05,Resale,99 yrs
T2325,Sengkang Terrace,D19,1245000,758.0,1642.48,2022-10-19,Resale,99 yrs
T1710,Marina Vue,D01,3778000,1387.47,2722.95,2026-03-16,Resale,99 yrs
T2552,Pasir View Residences,D18,1168000,670.0,1743.28,2021-10-14,New Sale,99 yrs
T2023,Tanjong Heights,D15,2163000,789.0,2741.44,2026-07-12,Resale,Freehold
T2634,Queens Parkview,D03,1919000,756.0,2538.36,2025-12-27,Resale,99 yrs
T2300,Sengkang Terrace,D19,2857000,1466.0,1948.84,2024-08-19,New Sale,99 yrs
T1340,Parc Meridian,D19,897000,527.43,1700.7,2020-04-15,Resale,99 yrs
T1386,Parc Meridian,D19,1548000,668.44,2315.85,2024-09-26,New Sale,99 yrs
T1585,Riverbend Suites,D05,1651000,753.47,2191.19,2024-04-19,New Sale,99 yrs
T1414,The Orchid Residences,D10,3012000,1077.0,2796.66,2023-05-21,Resale,Freehold
T2250,Sengkang Terrace,D19,2702000,1251.0,2159.87,2026-05-16,Resale,99 yrs
T1260,Parc Meridian,D19,1162000,660.0,1760.61,2022-05-02,Resale,99 yrs
T1413,The Orchid Residences,D10,3296000,956.0,3447.7,2025-08-24,Resale,Freehold
T1761,Marina Vue,D01,2019000,782.0,2581.84,2024-05-17,New Sale,99 yrs
T1430,The Orchid Residences,D10,3388000,976.0,3471.31,2022-11-28,Resale,Freehold
T2346,Sengkang Terrace,D19,1473000,747.0,1971.89,2026-07-13,Resale,99 yrs
T1897,Bukit Verde,D23,1393000,967.67,1439.53,2021-06-05,Resale,99 yrs
T1567,Riverbend Suites,D05,2349000,1037.0,2265.19,2023-07-02,Resale,99 yrs
T1081,Lakeshore Grand,D22,875000,543.58,1609.71,2021-06-24,Resale,99 yrs
T2476,Pasir View Residences,D18,1245000,682.43,1824.36,2024-11-29,Resale,99 yrs
T2655,Queens Parkview,D03,2001000,978.0,2046.01,2020-11-04,Resale,99 yrs
T2319,Sengkang Terrace,D19,1606000,1014.0,1583.83,2022-09-22,Resale,99 yrs
T2508,Pasir View Residences,D18,1974000,1349.79,1462.45,2020-11-08,Resale,99 yrs
T1880,Bukit Verde,D23,1379000,786.0,1754.45,2023-04-14,Resale,99 yrs
T2467,Pasir View Residences,D18,1139000,767.47,1484.1,2021-10-06,Resale,99 yrs
T2237,Sengkang Terrace,D19,1740000,1029.0,1690.96,2022-03-31,Resale,99 yrs
T2166,Sengkang Terrace,D19,1458000,1074.0,1357.54,2020-08-05,New Sale,99 yrs
T2697,Queens Parkview,D03,2571000,956.91,2686.77,2023-03-28,Resale,99 yrs
T2498,Pasir View Residences,D18,2903000,1497.0,1939.21,2025-03-25,Resale,99 yrs
T2195,Sengkang Terrace,D19,1008000,698.0,1444.13,2020-02-11,Resale,99 yrs
T2546,Pasir View Residences,D18,1457000,918.0,1587.15,2023-02-07,Sub Sale,99 yrs
T1163,Lakeshore Grand,D22,1170000,656.0,1783.54,2022-05-16,Resale,99 yrs
T2481,Pasir View Residences,D18,2060000,1257.22,1638.53,2023-09-17,New Sale,99 yrs
T1536,Riverbend Suites,D05,2065000,1041.95,1981.87,2021-03-19,Resale,99 yrs
T2710,Queens Parkview,D03,2422000,961.22,2519.72,2024-08-20,Resale,99 yrs
T1024,Lakeshore Grand,D22,854000,543.58,1571.07,2020-01-03,New Sale,99 yrs
T2715,Queens Parkview,D03,2208000,980.59,2251.7,2022-09-09,Resale,99 yrs
T1138,Lakeshore Grand,D22,1053000,514.51,2046.59,2026-05-26,Resale,99 yrs
T2460,Pasir View Residences,D18,1302000,755.0,1724.5,2022-07-13,Resale,99 yrs
T2429,Holland Crest,D10,2241000,660.0,3395.45,2023-04-11,Resale,Freehold
T1286,Parc Meridian,D19,1526000,959.0,1591.24,2020-08-24,Resale,99 yrs
T1073,Lakeshore Grand,D22,996000,481.0,2070.69,2026-07-01,Resale,99 yrs
T1359,Parc Meridian,D19,1624000,764.0,2125.65,2024-12-05,Resale,99 yrs
T2330,Sengkang Terrace,D19,1127000,659.0,1710.17,2023-09-02,Resale,99 yrs
T1106,Lakeshore Grand,D22,1582000,729.0,2170.1,2025-03-25,New Sale,99 yrs
T1668,Riverbend Suites,D05,1790000,721.0,2482.66,2025-10-18,Resale,99 yrs
T1275,Parc Meridian,D19,1347000,701.0,1921.54,2023-06-23,Sub Sale,99 yrs
T2847,Westwood Gardens,D22,950000,800.0,1187.5,2020-07-03,Resale,99 yrs
T2414,Holland Crest,D10,1560000,500.52,3116.75,2022-01-06,Resale,Freehold
T2477,Pasir View Residences,D18,1363000,712.0,1914.33,2025-05-30,Resale,99 yrs
T2536,Pasir View Residences,D18,2040000,1315.0,1551.33,2020-08-28,New Sale,99 yrs
T1142,Lakeshore Grand,D22,1657000,1069.93,1548.7,2021-03-27,Sub Sale,99 yrs
T1293,Parc Meridian,D19,1896000,1075.0,1763.72,2021-12-27,Resale,99 yrs
T1736,Marina Vue,D01,2558000,1065.0,2401.88,2023-07-06,Resale,99 yrs
T2664,Queens Parkview,D03,1549000,561.88,2756.84,2025-01-29,Resale,99 yrs
T1549,Riverbend Suites,D05,1582000,661.0,2393.34,2024-05-27,New Sale,99 yrs
T1392,Parc Meridian,D19,1692000,1094.0,1546.62,2020-07-15,New Sale,99 yrs
T1787,Bukit Verde,D23,1705000,932.0,1829.4,2025-12-09,New Sale,99 yrs
T1238,Parc Meridian,D19,1277000,718.0,1778.55,2024-01-24,Resale,99 yrs
T2085,Tanjong Heights,D15,1800000,659.0,2731.41,2024-12-22,Resale,Freehold
T1653,Riverbend Suites,D05,1475000,769.0,1918.08,2021-10-11,Sub Sale,99 yrs
T1782,Bukit Verde,D23,973000,562.0,1731.32,2023-10-21,Sub Sale,99 yrs
T2796,Westwood Gardens,D22,921000,720.0,1279.17,2021-02-17,New Sale,99 yrs
T2046,Tanjong Heights,D15,3277000,1376.7,2380.32,2021-02-19,Resale,Freehold
T2600,Pasir View Residences,D18,1378000,761.0,1810.78,2022-09-30,Resale,99 yrs
T1841,Bukit Verde,D23,2076000,1023.0,2029.33,2026-06-09,Resale,99 yrs
T1999,Bukit Verde,D23,1064000,545.0,1952.29,2024-10-24,Resale,99 yrs
T1751,Marina Vue,D01,1669000,683.51,2441.82,2021-02-04,New Sale,99 yrs
T1358,Parc Meridian,D19,2447000,1442.0,1696.95,2021-08-10,Resale,99 yrs
T2418,Holland Crest,D10,4581000,1440.0,3181.25,2025-02-23,Resale,Freehold
T2130,Tanjong Heights,D15,2408000,1104.0,2181.16,2020-03-18,Resale,Freehold
T2586,Pasir View Residences,D18,1684000,1128.0,1492.91,2022-08-02,Resale,99 yrs
T2764,Westwood Gardens,D22,1281000,770.7,1662.14,2025-04-13,Resale,99 yrs
T1716,Marina Vue,D01,1801000,779.31,2311.03,2022-10-30,Resale,99 yrs
T2105,Tanjong Heights,D15,1409000,513.0,2746.59,2024-06-25,Resale,Freehold
T1729,Marina Vue,D01,3142000,1267.99,2477.94,2023-07-07,Resale,99 yrs
T1594,Riverbend Suites,D05,1234000,744.0,1658.6,2020-08-04,Resale,99 yrs
T2834,Westwood Gardens,D22,1953000,1079.0,1810.01,2025-09-28,Resale,99 yrs
T1184,Lakeshore Grand,D22,947000,516.0,1835.27,2023-06-04,Resale,99 yrs
T1352,Parc Meridian,D19,1714000,740.0,2316.22,2025-03-03,Resale,99 yrs
T1608,Riverbend Suites,D05,1308000,534.97,2445.02,2025-09-02,Resale,99 yrs
T2761,Westwood Gardens,D22,1907000,1079.0,1767.38,2024-08-04,New Sale,99 yrs
T2503,Pasir View Residences,D18,1499000,971.0,1543.77,2021-02-16,Resale,99 yrs
T1514,The Orchid Residences,D10,2213000,664.13,3332.17,2026-06-26,Sub Sale,Freehold
T2793,Westwood Gardens,D22,1086000,799.0,1359.2,2021-04-05,Resale,99 yrs
T1228,Parc Meridian,D19,999000,577.0,1731.37,2022-08-12,Resale,99 yrs
T1487,The Orchid Residences,D10,4870000,1494.0,3259.71,2023-09-09,Resale,Freehold
T2371,Holland Crest,D10,3084000,1007.0,3062.56,2022-11-08,New Sale,Freehold
T1664,Riverbend Suites,D05,1814000,955.0,1899.48,2020-01-05,Resale,99 yrs
T1997,Bukit Verde,D23,2061000,1045.0,1972.25,2026-02-03,Sub Sale,99 yrs
T1624,Riverbend Suites,D05,1373000,758.0,1811.35,2020-01-29,Resale,99 yrs
T1253,Parc Meridian,D19,2847000,1291.0,2205.27,2026-07-14,Resale,99 yrs
T1673,Riverbend Suites,D05,2355000,1396.08,1686.87,2020-02-17,Resale,99 yrs
T1083,Lakeshore Grand,D22,1428000,911.0,1567.51,2022-01-28,Resale,99 yrs
T2463,Pasir View Residences,D18,2095000,1128.06,1857.18,2023-05-30,New Sale,99 yrs
T1432,The Orchid Residences,D10,2200000,753.0,2921.65,2023-09-14,Resale,Freehold
T2769,Westwood Gardens,D22,920000,688.0,1337.21,2020-06-10,Resale,99 yrs
T2791,Westwood Gardens,D22,1809000,1124.0,1609.43,2025-11-08,New Sale,99 yrs
T2391,Holland Crest,D10,2610000,799.0,3266.58,2024-10-22,Resale,Freehold
T2504,Pasir View Residences,D18,1254000,711.0,1763.71,2025-03-03,Resale,99 yrs
T1210,Parc Meridian,D19,1640000,753.0,2177.95,2025-08-25,Resale,99 yrs
T2313,Sengkang Terrace,D19,1907000,1035.49,1841.65,2023-02-07,Resale,99 yrs
T1789,Bukit Verde,D23,2412000,1131.29,2132.09,2026-03-12,New Sale,99 yrs
T1856,Bukit Verde,D23,1811000,973.0,1861.25,2025-05-25,Sub Sale,99 yrs
T1248,Parc Meridian,D19,1330000,707.19,1880.69,2024-08-12,Resale,99 yrs
T2035,Tanjong Heights,D15,2006000,733.02,2736.62,2024-06-12,New Sale,Freehold
T1855,Bukit Verde,D23,2461000,1276.6,1927.78,2025-01-25,Resale,99 yrs
T1893,Bukit Verde,D23,1364000,668.0,2041.92,2025-05-13,Resale,99 yrs
T2736,Queens Parkview,D03,2806000,1060.0,2647.17,2025-07-17,Resale,99 yrs
T1446,The Orchid Residences,D10,1907000,683.0,2792.09,2020-01-03,Sub Sale,Freehold
T1491,The Orchid Residences,D10,4272000,1431.0,2985.32,2022-07-08,Resale,Freehold
T2121,Tanjong Heights,D15,2280000,1066.7,2137.43,2021-02-27,Resale,Freehold
T2103,Tanjong Heights,D15,1851000,668.0,2770.96,2025-05-24,New Sale,Freehold
T2816,Westwood Gardens,D22,1424000,1070.0,1330.84,2020-09-22,Resale,99 yrs
T2043,Tanjong Heights,D15,1474000,564.0,2613.48,2022-09-18,New Sale,Freehold
T1956,Bukit Verde,D23,1907000,1061.32,1796.82,2025-02-26,Resale,99 yrs
T1299,Parc Meridian,D19,2946000,1373.47,2144.93,2025-12-28,Resale,99 yrs
T2205,Sengkang Terrace,D19,2671000,1360.0,1963.97,2025-07-29,Resale,99 yrs
T2140,Tanjong Heights,D15,1642000,750.0,2189.33,2021-05-18,Resale,Freehold
T1105,Lakeshore Grand,D22,2371000,1497.0,1583.83,2021-02-25,New Sale,99 yrs
T2050,Tanjong Heights,D15,1457000,732.0,1990.44,2020-07-22,New Sale,Freehold
T2704,Queens Parkview,D03,2193000,976.0,2246.93,2021-05-16,Resale,99 yrs
T2065,Tanjong Heights,D15,2098000,714.72,2935.4,2024-12-26,Resale,Freehold
T1581,Riverbend Suites,D05,2173000,995.0,2183.92,2023-10-26,New Sale,99 yrs
T1952,Bukit Verde,D23,1597000,931.0,1715.36,2023-06-14,Resale,99 yrs
T1283,Parc Meridian,D19,1862000,1063.47,1750.87,2024-04-26,Resale,99 yrs
T1349,Parc Meridian,D19,1568000,918.0,1708.06,2020-04-30,Resale,99 yrs
T1360,Parc Meridian,D19,2678000,1458.0,1836.76,2022-04-16,New Sale,99 yrs
T2215,Sengkang Terrace,D19,1390000,763.0,1821.76,2025-02-02,New Sale,99 yrs
T2728,Queens Parkview,D03,1350000,560.0,2410.71,2024-05-24,Resale,99 yrs
T1916,Bukit Verde,D23,1501000,912.0,1645.83,2023-01-14,Resale,99 yrs
T2021,Tanjong Heights,D15,2116000,922.47,2293.85,2023-03-26,Sub Sale,Freehold
T2598,Pasir View Residences,D18,1555000,700.0,2221.43,2026-05-03,Resale,99 yrs
T2817,Westwood Gardens,D22,684000,527.43,1296.85,2020-05-26,New Sale,99 yrs
T2771,Westwood Gardens,D22,1740000,1075.31,1618.13,2024-12-06,Sub Sale,99 yrs
T2129,Tanjong Heights,D15,1768000,653.37,2705.98,2026-06-10,Resale,Freehold
T1467,The Orchid Residences,D10,2196000,660.0,3327.27,2025-01-25,Sub Sale,Freehold
T1896,Bukit Verde,D23,661000,520.0,1271.15,2020-11-14,Resale,99 yrs
T1781,Bukit Verde,D23,1050000,511.0,2054.79,2025-10-30,Resale,99 yrs
T2132,Tanjong Heights,D15,2306000,1009.0,2285.43,2020-06-30,Resale,Freehold
T2517,Pasir View Residences,D18,1636000,773.0,2116.43,2026-04-22,Resale,99 yrs
T1461,The Orchid Residences,D10,2327000,747.0,3115.13,2021-12-05,Resale,Freehold
T1143,Lakeshore Grand,D22,1419000,916.01,1549.11,2020-03-01,Resale,99 yrs
T1746,Marina Vue,D01,1135000,494.0,2297.57,2020-06-06,Resale,99 yrs
T1174,Lakeshore Grand,D22,1532000,1007.5,1520.59,2020-12-07,Resale,99 yrs
T1355,Parc Meridian,D19,861000,524.0,1643.13,2020-08-21,Resale,99 yrs
T2686,Queens Parkview,D03,3011000,1363.0,2209.1,2023-04-15,Resale,99 yrs
T2020,Tanjong Heights,D15,1978000,758.0,2609.5,2023-08-17,Resale,Freehold
T2342,Sengkang Terrace,D19,895000,528.0,1695.08,2023-12-08,Resale,99 yrs
T2610,Queens Parkview,D03,3370000,1421.91,2370.05,2023-02-02,Resale,99 yrs
T2566,Pasir View Residences,D18,1326000,977.36,1356.71,2021-06-05,Resale,99 yrs
T1870,Bukit Verde,D23,1195000,660.0,1810.61,2023-11-23,New Sale,99 yrs
T1882,Bukit Verde,D23,1061000,505.9,2097.24,2025-01-01,New Sale,99 yrs
T1154,Lakeshore Grand,D22,2036000,1315.0,1548.29,2021-08-07,Resale,99 yrs
T1067,Lakeshore Grand,D22,1392000,1025.8,1356.99,2020-11-07,Resale,99 yrs
T1732,Marina Vue,D01,2988000,1069.0,2795.14,2022-10-11,Resale,99 yrs
T2629,Queens Parkview,D03,1940000,730.0,2657.53,2023-06-17,Resale,99 yrs
T1505,The Orchid Residences,D10,3607000,1271.0,2837.92,2020-11-17,Resale,Freehold
T1821,Bukit Verde,D23,858000,679.0,1263.62,2021-02-12,Sub Sale,99 yrs
T1814,Bukit Verde,D23,1984000,1438.06,1379.64,2020-02-06,Resale,99 yrs
T1968,Bukit Verde,D23,2262000,1086.08,2082.72,2025-07-06,Resale,99 yrs
T2584,Pasir View Residences,D18,983000,552.0,1780.8,2023-04-15,New Sale,99 yrs
T2453,Pasir View Residences,D18,2000000,1119.0,1787.31,2023-08-30,Resale,99 yrs
T2219,Sengkang Terrace,D19,2335000,1272.0,1835.69,2025-09-11,Resale,99 yrs
T1765,Marina Vue,D01,1363000,543.0,2510.13,2022-07-29,Resale,99 yrs
T2393,Holland Crest,D10,3165000,1024.72,3088.64,2020-10-11,Resale,Freehold
T1868,Bukit Verde,D23,1872000,1074.24,1742.63,2023-11-19,Resale,99 yrs
T1778,Marina Vue,D01,2540000,929.0,2734.12,2025-06-14,Resale,99 yrs
T1784,Bukit Verde,D23,3434000,1472.0,2332.88,2025-12-16,Resale,99 yrs
T2527,Pasir View Residences,D18,1361000,753.0,1807.44,2022-05-31,Resale,99 yrs
T2226,Sengkang Terrace,D19,993000,687.0,1445.41,2020-11-09,New Sale,99 yrs
T2248,Sengkang Terrace,D19,1846000,959.0,1924.92,2025-07-27,Resale,99 yrs
T2448,Pasir View Residences,D18,1380000,787.0,1753.49,2022-10-25,Resale,99 yrs
T1663,Riverbend Suites,D05,2119000,1080.0,1962.04,2021-05-22,Resale,99 yrs
T1133,Lakeshore Grand,D22,943000,496.22,1900.38,2025-01-05,New Sale,99 yrs
T1475,The Orchid Residences,D10,1459000,553.0,2638.34,2021-05-23,Resale,Freehold
T2648,Queens Parkview,D03,3088000,1125.0,2744.89,2026-01-20,New Sale,99 yrs
T2079,Tanjong Heights,D15,2744000,1012.0,2711.46,2024-06-01,New Sale,Freehold
T1790,Bukit Verde,D23,2079000,1018.0,2042.24,2026-01-21,New Sale,99 yrs
T2100,Tanjong Heights,D15,1958000,725.49,2698.88,2025-10-14,Resale,Freehold
T1157,Lakeshore Grand,D22,1950000,1129.0,1727.19,2023-04-24,Resale,99 yrs
T2231,Sengkang Terrace,D19,1960000,1113.0,1761.01,2024-12-05,Resale,99 yrs
T2450,Pasir View Residences,D18,1066000,694.0,1536.02,2021-12-06,Resale,99 yrs
T2824,Westwood Gardens,D22,1371000,918.16,1493.2,2022-11-23,Resale,99 yrs
T2425,Holland Crest,D10,3157000,937.0,3369.26,2024-07-28,New Sale,Freehold
T2229,Sengkang Terrace,D19,1529000,1068.0,1431.65,2020-12-21,Resale,99 yrs
T1946,Bukit Verde,D23,1639000,1001.04,1637.29,2023-05-05,New Sale,99 yrs
T1842,Bukit Verde,D23,1077000,723.0,1489.63,2021-12-08,New Sale,99 yrs
T1690,Marina Vue,D01,2327000,765.31,3040.58,2025-07-31,Resale,99 yrs
T1236,Parc Meridian,D19,1950000,1098.0,1775.96,2022-06-19,Resale,99 yrs
T2805,Westwood Gardens,D22,769000,571.0,1346.76,2020-03-26,Resale,99 yrs
T1903,Bukit Verde,D23,1158000,767.0,1509.78,2022-06-11,Resale,99 yrs
T2102,Tanjong Heights,D15,2565000,1113.0,2304.58,2021-05-17,Resale,Freehold
T1230,Parc Meridian,D19,1933000,1047.33,1845.65,2022-04-14,Resale,99 yrs
T1996,Bukit Verde,D23,2425000,1269.0,1910.95,2025-01-07,New Sale,99 yrs
T2315,Sengkang Terrace,D19,2266000,1382.08,1639.55,2021-11-07,Resale,99 yrs
T1522,Riverbend Suites,D05,1740000,681.35,2553.74,2025-05-31,Resale,99 yrs
T1558,Riverbend Suites,D05,3302000,1430.52,2308.25,2024-02-04,Resale,99 yrs
T1958,Bukit Verde,D23,1563000,972.0,1608.02,2021-11-03,Resale,99 yrs
T1937,Bukit Verde,D23,1380000,662.0,2084.59,2023-11-08,Resale,99 yrs
T1115,Lakeshore Grand,D22,1724000,990.0,1741.41,2024-06-10,Resale,99 yrs
T2274,Sengkang Terrace,D19,692000,531.0,1303.2,2020-05-03,New Sale,99 yrs
T2645,Queens Parkview,D03,3003000,1322.88,2270.04,2021-09-17,Resale,99 yrs
T2516,Pasir View Residences,D18,839000,480.0,1747.92,2022-08-27,Resale,99 yrs
T1904,Bukit Verde,D23,922000,692.0,1332.37,2020-02-12,Resale,99 yrs
T2244,Sengkang Terrace,D19,1016000,531.0,1913.37,2024-03-23,Resale,99 yrs
T1095,Lakeshore Grand,D22,828000,532.0,1556.39,2021-02-04,Resale,99 yrs
T2061,Tanjong Heights,D15,2731000,951.0,2871.71,2024-06-14,Resale,Freehold
T2116,Tanjong Heights,D15,1245000,565.0,2203.54,2021-01-03,New Sale,Freehold
T2317,Sengkang Terrace,D19,1161000,712.57,1629.31,2022-03-23,Resale,99 yrs
T1686,Riverbend Suites,D05,1936000,782.54,2474.01,2024-05-21,New Sale,99 yrs
T1255,Parc Meridian,D19,930000,497.0,1871.23,2023-11-16,New Sale,99 yrs
T1427,The Orchid Residences,D10,1732000,522.0,3318.01,2024-06-23,Resale,Freehold
T1119,Lakeshore Grand,D22,834000,523.0,1594.65,2021-03-23,Resale,99 yrs
T1874,Bukit Verde,D23,1280000,756.0,1693.12,2024-02-26,New Sale,99 yrs
T1030,Lakeshore Grand,D22,870000,486.0,1790.12,2023-07-02,Resale,99 yrs
T2357,Holland Crest,D10,4440000,1450.0,3062.07,2022-05-08,Resale,Freehold
T1616,Riverbend Suites,D05,1198000,527.0,2273.24,2024-09-06,Sub Sale,99 yrs
T1877,Bukit Verde,D23,1908000,1146.0,1664.92,2022-09-26,Resale,99 yrs
T1643,Riverbend Suites,D05,2142000,973.0,2201.44,2022-05-20,Resale,99 yrs
T2034,Tanjong Heights,D15,2065000,668.0,3091.32,2025-11-17,New Sale,Freehold
T2607,Pasir View Residences,D18,1386000,684.0,2026.32,2026-06-19,Sub Sale,99 yrs
T1777,Marina Vue,D01,3780000,1481.0,2552.33,2021-08-25,Sub Sale,99 yrs
T1982,Bukit Verde,D23,1239000,978.0,1266.87,2020-03-15,Resale,99 yrs
T2372,Holland Crest,D10,1586000,545.0,2910.09,2020-05-24,Resale,Freehold
T1598,Riverbend Suites,D05,1897000,754.0,2515.92,2024-02-11,Resale,99 yrs
T2294,Sengkang Terrace,D19,2779000,1355.0,2050.92,2024-01-05,Resale,99 yrs
T1853,Bukit Verde,D23,1499000,749.0,2001.34,2026-04-04,Resale,99 yrs
T2814,Westwood Gardens,D22,2065000,1401.0,1473.95,2024-07-18,Resale,99 yrs
T2157,Sengkang Terrace,D19,1182000,693.0,1705.63,2023-04-02,Resale,99 yrs
T1044,Lakeshore Grand,D22,1273000,668.0,1905.69,2024-09-21,Resale,99 yrs
T1836,Bukit Verde,D23,2042000,1017.0,2007.87,2025-03-27,Sub Sale,99 yrs
T2541,Pasir View Residences,D18,1997000,988.0,2021.26,2025-03-06,Resale,99 yrs
T1176,Lakeshore Grand,D22,968000,652.0,1484.66,2021-10-19,New Sale,99 yrs
T2109,Tanjong Heights,D15,1618000,757.0,2137.38,2020-11-27,Resale,Freehold
T2386,Holland Crest,D10,2752000,917.0,3001.09,2022-01-11,Resale,Freehold
T1278,Parc Meridian,D19,1723000,706.11,2440.12,2026-06-10,New Sale,99 yrs
T1921,Bukit Verde,D23,953000,718.0,1327.3,2021-06-07,New Sale,99 yrs
T2663,Queens Parkview,D03,1575000,681.0,2312.78,2021-03-14,Resale,99 yrs
T1434,The Orchid Residences,D10,2392000,939.0,2547.39,2020-09-11,New Sale,Freehold
T1493,The Orchid Residences,D10,2403000,741.63,3240.15,2026-01-01,Resale,Freehold
T1291,Parc Meridian,D19,1357000,670.0,2025.37,2024-09-08,Resale,99 yrs
T2328,Sengkang Terrace,D19,1795000,1106.53,1622.19,2023-06-12,Resale,99 yrs
T2329,Sengkang Terrace,D19,2735000,1471.0,1859.28,2024-07-06,Resale,99 yrs
T1439,The Orchid Residences,D10,2841000,1051.0,2703.14,2020-01-02,Resale,Freehold
T1428,The Orchid Residences,D10,2111000,650.0,3247.69,2026-03-25,New Sale,Freehold
T2741,Westwood Gardens,D22,837000,535.0,1564.49,2023-01-14,New Sale,99 yrs
T2108,Tanjong Heights,D15,1410000,689.97,2043.58,2020-04-09,Sub Sale,Freehold
T1419,The Orchid Residences,D10,1946000,528.0,3685.61,2026-03-12,New Sale,Freehold
T1488,The Orchid Residences,D10,1805000,542.0,3330.26,2021-09-09,New Sale,Freehold
T2165,Sengkang Terrace,D19,1066000,719.0,1482.61,2020-06-02,Resale,99 yrs
T2540,Pasir View Residences,D18,936000,678.0,1380.53,2020-05-01,Resale,99 yrs
T2712,Queens Parkview,D03,1440000,669.0,2152.47,2021-05-15,Resale,99 yrs
T1257,Parc Meridian,D19,1658000,780.38,2124.6,2023-03-13,New Sale,99 yrs
T2642,Queens Parkview,D03,1334000,507.0,2631.16,2025-05-22,Resale,99 yrs
T2388,Holland Crest,D10,1645000,528.0,3115.53,2023-08-19,Resale,Freehold
T1402,The Orchid Residences,D10,2021000,767.0,2634.94,2020-04-26,Sub Sale,Freehold
T2519,Pasir View Residences,D18,2864000,1334.0,2146.93,2025-03-19,New Sale,99 yrs
T2597,Pasir View Residences,D18,1220000,710.0,1718.31,2022-09-19,Resale,99 yrs
T2075,Tanjong Heights,D15,2200000,1024.72,2146.92,2022-08-20,Resale,Freehold
T2303,Sengkang Terrace,D19,2037000,1279.0,1592.65,2021-12-17,Resale,99 yrs
T2235,Sengkang Terrace,D19,1000000,580.0,1724.14,2023-05-03,Resale,99 yrs
T1035,Lakeshore Grand,D22,1201000,783.0,1533.84,2020-08-29,Resale,99 yrs
T2795,Westwood Gardens,D22,1555000,923.0,1684.72,2026-03-06,New Sale,99 yrs
T1454,The Orchid Residences,D10,1879000,717.0,2620.64,2020-04-22,Resale,Freehold
T1753,Marina Vue,D01,2225000,764.0,2912.3,2022-04-17,New Sale,99 yrs
T1388,Parc Meridian,D19,999000,519.0,1924.86,2023-06-16,New Sale,99 yrs
T1642,Riverbend Suites,D05,1405000,668.44,2101.91,2021-10-26,Resale,99 yrs
T1502,The Orchid Residences,D10,1537000,512.0,3001.95,2021-02-18,New Sale,Freehold
T2560,Pasir View Residences,D18,1353000,724.0,1868.78,2022-10-23,New Sale,99 yrs
T1786,Bukit Verde,D23,1623000,765.0,2121.57,2026-06-03,Resale,99 yrs
T1983,Bukit Verde,D23,2337000,1484.0,1574.8,2021-10-26,Resale,99 yrs
T1411,The Orchid Residences,D10,1909000,662.0,2883.69,2024-02-15,Resale,Freehold
T2473,Pasir View Residences,D18,1509000,731.95,2061.63,2025-12-26,New Sale,99 yrs
T2507,Pasir View Residences,D18,1003000,524.0,1914.12,2023-11-18,Resale,99 yrs
T2722,Queens Parkview,D03,1970000,777.0,2535.39,2023-07-18,Resale,99 yrs
T1957,Bukit Verde,D23,2482000,1414.0,1755.3,2024-04-13,New Sale,99 yrs
T2305,Sengkang Terrace,D19,1069000,668.0,1600.3,2022-06-24,Resale,99 yrs
T1193,Lakeshore Grand,D22,1303000,770.0,1692.21,2022-08-05,Resale,99 yrs
T2089,Tanjong Heights,D15,2387000,1024.0,2331.05,2022-03-25,Resale,Freehold
T2457,Pasir View Residences,D18,2067000,1009.0,2048.56,2025-11-17,Sub Sale,99 yrs
T2505,Pasir View Residences,D18,710000,494.0,1437.25,2022-12-25,Resale,99 yrs
T1839,Bukit Verde,D23,1286000,669.0,1922.27,2024-09-10,New Sale,99 yrs
T1529,Riverbend Suites,D05,2733000,1069.0,2556.59,2024-12-04,New Sale,99 yrs
T1071,Lakeshore Grand,D22,2762000,1460.0,1891.78,2024-08-10,Resale,99 yrs
T2153,Sengkang Terrace,D19,2440000,1146.0,2129.14,2026-03-08,New Sale,99 yrs
T2732,Queens Parkview,D03,2344000,954.0,2457.02,2023-12-05,Sub Sale,99 yrs
T1325,Parc Meridian,D19,1296000,733.0,1768.08,2021-12-06,Resale,99 yrs
T2057,Tanjong Heights,D15,1883000,795.0,2368.55,2022-10-11,Resale,Freehold
T2611,Queens Parkview,D03,2509000,1111.0,2258.33,2020-12-28,Resale,99 yrs
T1460,The Orchid Residences,D10,3180000,964.0,3298.76,2025-06-21,Resale,Freehold
T1929,Bukit Verde,D23,912000,498.0,1831.33,2024-04-25,Sub Sale,99 yrs
T1657,Riverbend Suites,D05,1710000,947.0,1805.7,2020-01-09,Resale,99 yrs
T2810,Westwood Gardens,D22,1446000,1013.96,1426.09,2021-07-26,Resale,99 yrs
T2708,Queens Parkview,D03,1980000,909.55,2176.9,2020-02-19,Resale,99 yrs
T1199,Lakeshore Grand,D22,1593000,782.0,2037.08,2026-05-10,Resale,99 yrs
T2494,Pasir View Residences,D18,2150000,953.68,2254.42,2026-03-21,Resale,99 yrs
T2364,Holland Crest,D10,3240000,1039.79,3116.01,2022-11-26,New Sale,Freehold
T2632,Queens Parkview,D03,3197000,1298.0,2463.02,2024-02-27,Resale,99 yrs
T1804,Bukit Verde,D23,1318000,796.53,1654.68,2022-11-16,Resale,99 yrs
T2131,Tanjong Heights,D15,3119000,1320.0,2362.88,2021-12-15,Resale,Freehold
T2188,Sengkang Terrace,D19,2202000,1364.86,1613.35,2023-10-26,New Sale,99 yrs
T2437,Pasir View Residences,D18,2076000,1053.79,1970.04,2023-11-24,Resale,99 yrs
T2776,Westwood Gardens,D22,2693000,1455.0,1850.86,2026-07-13,Resale,99 yrs
T1894,Bukit Verde,D23,2174000,1129.0,1925.6,2025-10-13,New Sale,99 yrs
T2792,Westwood Gardens,D22,1692000,953.0,1775.45,2024-06-11,Resale,99 yrs
T2172,Sengkang Terrace,D19,1481000,731.0,2025.99,2025-04-14,Resale,99 yrs
T1103,Lakeshore Grand,D22,787000,497.0,1583.5,2022-08-23,Resale,99 yrs
T1947,Bukit Verde,D23,1555000,1028.0,1512.65,2022-04-14,Resale,99 yrs
T2137,Tanjong Heights,D15,1640000,750.0,2186.67,2021-04-02,Resale,Freehold
T1319,Parc Meridian,D19,1950000,1046.0,1864.24,2022-05-22,Resale,99 yrs
T2063,Tanjong Heights,D15,1816000,719.0,2525.73,2021-07-08,Resale,Freehold
T2753,Westwood Gardens,D22,899000,659.0,1364.19,2021-03-09,Resale,99 yrs
T2178,Sengkang Terrace,D19,2561000,1331.0,1924.12,2025-04-16,Resale,99 yrs
T2702,Queens Parkview,D03,2556000,1078.54,2369.86,2021-10-28,New Sale,99 yrs
T1301,Parc Meridian,D19,1899000,992.0,1914.31,2025-06-28,New Sale,99 yrs
T2176,Sengkang Terrace,D19,1437000,942.0,1525.48,2021-12-09,Resale,99 yrs
T2444,Pasir View Residences,D18,1106000,748.09,1478.43,2020-04-05,Resale,99 yrs
T2696,Queens Parkview,D03,1865000,672.0,2775.3,2024-12-09,New Sale,99 yrs
T1003,Lakeshore Grand,D22,1868000,1284.0,1454.83,2020-05-24,New Sale,99 yrs
T1775,Marina Vue,D01,2260000,798.0,2832.08,2025-06-19,New Sale,99 yrs
T2060,Tanjong Heights,D15,2954000,1117.29,2643.89,2023-03-25,Resale,Freehold
T1507,The Orchid Residences,D10,3746000,1137.0,3294.64,2025-04-11,Resale,Freehold
T2400,Holland Crest,D10,2581000,940.76,2743.51,2020-08-12,Resale,Freehold
T2018,Tanjong Heights,D15,2015000,744.0,2708.33,2024-08-17,Resale,Freehold
T2398,Holland Crest,D10,1496000,505.0,2962.38,2020-04-03,Sub Sale,Freehold
T1014,Lakeshore Grand,D22,1043000,504.0,2069.44,2026-06-03,Resale,99 yrs
T1862,Bukit Verde,D23,1538000,797.0,1929.74,2025-01-12,Resale,99 yrs
T2487,Pasir View Residences,D18,1129000,718.0,1572.42,2021-02-25,Resale,99 yrs
T2548,Pasir View Residences,D18,2100000,1419.0,1479.92,2022-06-29,Resale,99 yrs
T2201,Sengkang Terrace,D19,1876000,1299.0,1444.19,2020-10-12,Resale,99 yrs
T1979,Bukit Verde,D23,1772000,947.0,1871.17,2024-08-01,New Sale,99 yrs
T2615,Queens Parkview,D03,1041000,481.15,2163.58,2020-01-29,Sub Sale,99 yrs
T1780,Bukit Verde,D23,1959000,1102.0,1777.68,2024-02-13,Resale,99 yrs
T2117,Tanjong Heights,D15,2005000,716.88,2796.86,2025-08-13,Resale,Freehold
T2038,Tanjong Heights,D15,2217000,1006.0,2203.78,2021-01-19,New Sale,Freehold
T1469,The Orchid Residences,D10,1641000,540.35,3036.93,2020-09-06,Sub Sale,Freehold
T1267,Parc Meridian,D19,1077000,707.0,1523.34,2020-06-09,Sub Sale,99 yrs
T2321,Sengkang Terrace,D19,1730000,980.0,1765.31,2023-09-06,Resale,99 yrs
T2106,Tanjong Heights,D15,3032000,1133.44,2675.05,2026-03-13,Resale,Freehold
T2676,Queens Parkview,D03,2408000,1092.54,2204.05,2020-01-11,Resale,99 yrs
T2390,Holland Crest,D10,1750000,549.0,3187.61,2023-09-15,Resale,Freehold
T2147,Tanjong Heights,D15,2203000,760.0,2898.68,2024-01-10,Resale,Freehold
T1626,Riverbend Suites,D05,1357000,726.56,1867.7,2020-08-17,Resale,99 yrs
T1112,Lakeshore Grand,D22,824000,542.0,1520.3,2022-02-19,Resale,99 yrs
T1270,Parc Meridian,D19,1289000,729.0,1768.18,2020-04-30,Resale,99 yrs
T1146,Lakeshore Grand,D22,1282000,737.33,1738.71,2024-11-13,Resale,99 yrs
T2703,Queens Parkview,D03,2157000,954.0,2261.01,2020-01-16,New Sale,99 yrs
T2378,Holland Crest,D10,2517000,715.8,3516.35,2025-10-09,Resale,Freehold
T1763,Marina Vue,D01,1707000,661.0,2582.45,2023-12-15,Resale,99 yrs
T2339,Sengkang Terrace,D19,766000,541.0,1415.9,2021-03-16,New Sale,99 yrs
T1311,Parc Meridian,D19,3120000,1458.51,2139.17,2024-01-18,New Sale,99 yrs
T1617,Riverbend Suites,D05,1717000,963.37,1782.29,2020-12-30,Sub Sale,99 yrs
T1796,Bukit Verde,D23,1036000,650.0,1593.85,2020-10-31,Resale,99 yrs
T2709,Queens Parkview,D03,1494000,682.0,2190.62,2021-02-28,Resale,99 yrs
T1951,Bukit Verde,D23,1031000,665.0,1550.38,2021-02-09,Resale,99 yrs
T2716,Queens Parkview,D03,1950000,661.0,2950.08,2025-11-09,Resale,99 yrs
T1394,Parc Meridian,D19,1625000,1036.0,1568.53,2020-04-30,New Sale,99 yrs
T1206,Lakeshore Grand,D22,2410000,1102.22,2186.49,2026-01-12,Resale,99 yrs
T2327,Sengkang Terrace,D19,1369000,704.0,1944.6,2025-04-07,Resale,99 yrs
T1453,The Orchid Residences,D10,3168000,1125.0,2816.0,2021-06-22,Resale,Freehold
T2118,Tanjong Heights,D15,1738000,678.13,2562.95,2024-10-12,Resale,Freehold
T2426,Holland Crest,D10,2540000,918.0,2766.88,2023-11-10,New Sale,Freehold
T2562,Pasir View Residences,D18,2570000,1147.0,2240.63,2025-08-20,Resale,99 yrs
T1696,Marina Vue,D01,3943000,1344.0,2933.78,2024-04-30,Resale,99 yrs
T1918,Bukit Verde,D23,1967000,946.0,2079.28,2024-12-30,Resale,99 yrs
T1062,Lakeshore Grand,D22,1087000,757.0,1435.93,2020-08-12,Sub Sale,99 yrs
T1274,Parc Meridian,D19,2287000,1332.57,1716.23,2022-06-19,Sub Sale,99 yrs
T2474,Pasir View Residences,D18,2129000,1363.79,1561.1,2021-11-13,Resale,99 yrs
T1728,Marina Vue,D01,3936000,1486.49,2647.84,2021-12-25,Resale,99 yrs
T1954,Bukit Verde,D23,758000,556.0,1363.31,2020-12-16,New Sale,99 yrs
T2048,Tanjong Heights,D15,1385000,516.67,2680.64,2021-07-25,Resale,Freehold
T2720,Queens Parkview,D03,1584000,714.0,2218.49,2022-04-05,Resale,99 yrs
T1379,Parc Meridian,D19,2866000,1411.0,2031.18,2023-06-26,Resale,99 yrs
T2168,Sengkang Terrace,D19,1988000,1024.0,1941.41,2024-04-05,Resale,99 yrs
T1496,The Orchid Residences,D10,3158000,1015.0,3111.33,2023-08-23,Resale,Freehold
T2387,Holland Crest,D10,2297000,708.0,3244.35,2023-04-25,Resale,Freehold
T1393,Parc Meridian,D19,2299000,1394.0,1649.21,2021-09-27,Sub Sale,99 yrs
T2169,Sengkang Terrace,D19,1670000,1046.0,1596.56,2022-05-05,Resale,99 yrs
T1731,Marina Vue,D01,2528000,966.6,2615.36,2023-02-21,Resale,99 yrs
T2802,Westwood Gardens,D22,1232000,663.06,1858.06,2025-07-04,New Sale,99 yrs
T1114,Lakeshore Grand,D22,1157000,556.49,2079.09,2026-06-25,Resale,99 yrs
T1541,Riverbend Suites,D05,2447000,1004.0,2437.25,2025-04-27,Resale,99 yrs
T1974,Bukit Verde,D23,1821000,926.0,1966.52,2025-02-06,Resale,99 yrs
T1635,Riverbend Suites,D05,1528000,754.55,2025.05,2023-02-08,New Sale,99 yrs
T2192,Sengkang Terrace,D19,1112000,747.01,1488.59,2021-12-18,Resale,99 yrs
T1798,Bukit Verde,D23,1102000,782.54,1408.24,2020-09-25,Resale,99 yrs
T1317,Parc Meridian,D19,1608000,710.42,2263.46,2026-07-03,Resale,99 yrs
T1331,Parc Meridian,D19,1242000,567.0,2190.48,2025-08-11,Resale,99 yrs
T1600,Riverbend Suites,D05,1310000,718.0,1824.51,2021-08-25,Resale,99 yrs
T2133,Tanjong Heights,D15,1407000,521.0,2700.58,2024-12-16,Resale,Freehold
T1155,Lakeshore Grand,D22,1632000,1104.38,1477.76,2020-12-08,Resale,99 yrs
T1285,Parc Meridian,D19,2291000,1277.0,1794.05,2022-03-30,New Sale,99 yrs
T2628,Queens Parkview,D03,1919000,751.0,2555.26,2023-07-08,Resale,99 yrs
T1795,Bukit Verde,D23,2713000,1363.79,1989.31,2024-11-05,New Sale,99 yrs
T2809,Westwood Gardens,D22,1673000,1028.0,1627.43,2024-05-29,Sub Sale,99 yrs
T1504,The Orchid Residences,D10,2292000,682.43,3358.58,2026-06-19,Resale,Freehold
T1211,Parc Meridian,D19,1541000,729.79,2111.56,2024-08-24,Resale,99 yrs
T1104,Lakeshore Grand,D22,1097000,529.58,2071.44,2026-04-16,Resale,99 yrs
T1002,Lakeshore Grand,D22,1062000,693.0,1532.47,2021-04-24,New Sale,99 yrs
T1216,Parc Meridian,D19,1949000,1118.0,1743.29,2021-08-28,Resale,99 yrs
T2682,Queens Parkview,D03,2412000,1287.0,1874.13,2020-07-06,Resale,99 yrs
T1075,Lakeshore Grand,D22,1661000,1081.0,1536.54,2020-12-31,Resale,99 yrs
T2510,Pasir View Residences,D18,1388000,679.0,2044.18,2024-03-23,New Sale,99 yrs
T2257,Sengkang Terrace,D19,1391000,1060.0,1312.26,2020-10-18,Resale,99 yrs
T2758,Westwood Gardens,D22,1416000,1009.65,1402.46,2023-01-31,Resale,99 yrs
T2110,Tanjong Heights,D15,1375000,546.0,2518.32,2024-02-10,New Sale,Freehold
T1734,Marina Vue,D01,3836000,1312.0,2923.78,2025-06-07,Resale,99 yrs
T2502,Pasir View Residences,D18,1068000,746.0,1431.64,2020-02-10,Resale,99 yrs
T1339,Parc Meridian,D19,2224000,1421.91,1564.09,2020-09-09,New Sale,99 yrs
T2218,Sengkang Terrace,D19,2783000,1468.0,1895.78,2025-08-27,Sub Sale,99 yrs
T1457,The Orchid Residences,D10,1807000,662.0,2729.61,2021-02-22,Resale,Freehold
T2373,Holland Crest,D10,4521000,1380.0,3276.09,2023-11-14,New Sale,Freehold
T2080,Tanjong Heights,D15,2272000,1016.0,2236.22,2020-08-20,New Sale,Freehold
T1229,Parc Meridian,D19,1655000,762.0,2171.92,2025-03-17,Resale,99 yrs
T1553,Riverbend Suites,D05,2445000,1066.0,2293.62,2024-08-06,Resale,99 yrs
T2081,Tanjong Heights,D15,1539000,658.0,2338.91,2020-07-29,Resale,Freehold
T1150,Lakeshore Grand,D22,1155000,773.0,1494.18,2021-12-24,Sub Sale,99 yrs
T1622,Riverbend Suites,D05,2940000,1318.0,2230.65,2024-10-30,Resale,99 yrs
T2042,Tanjong Heights,D15,1629000,770.0,2115.58,2022-02-13,Resale,Freehold
T1588,Riverbend Suites,D05,2451000,1127.0,2174.8,2022-11-20,Resale,99 yrs
T2789,Westwood Gardens,D22,1041000,778.0,1338.05,2021-05-25,Sub Sale,99 yrs
T1027,Lakeshore Grand,D22,1426000,974.0,1464.07,2021-01-19,New Sale,99 yrs
T1961,Bukit Verde,D23,2351000,1088.0,2160.85,2026-04-12,Resale,99 yrs
T1714,Marina Vue,D01,2731000,1103.0,2475.97,2023-07-23,New Sale,99 yrs
T2277,Sengkang Terrace,D19,2305000,1495.0,1541.81,2022-12-06,Resale,99 yrs
T1480,The Orchid Residences,D10,1529000,494.0,3095.14,2021-03-31,New Sale,Freehold
T1190,Lakeshore Grand,D22,1548000,999.0,1549.55,2020-09-16,Resale,99 yrs
T2730,Queens Parkview,D03,2368000,1038.0,2281.31,2022-10-17,Sub Sale,99 yrs
T1357,Parc Meridian,D19,2129000,1040.0,2047.12,2025-10-24,Resale,99 yrs
T2072,Tanjong Heights,D15,4404000,1453.13,3030.71,2025-06-10,New Sale,Freehold
T1691,Marina Vue,D01,2911000,1106.53,2630.75,2023-08-20,Resale,99 yrs
T1806,Bukit Verde,D23,1248000,687.0,1816.59,2025-03-01,Resale,99 yrs
T2544,Pasir View Residences,D18,900000,575.87,1562.86,2021-06-22,Sub Sale,99 yrs
T2163,Sengkang Terrace,D19,2306000,1111.0,2075.61,2026-01-08,New Sale,99 yrs
T1478,The Orchid Residences,D10,1901000,574.0,3311.85,2023-06-17,Resale,Freehold
T1452,The Orchid Residences,D10,3711000,1258.3,2949.22,2024-11-16,Resale,Freehold
T1182,Lakeshore Grand,D22,739000,500.0,1478.0,2023-01-11,Resale,99 yrs
T1859,Bukit Verde,D23,1760000,998.0,1763.53,2023-12-28,Sub Sale,99 yrs
T1276,Parc Meridian,D19,1284000,761.0,1687.25,2022-09-03,Resale,99 yrs
T2804,Westwood Gardens,D22,936000,543.0,1723.76,2024-08-31,Resale,99 yrs
T1433,The Orchid Residences,D10,3305000,1105.0,2990.95,2024-08-05,Resale,Freehold
T2283,Sengkang Terrace,D19,1799000,914.0,1968.27,2025-06-18,Resale,99 yrs
T1080,Lakeshore Grand,D22,1428000,923.0,1547.13,2020-12-22,Resale,99 yrs
T2249,Sengkang Terrace,D19,2709000,1447.0,1872.15,2024-10-09,New Sale,99 yrs
T2801,Westwood Gardens,D22,1095000,731.0,1497.95,2023-01-20,Resale,99 yrs
T2380,Holland Crest,D10,1637000,484.0,3382.23,2021-07-09,Resale,Freehold
T2322,Sengkang Terrace,D19,1672000,991.0,1687.18,2022-02-10,Resale,99 yrs
T1158,Lakeshore Grand,D22,1953000,1007.0,1939.42,2022-10-28,Resale,99 yrs
T2671,Queens Parkview,D03,2275000,906.0,2511.04,2023-02-13,Resale,99 yrs
T1800,Bukit Verde,D23,1806000,1069.0,1689.43,2023-05-15,Resale,99 yrs
T2827,Westwood Gardens,D22,1597000,1108.0,1441.34,2021-05-30,New Sale,99 yrs
T1164,Lakeshore Grand,D22,1991000,1088.0,1829.96,2023-08-02,New Sale,99 yrs
T1337,Parc Meridian,D19,1953000,1040.0,1877.88,2024-01-29,Resale,99 yrs
T1245,Parc Meridian,D19,1369000,650.14,2105.7,2025-04-13,New Sale,99 yrs
T2501,Pasir View Residences,D18,1609000,799.0,2013.77,2025-07-19,Sub Sale,99 yrs
T2291,Sengkang Terrace,D19,1423000,767.0,1855.28,2024-06-21,Resale,99 yrs
T1188,Lakeshore Grand,D22,1373000,912.0,1505.48,2021-06-29,Resale,99 yrs
T1705,Marina Vue,D01,2871000,995.66,2883.51,2024-08-26,Resale,99 yrs
T2271,Sengkang Terrace,D19,1161000,710.0,1635.21,2022-05-26,New Sale,99 yrs
T1025,Lakeshore Grand,D22,1171000,747.0,1567.6,2021-04-08,Resale,99 yrs
T2122,Tanjong Heights,D15,1610000,708.0,2274.01,2021-07-31,Resale,Freehold
T2833,Westwood Gardens,D22,1736000,1077.0,1611.88,2025-07-18,Resale,99 yrs
T2679,Queens Parkview,D03,2068000,953.68,2168.44,2020-10-06,Resale,99 yrs
T1887,Bukit Verde,D23,1830000,940.76,1945.23,2026-03-04,Resale,99 yrs
T2846,Westwood Gardens,D22,668000,520.0,1284.62,2020-07-24,Resale,99 yrs
T1517,The Orchid Residences,D10,1762000,557.0,3163.38,2025-09-10,Resale,Freehold
T2832,Westwood Gardens,D22,2102000,1462.0,1437.76,2022-01-15,Resale,99 yrs
T2808,Westwood Gardens,D22,1899000,1039.0,1827.72,2026-03-06,Resale,99 yrs
T1162,Lakeshore Grand,D22,1503000,772.85,1944.75,2024-11-29,New Sale,99 yrs
T1346,Parc Meridian,D19,1596000,768.54,2076.66,2022-08-12,Sub Sale,99 yrs
T2150,Sengkang Terrace,D19,1755000,950.45,1846.49,2025-01-30,New Sale,99 yrs
T1875,Bukit Verde,D23,1444000,731.95,1972.83,2023-10-04,New Sale,99 yrs
T1742,Marina Vue,D01,2804000,1146.0,2446.77,2023-09-27,Resale,99 yrs
T2415,Holland Crest,D10,5175000,1423.0,3636.68,2026-03-17,New Sale,Freehold
T2511,Pasir View Residences,D18,1096000,678.0,1616.52,2022-02-23,Resale,99 yrs
T1596,Riverbend Suites,D05,1061000,517.0,2052.22,2022-07-05,New Sale,99 yrs
T1559,Riverbend Suites,D05,2278000,1025.0,2222.44,2023-07-25,Resale,99 yrs
T2334,Sengkang Terrace,D19,2933000,1452.0,2019.97,2026-02-17,Resale,99 yrs
T2222,Sengkang Terrace,D19,1900000,1057.01,1797.51,2024-06-13,New Sale,99 yrs
T1350,Parc Meridian,D19,1588000,735.0,2160.54,2025-07-01,Resale,99 yrs
T1820,Bukit Verde,D23,1806000,1040.87,1735.09,2025-07-16,Resale,99 yrs
T2773,Westwood Gardens,D22,653000,499.0,1308.62,2021-02-11,Resale,99 yrs
T1823,Bukit Verde,D23,3055000,1483.0,2060.01,2025-07-16,Resale,99 yrs
T1619,Riverbend Suites,D05,1760000,978.0,1799.59,2021-07-15,New Sale,99 yrs
T1646,Riverbend Suites,D05,2492000,946.0,2634.25,2026-05-17,Resale,99 yrs
T1001,Lakeshore Grand,D22,1590000,904.17,1758.52,2022-07-19,Resale,99 yrs
T1059,Lakeshore Grand,D22,1176000,701.0,1677.6,2022-01-20,Resale,99 yrs
T2186,Sengkang Terrace,D19,1407000,998.89,1408.56,2021-03-12,Resale,99 yrs
T2208,Sengkang Terrace,D19,1326000,952.0,1392.86,2020-09-05,Resale,99 yrs
T2200,Sengkang Terrace,D19,2440000,1483.0,1645.31,2021-12-11,Resale,99 yrs
T2578,Pasir View Residences,D18,2381000,1469.0,1620.83,2021-10-09,Resale,99 yrs
T2417,Holland Crest,D10,3887000,1032.0,3766.47,2025-02-12,New Sale,Freehold
T1538,Riverbend Suites,D05,1286000,543.0,2368.32,2024-11-26,Resale,99 yrs
T1203,Lakeshore Grand,D22,2242000,1101.0,2036.33,2025-09-24,Resale,99 yrs
T1022,Lakeshore Grand,D22,1192000,678.0,1758.11,2022-12-11,Sub Sale,99 yrs
T2064,Tanjong Heights,D15,1639000,758.85,2159.83,2021-08-04,Sub Sale,Freehold
T1086,Lakeshore Grand,D22,2268000,1296.0,1750.0,2023-03-31,Resale,99 yrs
T2842,Westwood Gardens,D22,2460000,1421.91,1730.07,2025-07-02,Resale,99 yrs
T2520,Pasir View Residences,D18,1576000,975.0,1616.41,2020-07-15,Resale,99 yrs
T2556,Pasir View Residences,D18,1454000,701.81,2071.8,2024-05-07,Resale,99 yrs
T2691,Queens Parkview,D03,2101000,787.0,2669.63,2025-02-25,Resale,99 yrs
T2451,Pasir View Residences,D18,775000,559.72,1384.61,2020-09-23,Resale,99 yrs
T1852,Bukit Verde,D23,1234000,676.0,1825.44,2025-04-13,Resale,99 yrs
T1455,The Orchid Residences,D10,2730000,780.0,3500.0,2026-04-29,New Sale,Freehold
T1847,Bukit Verde,D23,3203000,1435.0,2232.06,2026-03-09,New Sale,99 yrs
T2780,Westwood Gardens,D22,2022000,1138.0,1776.8,2026-02-04,Resale,99 yrs
T1991,Bukit Verde,D23,1131000,753.0,1501.99,2023-03-11,Resale,99 yrs
T1367,Parc Meridian,D19,1560000,777.0,2007.72,2024-06-17,Sub Sale,99 yrs
T1307,Parc Meridian,D19,1424000,934.0,1524.63,2020-11-09,Sub Sale,99 yrs
T2074,Tanjong Heights,D15,1936000,776.0,2494.85,2023-05-16,Resale,Freehold
T1052,Lakeshore Grand,D22,2656000,1365.0,1945.79,2024-08-27,Resale,99 yrs
T1227,Parc Meridian,D19,2553000,1129.0,2261.29,2025-10-13,New Sale,99 yrs
T1125,Lakeshore Grand,D22,1831000,968.0,1891.53,2024-07-23,Resale,99 yrs
T1768,Marina Vue,D01,3181000,1066.0,2984.05,2026-04-21,Sub Sale,99 yrs
T1004,Lakeshore Grand,D22,1256000,655.0,1917.56,2023-07-23,Resale,99 yrs
T1039,Lakeshore Grand,D22,1094000,678.13,1613.27,2022-02-09,Resale,99 yrs
T1374,Parc Meridian,D19,2029000,962.0,2109.15,2026-01-10,Resale,99 yrs
T2422,Holland Crest,D10,2027000,568.0,3568.66,2023-05-24,Resale,Freehold
T2214,Sengkang Terrace,D19,1814000,1402.54,1293.37,2020-09-15,Resale,99 yrs
T2216,Sengkang Terrace,D19,2279000,1289.0,1768.04,2023-03-30,Resale,99 yrs
T2603,Pasir View Residences,D18,1163000,654.0,1778.29,2022-10-01,Resale,99 yrs
T2631,Queens Parkview,D03,1896000,699.65,2709.91,2024-12-14,Resale,99 yrs
T2348,Sengkang Terrace,D19,913000,507.0,1800.79,2024-10-12,Resale,99 yrs
T1717,Marina Vue,D01,1734000,731.95,2369.03,2022-12-21,Resale,99 yrs
T1530,Riverbend Suites,D05,901000,496.22,1815.74,2021-01-28,Resale,99 yrs
T1422,The Orchid Residences,D10,2188000,683.0,3203.51,2024-06-05,New Sale,Freehold
T1380,Parc Meridian,D19,1090000,574.0,1898.95,2023-07-25,Sub Sale,99 yrs
T2766,Westwood Gardens,D22,1185000,786.0,1507.63,2022-06-18,Resale,99 yrs
T1788,Bukit Verde,D23,1177000,562.95,2090.76,2026-07-05,Resale,99 yrs
T2405,Holland Crest,D10,3821000,1064.55,3589.31,2026-03-30,Resale,Freehold
T2469,Pasir View Residences,D18,2144000,920.31,2329.64,2026-06-12,Resale,99 yrs
T2374,Holland Crest,D10,3922000,1038.0,3778.42,2026-04-21,New Sale,Freehold
T2356,Holland Crest,D10,4639000,1477.0,3140.83,2022-04-22,Resale,Freehold
T1465,The Orchid Residences,D10,3804000,1257.0,3026.25,2024-02-05,Resale,Freehold
T1445,The Orchid Residences,D10,3561000,1021.0,3487.76,2026-03-24,Sub Sale,Freehold
T2458,Pasir View Residences,D18,1296000,722.0,1795.01,2024-09-18,Resale,99 yrs
T2649,Queens Parkview,D03,2304000,1106.53,2082.19,2021-08-19,New Sale,99 yrs
T2037,Tanjong Heights,D15,2667000,1004.0,2656.37,2025-07-24,New Sale,Freehold
T1045,Lakeshore Grand,D22,1386000,779.0,1779.2,2023-04-03,Resale,99 yrs
T1730,Marina Vue,D01,3532000,1334.0,2647.68,2023-01-08,Resale,99 yrs
T2211,Sengkang Terrace,D19,764000,575.0,1328.7,2020-06-01,New Sale,99 yrs
T2070,Tanjong Heights,D15,1711000,774.0,2210.59,2022-07-02,Resale,Freehold
T2180,Sengkang Terrace,D19,2348000,1431.0,1640.81,2023-01-14,Sub Sale,99 yrs
T1589,Riverbend Suites,D05,1726000,754.0,2289.12,2024-12-24,Resale,99 yrs
T2026,Tanjong Heights,D15,2327000,1058.0,2199.43,2020-04-05,Resale,Freehold
T2637,Queens Parkview,D03,1722000,676.0,2547.34,2023-01-13,Resale,99 yrs
T2286,Sengkang Terrace,D19,1082000,699.0,1547.93,2022-01-05,Resale,99 yrs
T2739,Queens Parkview,D03,3597000,1473.0,2441.96,2023-03-02,New Sale,99 yrs
T1212,Parc Meridian,D19,1208000,707.19,1708.17,2021-12-01,Resale,99 yrs
T1727,Marina Vue,D01,1853000,700.73,2644.39,2026-01-17,Resale,99 yrs
T1981,Bukit Verde,D23,1226000,744.86,1645.94,2022-10-23,Resale,99 yrs
T2443,Pasir View Residences,D18,2478000,1456.0,1701.92,2024-07-04,Resale,99 yrs
T2784,Westwood Gardens,D22,2204000,1422.99,1548.85,2024-07-02,Resale,99 yrs
T1161,Lakeshore Grand,D22,1471000,935.0,1573.26,2021-09-25,Resale,99 yrs
T2573,Pasir View Residences,D18,912000,545.0,1673.39,2021-03-28,Resale,99 yrs
T2030,Tanjong Heights,D15,1538000,542.5,2835.02,2025-07-09,Resale,Freehold
T2849,Westwood Gardens,D22,1461000,1251.0,1167.87,2021-01-28,Resale,99 yrs
T2041,Tanjong Heights,D15,1263000,505.0,2500.99,2024-07-09,Resale,Freehold
T1009,Lakeshore Grand,D22,1544000,1139.0,1355.58,2020-08-30,New Sale,99 yrs
T1881,Bukit Verde,D23,982000,722.0,1360.11,2020-04-13,Resale,99 yrs
T2236,Sengkang Terrace,D19,1083000,572.64,1891.24,2023-07-10,Resale,99 yrs
T1525,Riverbend Suites,D05,3696000,1447.0,2554.25,2024-11-03,Resale,99 yrs
T2273,Sengkang Terrace,D19,834000,529.58,1574.82,2020-11-21,Resale,99 yrs
T1079,Lakeshore Grand,D22,2691000,1429.0,1883.14,2023-05-19,New Sale,99 yrs
T2650,Queens Parkview,D03,2478000,1053.0,2353.28,2020-06-05,Resale,99 yrs
T2086,Tanjong Heights,D15,2747000,1069.93,2567.45,2022-11-25,Resale,Freehold
T1583,Riverbend Suites,D05,1476000,657.0,2246.58,2023-05-17,Resale,99 yrs
T2845,Westwood Gardens,D22,882000,696.0,1267.24,2020-08-29,New Sale,99 yrs
T2204,Sengkang Terrace,D19,1272000,742.71,1712.65,2024-01-07,Resale,99 yrs
T2059,Tanjong Heights,D15,1190000,505.0,2356.44,2024-07-09,Resale,Freehold
T1550,Riverbend Suites,D05,2582000,1375.0,1877.82,2021-07-26,Resale,99 yrs
T2076,Tanjong Heights,D15,4105000,1461.0,2809.72,2025-10-18,Resale,Freehold
T1851,Bukit Verde,D23,1509000,724.0,2084.25,2024-07-20,New Sale,99 yrs
T1121,Lakeshore Grand,D22,1465000,775.0,1890.32,2024-12-02,New Sale,99 yrs
T1757,Marina Vue,D01,3297000,1291.67,2552.51,2021-02-23,Resale,99 yrs
T1132,Lakeshore Grand,D22,2672000,1278.0,2090.77,2025-06-25,Resale,99 yrs
T2445,Pasir View Residences,D18,982000,546.0,1798.53,2024-08-03,Resale,99 yrs
T2674,Queens Parkview,D03,2862000,1114.0,2569.12,2024-11-26,New Sale,99 yrs
T1200,Lakeshore Grand,D22,2725000,1323.0,2059.71,2025-09-13,Sub Sale,99 yrs
T2497,Pasir View Residences,D18,1377000,745.0,1848.32,2024-08-17,Sub Sale,99 yrs
T2484,Pasir View Residences,D18,1847000,908.47,2033.08,2025-08-16,Resale,99 yrs
T2003,Bukit Verde,D23,1816000,1354.0,1341.21,2020-03-31,Sub Sale,99 yrs
T2441,Pasir View Residences,D18,2716000,1371.32,1980.57,2026-02-15,Resale,99 yrs
T2112,Tanjong Heights,D15,3054000,1026.88,2974.07,2025-11-10,Resale,Freehold
T1262,Parc Meridian,D19,1556000,719.0,2164.12,2023-11-08,Resale,99 yrs
T2657,Queens Parkview,D03,2109000,988.0,2134.62,2021-09-05,Resale,99 yrs
T1993,Bukit Verde,D23,998000,735.17,1357.5,2020-02-01,New Sale,99 yrs
T2174,Sengkang Terrace,D19,3010000,1472.0,2044.84,2025-03-05,Resale,99 yrs
T1098,Lakeshore Grand,D22,1244000,742.0,1676.55,2023-01-19,New Sale,99 yrs
T1741,Marina Vue,D01,2858000,1134.0,2520.28,2024-01-05,Resale,99 yrs
T1586,Riverbend Suites,D05,2268000,900.0,2520.0,2025-10-17,Resale,99 yrs
T1967,Bukit Verde,D23,907000,532.81,1702.29,2023-11-22,Resale,99 yrs
T2027,Tanjong Heights,D15,2150000,1018.0,2111.98,2020-02-05,Resale,Freehold
T1943,Bukit Verde,D23,2021000,1116.0,1810.93,2023-08-02,Resale,99 yrs
T2406,Holland Crest,D10,2529000,719.0,3517.39,2026-03-27,New Sale,Freehold
T2622,Queens Parkview,D03,3240000,1482.0,2186.23,2022-11-24,Resale,99 yrs
T2126,Tanjong Heights,D15,2179000,989.2,2202.78,2020-06-16,Sub Sale,Freehold
T2571,Pasir View Residences,D18,1398000,668.0,2092.81,2025-07-06,Resale,99 yrs
T1008,Lakeshore Grand,D22,1812000,1146.36,1580.66,2020-12-05,Resale,99 yrs
T1421,The Orchid Residences,D10,1954000,700.0,2791.43,2023-05-26,Resale,Freehold
T2164,Sengkang Terrace,D19,1602000,749.17,2138.37,2025-12-28,Resale,99 yrs
T2668,Queens Parkview,D03,1857000,665.21,2791.6,2025-05-30,New Sale,99 yrs
T1219,Parc Meridian,D19,1135000,735.0,1544.22,2020-06-11,Resale,99 yrs
T2232,Sengkang Terrace,D19,3016000,1400.38,2153.7,2026-03-29,New Sale,99 yrs
T2145,Tanjong Heights,D15,2861000,1082.85,2642.11,2023-01-21,Resale,Freehold
T1316,Parc Meridian,D19,2429000,989.0,2456.02,2026-04-30,Resale,99 yrs
T1099,Lakeshore Grand,D22,2058000,997.81,2062.51,2025-06-23,Resale,99 yrs
T2719,Queens Parkview,D03,1559000,571.0,2730.3,2025-09-11,Resale,99 yrs
T2213,Sengkang Terrace,D19,1688000,1069.93,1577.67,2021-03-05,Sub Sale,99 yrs
T1733,Marina Vue,D01,1664000,733.0,2270.12,2021-03-14,Resale,99 yrs
T2641,Queens Parkview,D03,1482000,559.0,2651.16,2026-06-25,Resale,99 yrs
T2435,Pasir View Residences,D18,1289000,910.0,1416.48,2021-09-28,Resale,99 yrs
T2654,Queens Parkview,D03,1197000,484.38,2471.22,2025-11-06,New Sale,99 yrs
T1389,Parc Meridian,D19,1689000,1120.0,1508.04,2020-12-06,Resale,99 yrs
T1284,Parc Meridian,D19,2071000,1401.0,1478.23,2021-04-20,Resale,99 yrs
T1290,Parc Meridian,D19,1766000,769.0,2296.49,2024-05-06,Resale,99 yrs
T1094,Lakeshore Grand,D22,1977000,1047.0,1888.25,2023-06-02,Resale,99 yrs
T1837,Bukit Verde,D23,911000,530.0,1718.87,2022-10-26,New Sale,99 yrs
T2154,Sengkang Terrace,D19,1455000,754.0,1929.71,2025-07-20,Resale,99 yrs
T1177,Lakeshore Grand,D22,2573000,1451.0,1773.26,2025-08-17,New Sale,99 yrs
T2199,Sengkang Terrace,D19,1635000,1148.0,1424.22,2020-01-30,New Sale,99 yrs
T1111,Lakeshore Grand,D22,1513000,768.0,1970.05,2026-01-11,New Sale,99 yrs
T1863,Bukit Verde,D23,2060000,1142.0,1803.85,2023-04-28,Sub Sale,99 yrs
T2826,Westwood Gardens,D22,1047000,707.0,1480.91,2021-01-11,Resale,99 yrs
T1743,Marina Vue,D01,2892000,1047.33,2761.31,2025-03-07,Sub Sale,99 yrs
T1351,Parc Meridian,D19,2939000,1421.0,2068.26,2024-09-20,New Sale,99 yrs
T2203,Sengkang Terrace,D19,2135000,1137.0,1877.75,2024-07-05,New Sale,99 yrs
T1745,Marina Vue,D01,1990000,658.75,3020.87,2025-07-11,Resale,99 yrs
T1321,Parc Meridian,D19,1953000,766.0,2549.61,2026-04-01,Resale,99 yrs
T2253,Sengkang Terrace,D19,2635000,1145.28,2300.75,2026-02-01,Resale,99 yrs
T2369,Holland Crest,D10,3028000,912.0,3320.18,2026-05-19,Resale,Freehold
T1185,Lakeshore Grand,D22,891000,506.98,1757.47,2024-05-20,Resale,99 yrs
T1722,Marina Vue,D01,1723000,767.0,2246.41,2020-11-26,New Sale,99 yrs
T1994,Bukit Verde,D23,1493000,653.0,2286.37,2025-12-19,Resale,99 yrs
T2799,Westwood Gardens,D22,1065000,728.72,1461.47,2022-05-12,Resale,99 yrs
T1077,Lakeshore Grand,D22,1352000,918.0,1472.77,2021-06-01,Resale,99 yrs
T1715,Marina Vue,D01,2200000,929.0,2368.14,2024-04-28,Resale,99 yrs
T2577,Pasir View Residences,D18,2067000,931.0,2220.19,2025-11-07,New Sale,99 yrs
T2725,Queens Parkview,D03,3485000,1416.0,2461.16,2023-12-13,New Sale,99 yrs
T2699,Queens Parkview,D03,1332000,574.0,2320.56,2023-01-26,Resale,99 yrs
T2665,Queens Parkview,D03,2405000,992.0,2424.4,2023-09-18,Resale,99 yrs
T1744,Marina Vue,D01,2861000,996.0,2872.49,2024-07-13,New Sale,99 yrs
T1153,Lakeshore Grand,D22,1349000,674.0,2001.48,2024-11-08,New Sale,99 yrs
T2684,Queens Parkview,D03,1338000,650.0,2058.46,2020-12-14,New Sale,99 yrs
T1149,Lakeshore Grand,D22,2147000,1108.0,1937.73,2024-03-27,Resale,99 yrs
T1895,Bukit Verde,D23,2134000,1260.0,1693.65,2023-11-22,Resale,99 yrs
T1676,Riverbend Suites,D05,2287000,1072.0,2133.4,2022-06-22,Sub Sale,99 yrs
T1960,Bukit Verde,D23,1539000,744.0,2068.55,2024-02-10,New Sale,99 yrs
T1314,Parc Meridian,D19,1167000,563.0,2072.82,2024-07-29,Sub Sale,99 yrs
T2066,Tanjong Heights,D15,1787000,654.45,2730.56,2023-12-08,Resale,Freehold
T1506,The Orchid Residences,D10,3165000,967.67,3270.73,2022-11-14,Resale,Freehold
T1591,Riverbend Suites,D05,1796000,993.51,1807.74,2020-01-03,New Sale,99 yrs
T1962,Bukit Verde,D23,1174000,767.47,1529.71,2021-02-19,Sub Sale,99 yrs
T1232,Parc Meridian,D19,871000,494.06,1762.93,2020-12-20,Resale,99 yrs
T1828,Bukit Verde,D23,2314000,1313.0,1762.38,2023-12-30,Resale,99 yrs
T2318,Sengkang Terrace,D19,1680000,1146.0,1465.97,2020-11-02,Resale,99 yrs
T2783,Westwood Gardens,D22,1020000,756.7,1347.95,2021-11-05,Resale,99 yrs
T1169,Lakeshore Grand,D22,1158000,752.0,1539.89,2020-09-05,Resale,99 yrs
T1708,Marina Vue,D01,3985000,1409.0,2828.25,2025-03-13,Resale,99 yrs
T1557,Riverbend Suites,D05,1711000,934.0,1831.91,2021-01-09,Resale,99 yrs
T1805,Bukit Verde,D23,1359000,1046.25,1298.92,2020-02-15,Resale,99 yrs
T1443,The Orchid Residences,D10,2352000,793.0,2965.95,2022-08-05,Resale,Freehold
T1792,Bukit Verde,D23,1291000,654.0,1974.01,2023-10-12,Resale,99 yrs
T1949,Bukit Verde,D23,1037000,727.0,1426.41,2021-05-04,Resale,99 yrs
T2280,Sengkang Terrace,D19,755000,536.0,1408.58,2021-09-12,Resale,99 yrs
T2559,Pasir View Residences,D18,1804000,1010.0,1786.14,2021-07-16,Resale,99 yrs
T2662,Queens Parkview,D03,2312000,955.0,2420.94,2023-06-22,Resale,99 yrs
T1627,Riverbend Suites,D05,3021000,1295.97,2331.07,2023-11-17,Resale,99 yrs
T1597,Riverbend Suites,D05,2283000,1054.86,2164.26,2024-01-12,Resale,99 yrs
T2332,Sengkang Terrace,D19,1720000,798.0,2155.39,2026-03-01,Resale,99 yrs
T1323,Parc Meridian,D19,1753000,1134.0,1545.86,2020-12-19,Resale,99 yrs
T2258,Sengkang Terrace,D19,2017000,995.66,2025.79,2024-12-14,Resale,99 yrs
T2705,Queens Parkview,D03,3106000,1448.0,2145.03,2022-08-23,Resale,99 yrs
T1500,The Orchid Residences,D10,2649000,995.0,2662.31,2020-03-07,Sub Sale,Freehold
T2353,Holland Crest,D10,3901000,1121.0,3479.93,2025-06-18,New Sale,Freehold
T2054,Tanjong Heights,D15,1416000,544.0,2602.94,2022-01-12,Resale,Freehold
T1165,Lakeshore Grand,D22,1371000,943.0,1453.87,2020-05-16,Resale,99 yrs
T2743,Westwood Gardens,D22,1104000,728.72,1514.99,2023-02-21,Resale,99 yrs
T1088,Lakeshore Grand,D22,780000,503.0,1550.7,2021-11-11,New Sale,99 yrs
T2841,Westwood Gardens,D22,1987000,1298.0,1530.82,2025-02-11,Resale,99 yrs
T1370,Parc Meridian,D19,1202000,680.0,1767.65,2022-12-22,Resale,99 yrs
T1226,Parc Meridian,D19,1628000,767.0,2122.56,2023-06-11,Sub Sale,99 yrs
T1160,Lakeshore Grand,D22,865000,507.0,1706.11,2023-03-04,Resale,99 yrs
T1084,Lakeshore Grand,D22,1178000,696.0,1692.53,2022-11-30,Resale,99 yrs
T1712,Marina Vue,D01,2470000,1051.0,2350.14,2022-03-25,Resale,99 yrs
T1156,Lakeshore Grand,D22,1089000,697.0,1562.41,2020-12-10,New Sale,99 yrs
T2747,Westwood Gardens,D22,1345000,980.0,1372.45,2021-10-09,New Sale,99 yrs
T1986,Bukit Verde,D23,2338000,1110.0,2106.31,2025-07-09,New Sale,99 yrs
T2506,Pasir View Residences,D18,2503000,1316.42,1901.36,2023-11-30,Resale,99 yrs
T2652,Queens Parkview,D03,2594000,1124.0,2307.83,2020-11-06,Resale,99 yrs
T1026,Lakeshore Grand,D22,1862000,959.0,1941.61,2025-06-26,New Sale,99 yrs
T1573,Riverbend Suites,D05,2479000,1432.0,1731.15,2022-03-19,Resale,99 yrs
T1131,Lakeshore Grand,D22,777000,485.0,1602.06,2020-05-26,Resale,99 yrs
T1989,Bukit Verde,D23,1708000,1269.06,1345.87,2020-05-18,New Sale,99 yrs
T2630,Queens Parkview,D03,2762000,1103.0,2504.08,2024-10-05,Resale,99 yrs
T1899,Bukit Verde,D23,720000,482.22,1493.09,2020-06-01,Resale,99 yrs
T1263,Parc Meridian,D19,1114000,660.0,1687.88,2022-03-18,Resale,99 yrs
T1666,Riverbend Suites,D05,1570000,704.0,2230.11,2024-01-24,New Sale,99 yrs
T1748,Marina Vue,D01,1916000,729.79,2625.4,2024-07-03,Resale,99 yrs
T2045,Tanjong Heights,D15,2970000,1260.0,2357.14,2022-03-25,New Sale,Freehold
T2047,Tanjong Heights,D15,1845000,675.0,2733.33,2024-12-04,Resale,Freehold
T2428,Holland Crest,D10,2167000,767.47,2823.58,2020-09-07,Resale,Freehold
T1282,Parc Meridian,D19,1685000,921.0,1829.53,2022-11-09,Resale,99 yrs
T1034,Lakeshore Grand,D22,1148000,792.0,1449.49,2020-10-22,Resale,99 yrs
T1886,Bukit Verde,D23,1326000,710.0,1867.61,2025-03-14,Resale,99 yrs
T2194,Sengkang Terrace,D19,2074000,1119.45,1852.7,2024-10-26,Resale,99 yrs
T1128,Lakeshore Grand,D22,2939000,1291.67,2275.35,2026-04-03,New Sale,99 yrs
T2012,Tanjong Heights,D15,3176000,1130.21,2810.1,2024-02-27,Resale,Freehold
T2233,Sengkang Terrace,D19,1192000,756.0,1576.72,2021-06-01,New Sale,99 yrs
T1959,Bukit Verde,D23,1682000,1044.0,1611.11,2021-07-23,Resale,99 yrs
T1857,Bukit Verde,D23,1706000,772.85,2207.42,2025-07-01,Resale,99 yrs
T1618,Riverbend Suites,D05,2795000,1049.48,2663.22,2026-04-21,Resale,99 yrs
T1246,Parc Meridian,D19,853000,497.0,1716.3,2022-11-15,New Sale,99 yrs
T1183,Lakeshore Grand,D22,1353000,949.38,1425.15,2020-06-11,New Sale,99 yrs
T2158,Sengkang Terrace,D19,2516000,1421.91,1769.45,2024-07-11,Resale,99 yrs
T2815,Westwood Gardens,D22,1000000,675.0,1481.48,2021-09-04,Resale,99 yrs
T1885,Bukit Verde,D23,1195000,727.64,1642.3,2023-12-30,Sub Sale,99 yrs
T1451,The Orchid Residences,D10,1494000,525.28,2844.21,2020-11-15,Resale,Freehold
T1194,Lakeshore Grand,D22,2281000,1104.0,2066.12,2025-04-10,Resale,99 yrs
T1614,Riverbend Suites,D05,2399000,984.0,2438.01,2024-07-15,Resale,99 yrs
T1906,Bukit Verde,D23,1438000,1038.0,1385.36,2021-03-04,New Sale,99 yrs
T1356,Parc Meridian,D19,2113000,1071.01,1972.91,2024-04-14,New Sale,99 yrs
T2267,Sengkang Terrace,D19,2037000,1067.78,1907.7,2025-09-21,Resale,99 yrs
T1139,Lakeshore Grand,D22,2108000,1312.0,1606.71,2021-04-26,Resale,99 yrs
T1401,The Orchid Residences,D10,2513000,734.0,3423.71,2026-01-12,Resale,Freehold
T1563,Riverbend Suites,D05,1067000,563.0,1895.2,2021-05-04,Resale,99 yrs
T1326,Parc Meridian,D19,2562000,1029.0,2489.8,2026-06-03,New Sale,99 yrs
T2568,Pasir View Residences,D18,1264000,525.28,2406.34,2026-03-22,New Sale,99 yrs
T2806,Westwood Gardens,D22,1238000,705.0,1756.03,2024-11-09,New Sale,99 yrs
T2564,Pasir View Residences,D18,1060000,655.0,1618.32,2023-03-20,New Sale,99 yrs
T1680,Riverbend Suites,D05,2171000,988.0,2197.37,2023-11-01,New Sale,99 yrs
T1593,Riverbend Suites,D05,1257000,536.0,2345.15,2024-10-28,Resale,99 yrs
T1222,Parc Meridian,D19,2142000,963.0,2224.3,2024-09-22,New Sale,99 yrs
T2221,Sengkang Terrace,D19,1641000,991.0,1655.9,2021-10-24,Resale,99 yrs
T2567,Pasir View Residences,D18,2823000,1444.0,1954.99,2023-11-15,New Sale,99 yrs
T2239,Sengkang Terrace,D19,2410000,1141.0,2112.18,2026-03-13,New Sale,99 yrs
T2493,Pasir View Residences,D18,711000,506.0,1405.14,2021-12-12,Resale,99 yrs
T2243,Sengkang Terrace,D19,1612000,1143.13,1410.17,2020-02-10,Sub Sale,99 yrs
T1590,Riverbend Suites,D05,2345000,1029.0,2278.91,2023-03-06,Resale,99 yrs
T1406,The Orchid Residences,D10,1991000,751.0,2651.13,2020-12-27,Resale,Freehold
T1754,Marina Vue,D01,1413000,489.0,2889.57,2022-11-14,Resale,99 yrs
T1592,Riverbend Suites,D05,3404000,1264.76,2691.42,2025-08-27,Resale,99 yrs
T1816,Bukit Verde,D23,1137000,719.0,1581.36,2022-05-24,Resale,99 yrs
T1911,Bukit Verde,D23,877000,504.0,1740.08,2023-12-02,New Sale,99 yrs
T1707,Marina Vue,D01,1203000,565.1,2128.81,2021-05-28,Resale,99 yrs
T2488,Pasir View Residences,D18,1393000,1015.04,1372.37,2020-01-31,Sub Sale,99 yrs
T1225,Parc Meridian,D19,834000,517.0,1613.15,2020-06-16,Resale,99 yrs
T1721,Marina Vue,D01,1983000,768.54,2580.21,2025-01-13,Resale,99 yrs
T2518,Pasir View Residences,D18,890000,500.0,1780.0,2023-05-24,New Sale,99 yrs
T1702,Marina Vue,D01,2432000,925.0,2629.19,2024-06-01,Resale,99 yrs
T2025,Tanjong Heights,D15,1629000,725.49,2245.39,2020-07-19,Resale,Freehold
T1797,Bukit Verde,D23,1766000,938.0,1882.73,2025-08-07,Resale,99 yrs
T1366,Parc Meridian,D19,2369000,1009.0,2347.87,2026-03-13,Resale,99 yrs
T1363,Parc Meridian,D19,2109000,1054.0,2000.95,2023-09-01,Sub Sale,99 yrs
T1920,Bukit Verde,D23,1482000,790.0,1875.95,2025-03-27,Resale,99 yrs
T1537,Riverbend Suites,D05,2114000,933.23,2265.25,2022-05-21,Resale,99 yrs
T1298,Parc Meridian,D19,1317000,680.0,1936.76,2024-03-26,Resale,99 yrs
T1338,Parc Meridian,D19,2022000,985.97,2050.77,2023-07-29,Sub Sale,99 yrs
T1201,Lakeshore Grand,D22,1591000,935.0,1701.6,2021-12-03,Resale,99 yrs
T1783,Bukit Verde,D23,793000,553.26,1433.31,2021-10-17,Resale,99 yrs
T1963,Bukit Verde,D23,791000,539.0,1467.53,2021-11-08,Resale,99 yrs
T1123,Lakeshore Grand,D22,2632000,1404.69,1873.72,2024-01-01,Resale,99 yrs
T2067,Tanjong Heights,D15,1466000,689.0,2127.72,2020-04-25,New Sale,Freehold
T1628,Riverbend Suites,D05,2790000,1088.23,2563.8,2026-01-07,Resale,99 yrs
T1404,The Orchid Residences,D10,4678000,1384.24,3379.48,2024-09-22,Resale,Freehold
T1472,The Orchid Residences,D10,4054000,1275.52,3178.31,2022-01-11,Resale,Freehold
T1526,Riverbend Suites,D05,1181000,579.0,2039.72,2022-03-19,Resale,99 yrs
T2592,Pasir View Residences,D18,1791000,935.0,1915.51,2024-04-07,Resale,99 yrs
T1578,Riverbend Suites,D05,1508000,761.0,1981.6,2021-04-05,New Sale,99 yrs
T1612,Riverbend Suites,D05,1314000,520.0,2526.92,2024-07-21,Sub Sale,99 yrs
T1213,Parc Meridian,D19,2365000,1080.0,2189.81,2024-07-09,Sub Sale,99 yrs
T1471,The Orchid Residences,D10,1208000,485.0,2490.72,2020-03-28,Sub Sale,Freehold
T1907,Bukit Verde,D23,1690000,1055.0,1601.9,2022-08-27,Resale,99 yrs
T1532,Riverbend Suites,D05,1541000,665.0,2317.29,2023-04-08,Resale,99 yrs
T2579,Pasir View Residences,D18,1840000,1044.1,1762.29,2024-11-14,New Sale,99 yrs
T2480,Pasir View Residences,D18,2072000,1030.0,2011.65,2023-10-19,Sub Sale,99 yrs
T2090,Tanjong Heights,D15,1501000,695.0,2159.71,2020-08-09,New Sale,Freehold
T2295,Sengkang Terrace,D19,1730000,950.45,1820.19,2024-07-13,Resale,99 yrs
T1265,Parc Meridian,D19,2682000,1435.0,1868.99,2023-05-21,Resale,99 yrs
T1145,Lakeshore Grand,D22,2019000,943.0,2141.04,2025-08-19,New Sale,99 yrs
T1060,Lakeshore Grand,D22,1046000,679.0,1540.5,2020-10-06,Sub Sale,99 yrs
T1347,Parc Meridian,D19,2702000,1410.07,1916.22,2022-12-13,Resale,99 yrs
T2419,Holland Crest,D10,2126000,774.0,2746.77,2020-06-28,Sub Sale,Freehold
T1170,Lakeshore Grand,D22,1300000,700.73,1855.21,2024-02-27,Sub Sale,99 yrs
T2013,Tanjong Heights,D15,2057000,901.0,2283.02,2022-12-11,Resale,Freehold
T1033,Lakeshore Grand,D22,1265000,668.44,1892.47,2024-03-29,Resale,99 yrs
T1089,Lakeshore Grand,D22,1277000,702.88,1816.8,2022-11-10,Resale,99 yrs
T2383,Holland Crest,D10,3139000,967.0,3246.12,2020-09-12,Resale,Freehold
T1057,Lakeshore Grand,D22,1117000,766.0,1458.22,2021-03-01,Resale,99 yrs
T1569,Riverbend Suites,D05,2203000,918.0,2399.78,2023-04-04,Resale,99 yrs
T1638,Riverbend Suites,D05,1306000,480.07,2720.44,2026-07-04,Resale,99 yrs
T2635,Queens Parkview,D03,2163000,752.4,2874.81,2026-05-20,Resale,99 yrs
T1416,The Orchid Residences,D10,3321000,1094.0,3035.65,2023-10-09,Resale,Freehold
T1840,Bukit Verde,D23,1682000,1005.35,1673.05,2023-03-16,Resale,99 yrs
T2594,Pasir View Residences,D18,770000,557.0,1382.41,2021-03-17,Sub Sale,99 yrs
T1250,Parc Meridian,D19,1652000,745.94,2214.66,2024-10-30,Resale,99 yrs
T2639,Queens Parkview,D03,1800000,780.0,2307.69,2021-11-05,Resale,99 yrs
T1677,Riverbend Suites,D05,3418000,1325.0,2579.62,2026-02-05,Resale,99 yrs
T1833,Bukit Verde,D23,1042000,717.0,1453.28,2020-08-05,Sub Sale,99 yrs
T2485,Pasir View Residences,D18,2069000,981.0,2109.07,2025-03-12,New Sale,99 yrs
T1648,Riverbend Suites,D05,1651000,750.0,2201.33,2023-04-22,New Sale,99 yrs
T1313,Parc Meridian,D19,3382000,1480.0,2285.14,2025-07-01,Resale,99 yrs
T2134,Tanjong Heights,D15,2089000,791.0,2640.96,2022-09-21,New Sale,Freehold
T1041,Lakeshore Grand,D22,2357000,1313.0,1795.13,2024-11-04,Sub Sale,99 yrs
T1552,Riverbend Suites,D05,1232000,541.0,2277.26,2023-11-06,Resale,99 yrs
T2534,Pasir View Residences,D18,1138000,540.0,2107.41,2024-01-26,Resale,99 yrs
T1233,Parc Meridian,D19,1017000,665.0,1529.32,2022-03-12,Sub Sale,99 yrs
T1096,Lakeshore Grand,D22,911000,508.0,1793.31,2022-09-30,Resale,99 yrs
T2526,Pasir View Residences,D18,1604000,798.68,2008.31,2024-09-26,Resale,99 yrs
T1641,Riverbend Suites,D05,2160000,994.0,2173.04,2025-02-18,Resale,99 yrs
T2344,Sengkang Terrace,D19,2057000,1040.87,1976.23,2025-08-12,Resale,99 yrs
T2260,Sengkang Terrace,D19,1512000,966.0,1565.22,2022-03-24,Resale,99 yrs
T2265,Sengkang Terrace,D19,1077000,705.0,1527.66,2021-02-17,Resale,99 yrs
T1303,Parc Meridian,D19,1864000,1086.0,1716.39,2021-08-04,Resale,99 yrs
T1890,Bukit Verde,D23,1541000,920.0,1675.0,2022-04-27,Resale,99 yrs
T2347,Sengkang Terrace,D19,1742000,1142.0,1525.39,2022-12-28,Resale,99 yrs
T1091,Lakeshore Grand,D22,1902000,1327.0,1433.31,2020-07-13,Resale,99 yrs
T1693,Marina Vue,D01,1292000,565.0,2286.73,2021-08-03,New Sale,99 yrs
T1187,Lakeshore Grand,D22,1189000,659.0,1804.25,2022-02-27,New Sale,99 yrs
T1802,Bukit Verde,D23,1638000,1052.71,1555.98,2020-04-17,Resale,99 yrs
T1511,The Orchid Residences,D10,2824000,1022.0,2763.21,2020-01-19,Resale,Freehold
T1109,Lakeshore Grand,D22,1667000,762.08,2187.42,2025-12-05,Resale,99 yrs
T1040,Lakeshore Grand,D22,2063000,1121.0,1840.32,2024-12-25,Resale,99 yrs
T2825,Westwood Gardens,D22,1917000,1103.3,1737.52,2024-10-06,Resale,99 yrs
T1377,Parc Meridian,D19,1436000,914.0,1571.12,2021-02-17,Resale,99 yrs
T2044,Tanjong Heights,D15,2082000,767.0,2714.47,2023-11-02,Resale,Freehold
T1975,Bukit Verde,D23,1237000,734.0,1685.29,2023-07-13,Resale,99 yrs
T1335,Parc Meridian,D19,2718000,1414.0,1922.21,2023-06-11,Resale,99 yrs
T2461,Pasir View Residences,D18,1633000,973.0,1678.31,2022-08-13,Resale,99 yrs
T2735,Queens Parkview,D03,1829000,757.0,2416.12,2025-03-03,Resale,99 yrs
T2440,Pasir View Residences,D18,1795000,921.0,1948.97,2024-02-23,Resale,99 yrs
T1838,Bukit Verde,D23,703000,520.97,1349.4,2020-04-16,Resale,99 yrs
T2206,Sengkang Terrace,D19,1494000,1048.0,1425.57,2020-04-13,Sub Sale,99 yrs
T1348,Parc Meridian,D19,2216000,1069.0,2072.97,2023-10-27,Resale,99 yrs
T2285,Sengkang Terrace,D19,2341000,1120.52,2089.2,2025-06-03,Resale,99 yrs
T1217,Parc Meridian,D19,1542000,698.0,2209.17,2024-11-03,New Sale,99 yrs
T1699,Marina Vue,D01,3510000,1405.0,2498.22,2020-08-18,Resale,99 yrs
T1362,Parc Meridian,D19,1911000,930.0,2054.84,2023-10-04,Resale,99 yrs
T1876,Bukit Verde,D23,1173000,714.0,1642.86,2023-03-01,Resale,99 yrs
T2439,Pasir View Residences,D18,778000,555.0,1401.8,2020-05-24,Sub Sale,99 yrs
T1793,Bukit Verde,D23,1201000,791.0,1518.33,2022-02-25,New Sale,99 yrs
T1247,Parc Meridian,D19,2147000,1017.0,2111.11,2023-05-12,Resale,99 yrs
T1621,Riverbend Suites,D05,1749000,787.0,2222.36,2024-02-15,New Sale,99 yrs
T2156,Sengkang Terrace,D19,1416000,683.51,2071.67,2026-03-23,Resale,99 yrs
T2404,Holland Crest,D10,3494000,1096.0,3187.96,2025-05-18,Resale,Freehold
T1651,Riverbend Suites,D05,1556000,709.34,2193.59,2021-11-01,Resale,99 yrs
T1053,Lakeshore Grand,D22,1793000,1059.0,1693.11,2022-12-07,Resale,99 yrs
T1051,Lakeshore Grand,D22,2506000,1423.0,1761.07,2022-12-17,New Sale,99 yrs
T1944,Bukit Verde,D23,2232000,1353.0,1649.67,2022-12-27,New Sale,99 yrs
T1499,The Orchid Residences,D10,1981000,790.0,2507.59,2020-12-09,New Sale,Freehold
T1660,Riverbend Suites,D05,1563000,670.59,2330.78,2025-05-15,Resale,99 yrs
T1501,The Orchid Residences,D10,3131000,1137.74,2751.94,2022-02-15,New Sale,Freehold
T1992,Bukit Verde,D23,1111000,692.0,1605.49,2022-06-06,Resale,99 yrs
T2379,Holland Crest,D10,2525000,757.0,3335.54,2025-08-16,New Sale,Freehold
T1383,Parc Meridian,D19,1218000,558.0,2182.8,2025-09-11,Resale,99 yrs
T1214,Parc Meridian,D19,1547000,794.0,1948.36,2023-05-26,Resale,99 yrs
T2431,Pasir View Residences,D18,2195000,1079.0,2034.29,2026-04-29,New Sale,99 yrs
T1042,Lakeshore Grand,D22,2116000,953.68,2218.77,2026-03-07,Resale,99 yrs
T2694,Queens Parkview,D03,2327000,971.0,2396.5,2023-11-08,Resale,99 yrs
T1423,The Orchid Residences,D10,2946000,1094.69,2691.18,2021-10-19,New Sale,Freehold
T2756,Westwood Gardens,D22,1259000,739.0,1703.65,2025-03-22,Resale,99 yrs
T1990,Bukit Verde,D23,1952000,925.0,2110.27,2025-08-16,New Sale,99 yrs
T2551,Pasir View Residences,D18,1165000,705.0,1652.48,2022-03-12,Resale,99 yrs
T1827,Bukit Verde,D23,1222000,794.38,1538.31,2021-10-22,Resale,99 yrs
T2667,Queens Parkview,D03,1265000,659.83,1917.17,2020-03-10,Resale,99 yrs
T2733,Queens Parkview,D03,3243000,1133.44,2861.2,2025-01-29,Sub Sale,99 yrs
T1755,Marina Vue,D01,3322000,1401.46,2370.39,2021-07-13,Resale,99 yrs
T1400,The Orchid Residences,D10,2644000,945.0,2797.88,2021-01-12,Resale,Freehold
T2701,Queens Parkview,D03,2415000,1003.0,2407.78,2021-10-11,Resale,99 yrs
T1824,Bukit Verde,D23,1828000,1143.13,1599.12,2022-05-18,Resale,99 yrs
T2128,Tanjong Heights,D15,1926000,798.0,2413.53,2022-11-24,Resale,Freehold
T2416,Holland Crest,D10,2981000,977.36,3050.05,2021-07-26,Resale,Freehold
T1107,Lakeshore Grand,D22,1197000,669.0,1789.24,2023-03-06,Resale,99 yrs
T1776,Marina Vue,D01,1896000,705.04,2689.23,2023-06-01,Resale,99 yrs
T2360,Holland Crest,D10,3191000,1001.0,3187.81,2023-04-07,Resale,Freehold
T2619,Queens Parkview,D03,2039000,952.0,2141.81,2021-07-08,New Sale,99 yrs
T2352,Holland Crest,D10,3185000,1059.0,3007.55,2021-01-18,Resale,Freehold
T1515,The Orchid Residences,D10,3646000,1403.0,2598.72,2021-03-15,Resale,Freehold
T1520,Riverbend Suites,D05,1711000,698.0,2451.29,2024-04-11,Sub Sale,99 yrs
T1513,The Orchid Residences,D10,2840000,1006.0,2823.06,2024-07-09,Resale,Freehold
T2275,Sengkang Terrace,D19,2213000,1028.0,2152.72,2025-10-09,Resale,99 yrs
T2092,Tanjong Heights,D15,2841000,1067.0,2662.61,2025-06-09,Resale,Freehold
T1584,Riverbend Suites,D05,1422000,665.0,2138.35,2023-09-25,Resale,99 yrs
T1438,The Orchid Residences,D10,2662000,991.0,2686.18,2023-08-09,New Sale,Freehold
T2028,Tanjong Heights,D15,2685000,1042.0,2576.78,2025-01-16,Resale,Freehold
T1720,Marina Vue,D01,1807000,699.0,2585.12,2022-07-28,Resale,99 yrs
T1843,Bukit Verde,D23,1540000,763.0,2018.35,2026-06-29,New Sale,99 yrs
T1144,Lakeshore Grand,D22,1847000,1039.0,1777.67,2024-06-19,Resale,99 yrs
T2614,Queens Parkview,D03,1611000,732.0,2200.82,2020-07-17,New Sale,99 yrs
T1759,Marina Vue,D01,2563000,912.0,2810.31,2023-01-06,Resale,99 yrs
T1865,Bukit Verde,D23,1457000,702.0,2075.5,2026-03-08,Resale,99 yrs
T1116,Lakeshore Grand,D22,1187000,766.0,1549.61,2021-04-14,Resale,99 yrs
T1420,The Orchid Residences,D10,1678000,573.72,2924.79,2022-03-11,Resale,Freehold
T2772,Westwood Gardens,D22,2412000,1290.0,1869.77,2026-05-31,Resale,99 yrs
T1860,Bukit Verde,D23,921000,683.0,1348.46,2020-12-21,Resale,99 yrs
T1898,Bukit Verde,D23,820000,540.0,1518.52,2022-06-25,Resale,99 yrs
T1799,Bukit Verde,D23,1445000,908.0,1591.41,2021-06-17,Resale,99 yrs
T1220,Parc Meridian,D19,1707000,743.0,2297.44,2025-11-30,Resale,99 yrs
T1011,Lakeshore Grand,D22,1946000,1044.1,1863.81,2023-10-20,New Sale,99 yrs
T2731,Queens Parkview,D03,1563000,796.0,1963.57,2021-02-02,Resale,99 yrs
T1503,The Orchid Residences,D10,1716000,506.98,3384.75,2026-04-05,Resale,Freehold
T1069,Lakeshore Grand,D22,1879000,1080.0,1739.81,2024-09-25,Resale,99 yrs
T1645,Riverbend Suites,D05,2315000,1045.0,2215.31,2024-10-03,New Sale,99 yrs
T2590,Pasir View Residences,D18,1827000,1053.0,1735.04,2024-06-30,Resale,99 yrs
T2587,Pasir View Residences,D18,1137000,777.15,1463.03,2020-12-22,New Sale,99 yrs
T1941,Bukit Verde,D23,1333000,949.0,1404.64,2020-11-04,Resale,99 yrs
T2107,Tanjong Heights,D15,3490000,1428.0,2443.98,2022-02-05,Resale,Freehold
T2299,Sengkang Terrace,D19,1332000,684.58,1945.71,2024-06-16,Resale,99 yrs
T1192,Lakeshore Grand,D22,1411000,734.1,1922.09,2024-09-18,Resale,99 yrs
T2161,Sengkang Terrace,D19,712000,486.0,1465.02,2021-08-23,New Sale,99 yrs
T2653,Queens Parkview,D03,1382000,533.0,2592.87,2025-03-22,New Sale,99 yrs
T2574,Pasir View Residences,D18,2569000,1436.0,1789.0,2023-10-06,Resale,99 yrs
T1543,Riverbend Suites,D05,1675000,752.4,2226.22,2022-10-02,Resale,99 yrs
T1369,Parc Meridian,D19,2006000,1143.13,1754.84,2021-08-19,Resale,99 yrs
T1613,Riverbend Suites,D05,1321000,739.0,1787.55,2022-02-06,Resale,99 yrs
T1636,Riverbend Suites,D05,1386000,707.0,1960.4,2022-02-24,Resale,99 yrs
T1544,Riverbend Suites,D05,2694000,1133.44,2376.84,2025-07-16,Resale,99 yrs
T1980,Bukit Verde,D23,963000,536.0,1796.64,2024-01-09,Resale,99 yrs
T2376,Holland Crest,D10,3634000,1057.0,3438.03,2024-11-28,Resale,Freehold
T1615,Riverbend Suites,D05,1792000,999.0,1793.79,2020-12-01,Resale,99 yrs
T2693,Queens Parkview,D03,1972000,767.47,2569.49,2026-04-04,Resale,99 yrs
T1769,Marina Vue,D01,1646000,680.28,2419.6,2021-08-04,Resale,99 yrs
T2583,Pasir View Residences,D18,1408000,920.0,1530.43,2020-08-01,Resale,99 yrs
T1322,Parc Meridian,D19,2327000,1425.0,1632.98,2020-12-20,New Sale,99 yrs
T2678,Queens Parkview,D03,1921000,686.0,2800.29,2025-11-11,Resale,99 yrs
T2256,Sengkang Terrace,D19,818000,524.0,1561.07,2022-12-10,Resale,99 yrs
T2123,Tanjong Heights,D15,2493000,1076.0,2316.91,2021-09-05,Resale,Freehold
T1848,Bukit Verde,D23,1489000,733.0,2031.38,2026-03-18,Resale,99 yrs
T1815,Bukit Verde,D23,2222000,1083.0,2051.71,2025-05-03,New Sale,99 yrs
T1966,Bukit Verde,D23,1317000,915.0,1439.34,2020-11-30,New Sale,99 yrs
T1779,Marina Vue,D01,1853000,732.0,2531.42,2023-10-01,Resale,99 yrs
T2403,Holland Crest,D10,3016000,1096.84,2749.71,2020-05-08,Resale,Freehold
T2276,Sengkang Terrace,D19,2466000,1349.0,1828.02,2025-01-28,New Sale,99 yrs
T1512,The Orchid Residences,D10,2221000,693.0,3204.91,2024-01-01,Resale,Freehold
T1650,Riverbend Suites,D05,1281000,663.06,1931.96,2020-08-15,Resale,99 yrs
T2207,Sengkang Terrace,D19,954000,659.0,1447.65,2021-08-19,New Sale,99 yrs
T1354,Parc Meridian,D19,2389000,982.74,2430.95,2025-06-08,New Sale,99 yrs
T1774,Marina Vue,D01,1997000,743.0,2687.75,2025-06-06,Resale,99 yrs
T1281,Parc Meridian,D19,2527000,1148.51,2200.25,2024-11-21,New Sale,99 yrs
T1345,Parc Meridian,D19,3045000,1448.0,2102.9,2024-10-29,Resale,99 yrs
T1271,Parc Meridian,D19,1659000,1019.0,1628.07,2020-10-22,Sub Sale,99 yrs
T2779,Westwood Gardens,D22,2493000,1474.0,1691.32,2026-01-07,Sub Sale,99 yrs
T2288,Sengkang Terrace,D19,833000,544.0,1531.25,2020-02-05,New Sale,99 yrs
T1237,Parc Meridian,D19,3060000,1300.28,2353.34,2025-10-27,Resale,99 yrs
T1398,Parc Meridian,D19,1898000,909.0,2088.01,2024-01-17,New Sale,99 yrs
T2785,Westwood Gardens,D22,1241000,738.0,1681.57,2024-08-09,New Sale,99 yrs
T2228,Sengkang Terrace,D19,1543000,1112.0,1387.59,2020-01-25,New Sale,99 yrs
T1908,Bukit Verde,D23,992000,579.0,1713.3,2022-08-13,Resale,99 yrs
T1235,Parc Meridian,D19,1349000,705.04,1913.38,2022-08-07,New Sale,99 yrs
T2270,Sengkang Terrace,D19,1819000,1319.0,1379.08,2021-02-18,Resale,99 yrs
T2409,Holland Crest,D10,3721000,1072.08,3470.81,2026-01-06,Resale,Freehold
T2068,Tanjong Heights,D15,1643000,695.0,2364.03,2022-06-05,New Sale,Freehold
T1231,Parc Meridian,D19,1369000,952.0,1438.03,2020-07-24,Resale,99 yrs
T2225,Sengkang Terrace,D19,2126000,1004.0,2117.53,2025-06-27,Resale,99 yrs
T2636,Queens Parkview,D03,1899000,977.36,1942.99,2020-06-12,Resale,99 yrs
T1120,Lakeshore Grand,D22,1211000,673.82,1797.22,2022-10-06,Resale,99 yrs
T2010,Tanjong Heights,D15,1437000,530.0,2711.32,2026-05-03,Resale,Freehold
T1387,Parc Meridian,D19,1559000,939.0,1660.28,2020-03-01,Resale,99 yrs
T2296,Sengkang Terrace,D19,1536000,763.0,2013.11,2025-01-28,Resale,99 yrs
T2179,Sengkang Terrace,D19,1571000,777.0,2021.88,2025-12-10,Resale,99 yrs
T2058,Tanjong Heights,D15,1728000,798.0,2165.41,2020-12-02,Resale,Freehold
T1813,Bukit Verde,D23,1290000,779.0,1655.97,2023-09-04,Resale,99 yrs
T1535,Riverbend Suites,D05,2718000,1049.0,2591.04,2025-12-14,Resale,99 yrs
T2570,Pasir View Residences,D18,1023000,677.0,1511.08,2021-08-24,Sub Sale,99 yrs
T1251,Parc Meridian,D19,2908000,1331.0,2184.82,2025-06-13,Resale,99 yrs
