transaction_id,project_name,district,street,block,floor,unit,bedrooms,area,price,sale_date,sale_type,tenure
TXN-00559,stevens suites,D10,Stevens Road,32,35,08,2,800 sq ft,"S$ 1,889,000",08 Aug 2020,New Sale,99 yrs
TXN-00724,Bishan  Green,D20,Bishan Street 22,17,10,07,3,92.1 sqm,"$$ 1,713,000",19/04/2025,Sub Sale,99 yrs
TXN-01604,redhill  peak,3,Redhill Close,4,10,04,3,n/a,"$2,120,000",20/10/2021,RESALE,99 yrs
TXN-00229,  Stevens Suites  ,D10,Stevens Road,57,#22-17,17,3,92.1 sq.m,"$$ 1,423,000",2021-04-16,SUB SALE,Freehold
TXN-00055,ALEXANDRA CENTRAL, 5 ,Alexandra Road,63,19,17,4,1330 sqft,3199000,2024-05-20,New Sale,99 yrs
TXN-01548,CLEMENTI PARK RESIDENCES,5,Clementi Avenue 2,58,19,03,3,"1,036 sq ft",2121000,09 Apr 2023,NEW SALE,99 yrs
TXN-00589,Bishan Green,d20,Bishan Street 22,40,#28-10,10,2,-, 1000000 ,2025-09-04,NEW SALE,Freehold
TXN-01594,outram park residences,D03,Outram Road,61,33,03,1,48.8 sq m,"$829,000",17/02/2022,Resale,99 yrs
TXN-00925,SENGKANG RIVIERA,D19,Sengkang East Avenue,4,#04-15,15,2,730 sq ft,"S$ 1,559,000",21 Dec 2020, Sub Sale ,Freehold
TXN-00189,woodlands  cascade, 25 ,Woodlands Avenue 2,56,#13-05,05,4,130.1 sq.m,"$$ 33,740,000",29/01/2024,RESALE,99 yrs
TXN-01457,Choa  Chu  Kang  Residences,d23,Choa Chu Kang Avenue 3,50,#27-19,19,4,130.1 sq m,"$$ 3,205,000",30 Jun 2025,New Sale,Freehold
TXN-01616,sembawang springs,d27,Sembawang Road,77,#37-20,20,4,"1,430 sq ft", 3299000 ,20/10/2024,Resale,Freehold
TXN-00318,  Clementi Park Residences  , 5 ,Clementi Avenue 2,69,#15-05,05,2,710 sq.ft,1524000,28 Oct 2023,SUB SALE,99 yrs
TXN-00245,  Springleaf Green  ,26,Springleaf Avenue,25,4,03,3,98.6 sq m ,"$$ 2,476,000",31/05/2025,sub sale,99 yrs
TXN-01023,  Kallang Riverside  ,7,Kallang Avenue,15,26,05,4,127.7 sq m, 2925000 ,2025-07-22, Resale ,99 yrs
TXN-01229,ang  mo  kio  grove,20,Ang Mo Kio Avenue 6,4,11,19,2,710 sq ft,"$1,203,000",19/04/2021,new sale,Freehold
TXN-01102,Kim Seng Plaza,9,Kim Seng Road,55,24,18,3,"1,036 sq.ft","$$ 1,886,000",20 Jun 2024,resale,99 yrs
TXN-01534,Katong  Seaview,d15,East Coast Road,87,30,01,3,96.2 sqm,"$1,308,000",29/10/2021,NEW SALE,99 yrs
TXN-01274,FARRER ROAD COURT,D10,Farrer Road,19,#17-03,03,2,67.8 sqm, 1535000 ,31/08/2023,Sub Sale,99 yrs
TXN-00864,cuscaden residences,D9,Cuscaden Road,72,#13-14,14,3,971 sq.ft, 1087000 ,2025-06-30,new sale,Freehold
TXN-00625,maxwell  chambers  suites,1,Maxwell Road,18,#07-07,07,3,"1,091 sq.ft","$1,773,000",2025-08-20, Sub Sale ,99 yrs
TXN-01009,Lavender  Street  Loft,D07,Lavender Street,31,7,03,4,"1,310 sq ft",3143000,2025-02-12,Sub Sale,99 yrs
TXN-00574,bishan green,D20,Bishan Street 22,72,#22-03,03,3,98.6 sqm,"$$ 1,510,000",01 Mar 2024,RESALE,Freehold
TXN-00239,farrer park residences,8,Farrer Park Road,77,22,19,4,1430 sq.ft,"$$ 3,259,000",29 Jul 2025,New Sale,99 yrs
TXN-01292,Bishan  Green,d20,Bishan Street 22,33,#30-16,16,4,127.7 sq.m,3090000,12 Oct 2024,NEW SALE,Freehold
TXN-01094,novena heights,D11,Thomson Road,54,21,15,2,72.0 sq.m,"$$ 982,000",2024-12-08,New Sale,99 yrs
TXN-01036,RIVER VALLEY COURT,d09,River Valley Road,72,#37-09,09,2,67.8 sq m,"$$ 1,428,000",18 Aug 2025, New Sale ,Freehold
TXN-01568,Newton Suites, 11 ,Newton Road,76,21,07,2,800 sq ft,"S$ 2,085,000",03/04/2025, New Sale ,99 yrs
TXN-00684,stevens  suites,D10,Stevens Road,65,#04-16,16,1,525 sq.ft,625000,28/09/2020,NEW SALE,Freehold
TXN-01673,orchard  heritage, 9 ,Orchard Boulevard,70,2,05,1,42.7 sq.m, ,17 Feb 2023, Sub Sale ,99 yrs
TXN-01407,Pasir Ris Seaview,d18,Pasir Ris Drive 1,54,24,11,3,101.4 sq m ,"$$ 2,551,000",16 Feb 2022,SUB SALE,Freehold
TXN-00775,stevens suites,D10,Stevens Road,81,#37-20,20,2,710 sqft,"S$ 814,000",2022-02-15,new sale,99 yrs
TXN-01208,katong  seaview,D15,East Coast Road,37,30,06,1,460 sq ft,"$$ 625,000",2020-06-28,sub sale,99 yrs
TXN-00545,BOTANIC GARDENS RESIDENCES, 10 ,Cluny Park Road,14,37,14,3,991 sqft,TBC,2025-05-28, New Sale ,Freehold
TXN-00563,MARINA BAY SUITES,1,Marina Boulevard,58,#09-10,10,2,77.1 sqm,"$2,612,000",19/06/2023,Resale,99 yrs
TXN-01190,serangoon  gardens,D19,Serangoon Garden Way,31,#22-08,08,3,"1,091 sq ft", ,31/03/2021,sub sale,Freehold
TXN-00063,telok  blangah  ridge, 4 ,Telok Blangah Road,7,#03-18,18,4,121.7 sq.m,3227000,2025-03-31,RESALE,99 yrs
TXN-00179,Kembangan  Court,d14,Sims Avenue East,56,#24-20,20,3,971 sqft,"$$ 2,513,000",30 Jan 2022,resale,Freehold
TXN-00056,HARBOURFRONT RESIDENCES,4,Harbourfront Avenue,11,#22-18,18,2,69.7 sq m ,"$$ 164,000",2021-04-29,new sale,99 yrs
TXN-00660,pasir panjang residences,d05,Pasir Panjang Road,83,#31-10,10,4,125.4 sq m, 1706000 ,2022-10-11,RESALE,Freehold
TXN-01593,lavender street loft,d07,Lavender Street,69,#32-13,13,2,710 sq.ft, 1152000 ,19/04/2025,sub sale,Freehold
TXN-01052,Serangoon  Gardens, 19 ,Serangoon Garden Way,26,23,03,3,101.4 sq.m,3028000,16/10/2021,new sale,99 yrs
TXN-00700,  Harbourfront Residences  ,D4,Harbourfront Avenue,37,12,18,3,92.1 sq m ,2741000,2022-03-31,SUB SALE,99 yrs
TXN-01429,Pasir Panjang Residences, 5 ,Pasir Panjang Road,48,35,06,2,800 sq.ft,"$$ 1,257,000",2021-12-15,Resale,99 yrs
TXN-01558,serangoon    gardens, 19 ,Serangoon Garden Way,47,#17-03,03,3,92.1 sq m,2538000,28 Mar 2025, Resale ,Freehold
TXN-00410,Opera  Estate,D15,Fidelio Street,13,#29-04,04,4,1430 sqft,"$2,488,000",2025-08-16,RESALE,99 yrs
TXN-00267,bugis junction residences,7,Victoria Street,17,19,04,3,1011 sqft, 2688000 ,2021-08-09,NEW SALE,Freehold
TXN-00695,PUNGGOL WATERFRONT, 19 ,Punggol Central,64,9,05,1,44.6 sq m,n/a,2021-04-15,sub sale,99 yrs
TXN-00359,orchard heritage,D9,Orchard Boulevard,21,38,08,4,1375 sq.ft,"$3,733,000",18 Jan 2023,NEW SALE,99 yrs
TXN-01577,HOLLAND VILLAGE LOFT,10,Holland Road,23,31,14,1,48.8 sq m , 1042000 ,28/05/2025, Resale ,99 yrs
TXN-00969,Ardmore Park,D10,Ardmore Park,11,27,20,2,74.3 sq.m,1674000,01 Sep 2023,sub sale,99 yrs
TXN-01155,redhill  peak, 3 ,Redhill Close,10,#13-09,09,3,1011 sq ft,"S$ 1,559,000",2021-01-05, Sub Sale ,Freehold
TXN-01735,kallang  riverside,d07,Kallang Avenue,69,32,08,1,500 sq ft,"$915,000",27/04/2023,New Sale,99 yrs
TXN-01563,  East Coast Parkview  ,15,Marine Parade Road,71,#03-14,14,3,93.9 sq m ,"$$ 2,131,000",2020-04-12,SUB SALE,99 yrs
TXN-01141,geylang quay,d14,Geylang Road,46,#20-03,03,1,46.5 sq.m,1334000,04 May 2024,SUB SALE,99 yrs
TXN-01088,Chin Swee Heights,D03,Chin Swee Road,38,#11-04,04,3,98.6 sq m,"$16,080,000",2023-10-19,new sale,99 yrs
TXN-00377,ARDMORE PARK,10,Ardmore Park,83,28,20,4,125.4 sq m ,"$$ 2,229,000",15 Aug 2021,resale,Freehold
TXN-00215,Pasir  Panjang  Residences,d05,Pasir Panjang Road,14,19,05,2,800 sq.ft,"S$ 2,020,000",27/10/2024,resale,99 yrs
TXN-00582,  Keppel Bay View  , 4 ,Keppel Bay Drive,67,4,08,1,48.8 sq m ,"$1,278,000",21 Jan 2024,sub sale,Freehold
TXN-00505,toa payoh central, 12 ,Lorong 6 Toa Payoh,18,28,16,3,90.2 sqm,1419000,2025-08-06, Sub Sale ,Freehold
TXN-01312,Redhill Peak, 3 ,Redhill Close,46,#08-06,06,2,750 sq ft, 2120000 ,28 Aug 2022,sub sale,99 yrs
TXN-00139,hillview heights,23,Hillview Avenue,45,34,04,2,67.8 sqm,"$$ 1,932,000",26/05/2023,sub sale,Freehold
TXN-01220,BUKIT TIMAH GROVE,D21,Upper Bukit Timah Road,84,19,09,3,93.9 sqm,"S$ 1,860,000",05/06/2025, Resale ,99 yrs
TXN-00792,MacPherson Park, 13 ,MacPherson Road,48,#09-13,13,1,46.5 sq m ,"$1,248,000",2024-02-24,new sale,99 yrs
TXN-00051,Holland  Village  Loft,D10,Holland Road,54,6,15,1,480 sqft, 995000 ,2025-05-28,Resale,Freehold
TXN-01638,Paterson  Residences,D09,Paterson Road,83,38,08,3,971 sqft,"$2,432,000",19 Aug 2024,Sub Sale,99 yrs
TXN-01087,upper thomson residences,26,Upper Thomson Road,34,34,15,1,53.9 sq.m,"$1,129,000",24 Jun 2025,Resale,99 yrs
TXN-00028,  Lavender Street Loft  ,d07,Lavender Street,68,32,17,1,460 sq.ft,1056000,18 Sep 2021,Resale,99 yrs
TXN-01617,Eunos  Ville,14,Eunos Road 2,67,23,18,1,580 sq.ft,1219000,02 Feb 2024,NEW SALE,Freehold
TXN-01419,Orchard  Heritage,D09,Orchard Boulevard,29,8,08,3,"1,036 sq ft", 1738000 ,04 Dec 2022,New Sale,Freehold
TXN-01100,Yishun Emerald,D27,Yishun Avenue 2,49,12,20,3,"1,091 sqft","S$ 2,420,000",18/04/2022,RESALE,99 yrs
TXN-00659,botanic  gardens  residences,D10,Cluny Park Road,8,#21-13,13,3,"1,011 sq ft","$$ 1,802,000",27 Nov 2024,RESALE,Freehold
TXN-01271,Farrer Road Court, 10 ,Farrer Road,32,#36-17,17,2,72.0 sq m ,"S$ 1,304,000",12 Sep 2023, Sub Sale ,Freehold
TXN-01243,  Maxwell Chambers Suites  , 1 ,Maxwell Road,75,35,17,2,66.0 sq m, ,06 Aug 2024,New Sale,Freehold
TXN-00137,Springleaf  Green,26,Springleaf Avenue,40,#12-12,12,3,96.2 sqm,"$1,863,000",18/07/2025,sub sale,99 yrs
TXN-00661,yishun  emerald,27,Yishun Avenue 2,63,8,12,2,77.1 sqm,"$1,575,000",20/11/2021, New Sale ,99 yrs
TXN-00311,  Bukit Batok West  ,D23,Bukit Batok West Avenue 8,13,15,03,3,"1,091 sq.ft","$$ 2,189,000",2021-03-05,sub sale,Freehold
TXN-01025,Sixth Avenue Suites,D10,Sixth Avenue,55,#33-03,03,3,"1,011 sq.ft",1695000,2022-03-20,sub sale,99 yrs
TXN-00413,hillview heights,23,Hillview Avenue,21,10,02,3,991 sqft,"$$ 1,319,000",30/10/2021,NEW SALE,Freehold
TXN-00804,bedok  reservoir  views,d16,Bedok Reservoir Road,51,#13-06,06,3,101.4 sq m,2233000,01/08/2020,Sub Sale,Freehold
TXN-00656,alexandra  central, 5 ,Alexandra Road,33,#06-19,19,1,460 sq ft,"S$ 575,000",05/01/2025,new sale,99 yrs
TXN-01737,Serangoon Gardens, 19 ,Serangoon Garden Way,28,10,08,3,1061 sqft,"S$ 2,125,000",19 Feb 2022,Resale,Freehold
TXN-01694,  Paterson Residences  ,d09,Paterson Road,85,#15-18,18,3,90.2 sq m ,"$$ 2,056,000",29 Feb 2024,resale,Freehold
TXN-00846,JURONG LAKE DISTRICT,D22,Yuan Ching Road,20,30,15,3,101.4 sq m ,2229000,2025-03-25,resale,Freehold
TXN-01004,ORCHARD HERITAGE,D09,Orchard Boulevard,71,38,10,3,1011 sq.ft,"$2,562,000",20/02/2022,resale,99 yrs
TXN-01132,  Nassim Park  , 10 ,Nassim Road,3,#03-10,10,3,92.1 sq m, ,21 Oct 2024,RESALE,Freehold
TXN-00959,ORCHARD HERITAGE,9,Orchard Boulevard,84,35,14,1,53.9 sqm,"$$ 1,134,000",09 Aug 2022,RESALE,99 yrs
TXN-00888,Novena  Heights,11,Thomson Road,77,#32-15,15,2,730 sq.ft,price tbd,2024-10-23, Sub Sale ,Freehold
TXN-00289,scotts tower,D09,Scotts Road,16,#10-11,11,3,971 sq.ft, 2404000 ,01 Mar 2022, Resale ,Freehold
TXN-01250,GEYLANG QUAY,14,Geylang Road,43,12,17,3,971 sqft,"$$ 1,718,000",19 Nov 2022,Sub Sale,99 yrs
TXN-01116,Balmoral  Heights,D10,Balmoral Road,16,31,20,4,121.7 sqm,"$1,738,000",25/05/2021, New Sale ,99 yrs
TXN-00785,  West Coast Vale  ,D05,West Coast Vale,6,9,11,3,991 sq ft,"S$ 1,618,000",08/05/2025,New Sale,Freehold
TXN-01415,One-North  Loft, 5 ,One-North Crescent,21,#35-06,06,3,98.6 sq m ,"S$ 2,736,000",2021-06-28, Resale ,99 yrs
TXN-00711,  Nassim Park  ,10,Nassim Road,82,2,14,4,127.7 sq m ,"S$ 1,761,000",2025-04-17,Resale,Freehold
TXN-00570,SHENTON WAY SUITES, 1 ,Shenton Way,50,5,09,2,74.3 sq m,"$1,651,000",28 Jul 2025,resale,Freehold
TXN-00600,pasir ris seaview, 18 ,Pasir Ris Drive 1,79,9,07,1,48.8 sqm,"$$ 1,250,000",2025-04-16, Resale ,Freehold
TXN-00726,Redhill Peak,D3,Redhill Close,86,6,10,1,500 sq ft,794000,19 Feb 2020,resale,99 yrs
TXN-01339,the  orchid  residences, 19 ,Hougang Avenue 2,36,#28-05,05,3,92.1 sq m, 1128000 ,03 Nov 2022, Sub Sale ,Freehold
TXN-01394,jurong  lake  district,d22,Yuan Ching Road,63,#29-13,13,1,53.9 sq m ,1126000,2025-08-01,sub sale,99 yrs
TXN-01352,scotts  tower,D09,Scotts Road,48,32,03,2,67.8 sq m,"$1,653,000",2020-11-03, Sub Sale ,Freehold
TXN-00246,leng kee court,3,Leng Kee Road,25,2,07,2,69.7 sqm,1590000,31 Jan 2025,SUB SALE,Freehold
TXN-01721,stevens  suites, 10 ,Stevens Road,17,#09-08,08,2,-,price tbd,28/04/2024,resale,99 yrs
TXN-01217,HOLLAND VILLAGE LOFT, 10 ,Holland Road,8,29,14,2,830 sqft,2322000,22/05/2025,NEW SALE,Freehold
TXN-00971,Woodlands  Cascade,25,Woodlands Avenue 2,22,37,15,3,971 sqft,1667000,2025-09-02, Resale ,Freehold
TXN-00355,THE ORCHID RESIDENCES,d19,Hougang Avenue 2,24,#38-02,02,3,1061 sqft,2017000,09/11/2024, Resale ,99 yrs
TXN-00164,QUEENSTOWN VISTA,3,Commonwealth Avenue,7,3,14,2,72.0 sq m,"$$ 1,717,000",2023-07-11,resale,Freehold
TXN-00082,grange  road  residences,D09,Grange Road,73,29,10,3,1011 sq.ft, 2330000 ,08 Nov 2024,sub sale,99 yrs
TXN-00299,raffles place tower,1,Raffles Place,53,#08-05,05,3,1011 sq ft,2581000,12/03/2025,SUB SALE,99 yrs
TXN-00005,river  valley  court, 9 ,River Valley Road,11,9,13,3,1036 sq ft,2277000,2024-11-17,sub sale,Freehold
TXN-00157,BEAUTY WORLD RESIDENCES,D21,Jalan Jurong Kechil,24,25,10,3,93.9 sq m,"$$ 1,150,000",29 Mar 2025,new sale,99 yrs
TXN-00227,  Hillview Heights  , 23 ,Hillview Avenue,32,36,07,3,98.6 sq.m,2190000,2024-11-01,resale,Freehold
TXN-01401,  Pasir Panjang Residences  ,5,Pasir Panjang Road,46,14,19,3,101.4 sqm, 2686000 ,03/07/2025,Sub Sale,99 yrs
TXN-01372,Tampines Grande, 18 ,Tampines Avenue 1,12,37,09,1,550 sq ft,"$$ 904,000",2025-07-07,resale,99 yrs
TXN-01576,Dover  Parkview, 5 ,Dover Road,20,#32-03,03,1,53.9 sqm,"$$ 1,307,000",23 Jul 2022,Sub Sale,Freehold
TXN-01452,ADMIRALTY PARKVIEW, 25 ,Woodlands Drive 16,12,14,03,3,101.4 sq.m,"$$ 1,369,000",05/12/2024,NEW SALE,Freehold
TXN-00591,cuscaden  residences,D9,Cuscaden Road,53,32,15,3, ,"$1,530,000",2023-11-04,Sub Sale,99 yrs
TXN-00769,BUONA VISTA COURT, 5 ,North Buona Vista Road,53,33,16,4,121.7 sq m ,"$3,648,000",2025-03-27,Sub Sale,Freehold
TXN-01096,Pasir  Panjang  Residences,D5,Pasir Panjang Road,74,29,12,3,92.1 sq m,"S$ 2,503,000",06/01/2023, Sub Sale ,99 yrs
TXN-01708,serangoon gardens, 19 ,Serangoon Garden Way,49,10,09,1,46.5 sq m,"$1,230,000",13/03/2025, New Sale ,Freehold
TXN-00975,  Farrer Road Court  ,D10,Farrer Road,34,#16-08,08,4,1375 sqft,"$$ 3,788,000",14 Feb 2021,resale,99 yrs
TXN-00683,TION BAHRU LOFT,D03,Tiong Bahru Road,32,#29-08,08,2,66.0 sq.m,"$2,126,000",24/10/2023, Resale ,99 yrs
TXN-01669,  Bukit Batok West  ,d23,Bukit Batok West Avenue 8,39,38,11,3,"1,036 sq ft",N/A,2021-03-25, Sub Sale ,Freehold
TXN-00326,  Geylang Quay  ,14,Geylang Road,10,#22-09,09,2,67.8 sq m,"$1,425,000",2024-03-02,Sub Sale,99 yrs
TXN-01210,maxwell chambers suites,d01,Maxwell Road,57,24,08,3,1091 sq ft, 3453000 ,2024-07-06, Sub Sale ,Freehold
TXN-01358,leng  kee  court,3,Leng Kee Road,6,20,13,4,1430 sq ft,"S$ 2,319,000",19 Sep 2023,sub sale,Freehold
TXN-00607,bukit  timah  grove,d21,Upper Bukit Timah Road,48,33,08,2,72.0 sqm,"S$ 990,000",2023-06-04,resale,Freehold
TXN-01279,  Maxwell Chambers Suites  ,1,Maxwell Road,18,#35-16,16,2,830 sq.ft,"$2,610,000",2025-05-21,NEW SALE,Freehold
TXN-01280,  Marina Bay Suites  , 1 ,Marina Boulevard,67,20,09,2,710 sq ft, 1698000 ,2023-07-10, Sub Sale ,99 yrs
TXN-00332,  Queenstown Vista  ,3,Commonwealth Avenue,59,28,12,1,44.6 sq m,1231000,22 Jan 2025,SUB SALE,99 yrs
TXN-01312,Redhill Peak, 3 ,Redhill Close,46,#08-06,06,2,750 sq ft, 2120000 ,28 Aug 2022,sub sale,99 yrs
TXN-00214,river valley court,9,River Valley Road,84,24,15,2,77.1 sq m , 1047000 ,03 Sep 2022,Resale,99 yrs
TXN-01527,TOA PAYOH CENTRAL,12,Lorong 6 Toa Payoh,79,#23-04,04,3,1091 sq ft, 2229000 ,27/12/2021,Resale,99 yrs
TXN-01072,dover parkview,D05,Dover Road,52,10,07,1,550 sqft,"S$ 1,030,000",22/04/2024,new sale,99 yrs
TXN-01060,Sembawang  Springs,27,Sembawang Road,15,32,03,3,101.4 sq.m,"$$ 2,980,000",22 May 2024,RESALE,99 yrs
TXN-01600,sembawang springs, 27 ,Sembawang Road,6,#13-13,13,4, ,"$$ 3,935,000",25 Apr 2022, New Sale ,Freehold
TXN-00760,  Ghim Moh Green  ,D10,Ghim Moh Road,8,33,01,2,77.1 sq m , 984000 ,22 Jan 2025,NEW SALE,Freehold
TXN-00182,Grange Road Residences,9,Grange Road,18,#06-19,19,2,69.7 sqm,"S$ 1,507,000",2024-07-22,New Sale,Freehold
TXN-00342,MAXWELL CHAMBERS SUITES,1,Maxwell Road,46,29,06,1,525 sqft,1522000,2022-04-06,new sale,Freehold
TXN-00569,CHIN SWEE HEIGHTS,d03,Chin Swee Road,21,33,13,3,93.9 sqm, 2207000 ,2020-12-16,new sale,Freehold
TXN-00774,Nassim  Park, 10 ,Nassim Road,11,20,07,4,1350 sq ft,"$3,695,000",04 Apr 2023, New Sale ,Freehold
TXN-00492,Eunos Ville,D14,Eunos Road 2,33,36,19,1,550 sq.ft,"S$ 895,000",2024-07-12, Sub Sale ,Freehold
TXN-01329,clementi park residences, 5 ,Clementi Avenue 2,66,18,07,2,710 sq ft, 1271000 ,2025-07-06,new sale,Freehold
TXN-00718,Tanjong  Pagar  Place, 2 ,Tanjong Pagar Road,25,6,17,2,69.7 sq m ,1938000,16/02/2025,Resale,99 yrs
TXN-00688,tion bahru loft,d03,Tiong Bahru Road,43,6,13,3,1091 sqft,"$1,639,000",31 May 2024,New Sale,Freehold
TXN-01672,harbourfront  residences,D4,Harbourfront Avenue,21,12,11,2,800 sq.ft, 2518000 ,30 Oct 2024,New Sale,99 yrs
TXN-01587,Kallang  Riverside,7,Kallang Avenue,85,#27-17,17,3,93.9 sqm,"$2,247,000",2025-02-26, Sub Sale ,Freehold
TXN-01543,EUNOS VILLE,14,Eunos Road 2,16,29,20,3, ,"$2,528,000",28 Sep 2024, New Sale ,Freehold
TXN-01255,SCOTTS TOWER,D9,Scotts Road,62,17,12,3,101.4 sqm,"$$ 2,504,000",2024-04-02,new sale,99 yrs
TXN-00177,upper  thomson  residences,d26,Upper Thomson Road,11,7,14,4,130.1 sqm,"$$ 2,304,000",03/04/2023,SUB SALE,Freehold
TXN-00995,CECIL STREET TOWER, 1 ,Cecil Street,85,#12-14,14,2,69.7 sqm, 1960000 ,02/06/2020,Resale,Freehold
TXN-00459,LENG KEE COURT, 3 ,Leng Kee Road,71,21,16,3,96.2 sq m,unknown,27 Nov 2021,SUB SALE,99 yrs
TXN-01667,sixth  avenue  suites,d10,Sixth Avenue,64,34,10,3,93.9 sq.m,"S$ 1,791,000",14 Apr 2025,RESALE,Freehold
TXN-01488,HILLVIEW HEIGHTS,D23,Hillview Avenue,63,#19-07,07,4,1375 sq.ft,"$$ 2,574,000",2022-01-06,SUB SALE,Freehold
TXN-00123,Farrer Park Residences,d08,Farrer Park Road,19,2,09,2,730 sqft, 1982000 ,19 May 2025,NEW SALE,99 yrs
TXN-00097,Novena Heights,D11,Thomson Road,1,34,09,2,72.0 sqm, 1392000 ,02 Jun 2022,sub sale,Freehold
TXN-00261,ONE-NORTH LOFT,D05,One-North Crescent,3,13,11,3,"1,091 sqft","S$ 1,273,000",31/05/2025,RESALE,Freehold
TXN-00798,Upper  Thomson  Residences,D26,Upper Thomson Road,61,#30-13,13,3,991 sqft,"$$ 2,083,000",04/11/2022, New Sale ,99 yrs
TXN-00052,maxwell  chambers  suites,D01,Maxwell Road,55,2,04,3,991 sq.ft,"$$ 1,786,000",23 Dec 2022,Sub Sale,Freehold
TXN-00508,  kembangan  court  ,D14,Sims Avenue East,26,24,20,1,48.8 sq.m,"$$ 708,000",28/11/2024, Sub Sale ,99 yrs
TXN-01479,Kallang  Riverside,D7,Kallang Avenue,81,14,10,2,775 sq.ft,"S$ 2,064,000",2023-08-11, New Sale ,99 yrs
TXN-01047,Toa  Payoh  Central,D12,Lorong 6 Toa Payoh,19,#29-12,12,3,991 sq ft,"S$ 2,571,000",24/01/2025, New Sale ,99 yrs
TXN-00930,Pasir  Panjang  Residences,d05,Pasir Panjang Road,83,5,17,2,775 sq.ft,"S$ 1,958,000",03 Dec 2024,resale,Freehold
TXN-01472,NOVENA HEIGHTS,D11,Thomson Road,69,33,06,2,67.8 sq.m,"$$ 1,754,000",2022-06-26,resale,99 yrs
TXN-00778,newton suites,D11,Newton Road,17,33,13,2,750 sq.ft,1267000,16 Apr 2023,SUB SALE,99 yrs
TXN-01147,redhill  peak,D03,Redhill Close,16,24,09,3,1061 sq ft,"S$ 2,575,000",22/01/2025,new sale,Freehold
TXN-00725,punggol waterfront,D19,Punggol Central,26,#29-02,02,1,525 sqft, 1392000 ,2021-12-04,SUB SALE,99 yrs
TXN-00516,bukit  timah  grove,21,Upper Bukit Timah Road,70,32,15,3,1011 sq.ft,"$1,785,000",2025-05-21, New Sale ,99 yrs
TXN-00853,Harbourfront  Residences,D04,Harbourfront Avenue,40,7,05,2,730 sq ft,"$$ 1,477,000",2025-06-23, Resale ,99 yrs
TXN-00434,Siglap  Villas,D15,Siglap Road,83,#37-08,08,4,"1,375 sqft","$1,800,000",01/05/2024,SUB SALE,Freehold
TXN-00518,KEMBANGAN COURT,D14,Sims Avenue East,40,7,15,3,,1660000,14 May 2023,RESALE,Freehold
TXN-00964,orchard heritage,D9,Orchard Boulevard,78,2,13,2,800 sq.ft,2177000,2024-05-16,New Sale,Freehold
TXN-00741,Bukit Timah Grove,21,Upper Bukit Timah Road,49,#30-11,11,3,971 sqft,1830000,19/01/2023, Resale ,99 yrs
TXN-01610,NOVENA HEIGHTS,D11,Thomson Road,32,#38-06,06,3,98.6 sqm,"$1,324,000",2024-07-30,Sub Sale,Freehold
TXN-01486,  Sembawang Springs  , 27 ,Sembawang Road,20,#27-02,02,4,1330 sq ft,"S$ 2,475,000",2021-05-07, Sub Sale ,Freehold
TXN-00807,SENGKANG RIVIERA,19,Sengkang East Avenue,63,27,20,3,96.2 sq.m,"$2,116,000",2022-11-12, New Sale ,Freehold
TXN-00631,Toa  Payoh  Central,D12,Lorong 6 Toa Payoh,10,#10-01,01,2,830 sq ft, 1126000 ,2024-03-14,sub sale,Freehold
TXN-00395,lavender street loft,D7,Lavender Street,43,#07-16,16,4,1430 sq ft,"$2,101,000",2024-03-31,NEW SALE,99 yrs
TXN-00224,the  orchid  residences, 19 ,Hougang Avenue 2,43,30,09,2,72.0 sq m ,"S$ 1,226,000",21 Oct 2022,resale,Freehold
TXN-00161,BUGIS JUNCTION RESIDENCES,d07,Victoria Street,57,#25-19,19,4,127.7 sq m ,"$2,058,000",25/05/2023, New Sale ,Freehold
TXN-00053,  Tanjong Pagar Place  ,d02,Tanjong Pagar Road,60,31,05,3,92.1 sq m ,"$$ 1,732,000",2024-10-13,SUB SALE,Freehold
TXN-00815,Bedok  Reservoir  Views,16,Bedok Reservoir Road,56,#24-15,15,3,98.6 sq m ,"$2,571,000",27/05/2020,Sub Sale,99 yrs
TXN-00351,woodlands  cascade,D25,Woodlands Avenue 2,3,#22-02,02,2,830 sqft,"$$ 1,214,000",27 Dec 2021,resale,99 yrs
TXN-00489,the orchid residences,D19,Hougang Avenue 2,86,#27-12,12,2,66.0 sq m, 1182000 ,2023-10-28,resale,99 yrs
TXN-00025,ghim moh green, 10 ,Ghim Moh Road,12,36,01,1,460 sqft,"$$ 1,120,000",06 Aug 2025,Resale,99 yrs
TXN-00756,  Keppel Bay View  ,4,Keppel Bay Drive,20,11,08,2,750 sq.ft, 1835000 ,2025-07-15,new sale,Freehold
TXN-00874,Keppel Bay View,D04,Keppel Bay Drive,36,16,02,4,"1,310 sq.ft", 3900000 ,17 May 2025,NEW SALE,Freehold
TXN-00447,Punggol Waterfront,d19,Punggol Central,43,3,15,3,101.4 sqm,"S$ 1,543,000",07 Feb 2020,resale,99 yrs
TXN-01025,Sixth Avenue Suites,D10,Sixth Avenue,55,#33-03,03,3,"1,011 sq.ft",1695000,2022-03-20,sub sale,99 yrs
TXN-01305,  Chin Swee Heights  ,3,Chin Swee Road,40,14,05,2,830 sq ft,"S$ 2,336,000",2020-12-27,new sale,99 yrs
TXN-00616,beauty  world  residences,D21,Jalan Jurong Kechil,46,30,20,3, , 2520000 ,12 Apr 2022,Sub Sale,99 yrs
TXN-00465,Keppel Bay View,d04,Keppel Bay Drive,6,32,15,4,"1,350 sqft","$3,097,000",28/11/2020,New Sale,99 yrs
TXN-01354,Woodlands Cascade, 25 ,Woodlands Avenue 2,60,15,19,2,710 sq ft,826000,17 Dec 2023, Sub Sale ,Freehold
TXN-00648,Orchard  Heritage,D9,Orchard Boulevard,87,27,15,2,830 sq ft,"$$ 1,906,000",07/07/2025,sub sale,99 yrs
TXN-00564,Newton Suites,D11,Newton Road,62,18,18,3,"1,061 sq.ft","$$ 2,797,000",13 Mar 2024,Sub Sale,99 yrs
TXN-00336,  Pasir Panjang Residences  , 5 ,Pasir Panjang Road,34,21,15,2,67.8 sq m ,1478000,24/01/2025,RESALE,Freehold
TXN-01202,KATONG SEAVIEW,15,East Coast Road,5,#38-20,20,2,775 sq ft,"$968,000",06 Feb 2023,New Sale,99 yrs
TXN-00746,orchard heritage,9,Orchard Boulevard,8,28,12,3,1011 sq.ft,"$1,851,000",06 May 2024,Resale,Freehold
TXN-01198,pasir  ris  seaview, 18 ,Pasir Ris Drive 1,3,36,11,3,991 sq.ft,"$$ 1,194,000",29/05/2022,New Sale,Freehold
TXN-00394,BUKIT BATOK WEST,D23,Bukit Batok West Avenue 8,53,#14-11,11,1,44.6 sq m ,"$663,000",17 Aug 2025, New Sale ,99 yrs
TXN-00644,sengkang riviera,D19,Sengkang East Avenue,83,24,02,2,800 sq ft,"$$ 2,082,000",01 Mar 2022,RESALE,99 yrs
TXN-01141,geylang quay,d14,Geylang Road,46,#20-03,03,1,46.5 sq.m,1334000,04 May 2024,SUB SALE,99 yrs
TXN-00331,  Serangoon Gardens  ,D19,Serangoon Garden Way,8,#28-16,16,2,74.3 sq m,"S$ 1,270,000",06/02/2025,SUB SALE,Freehold
TXN-01623,Leng Kee Court,d03,Leng Kee Road,44,#31-18,18,3,1011 sq ft, 2692000 ,07/11/2021,RESALE,Freehold
TXN-01509,ardmore park, 10 ,Ardmore Park,86,26,19,1,580 sq ft, 883000 ,2021-12-15, Sub Sale ,99 yrs
TXN-00027,harbourfront  residences,4,Harbourfront Avenue,20,#37-16,16,3,1091 sq.ft,3269000,2022-04-22,Resale,99 yrs
TXN-01668,telok  blangah  ridge, 4 ,Telok Blangah Road,32,16,08,1,480 sqft, 1265000 ,2023-03-20,resale,Freehold
TXN-01410,REDHILL PEAK,d03,Redhill Close,19,#22-02,02,1,46.5 sq m ,1497000,15 Feb 2025,sub sale,99 yrs
TXN-00818,IRRAWADDY RESIDENCES,11,Irrawaddy Road,17,7,16,2,69.7 sqm,"S$ 1,886,000",22 Mar 2021,Sub Sale,Freehold
TXN-01580,Tanjong Pagar Place,D02,Tanjong Pagar Road,61,25,15,2,750 sq ft,"S$ 1,261,000",2024-07-10,Sub Sale,Freehold
TXN-00041,Ang  Mo  Kio  Grove,20,Ang Mo Kio Avenue 6,61,#26-02,02,4,"1,430 sqft","S$ 1,889,000",24/08/2022,new sale,Freehold
TXN-00618,redhill peak,d03,Redhill Close,51,#18-12,12,2,67.8 sq m ,"$1,310,000",2022-12-07,NEW SALE,Freehold
TXN-00455,Ghim  Moh  Green, 10 ,Ghim Moh Road,86,#06-10,10,3,"1,091 sq ft","$$ 2,427,000",20 Feb 2020,Resale,Freehold
TXN-01578,buona vista court,D5,North Buona Vista Road,35,#32-07,07,3,n/a,"S$ 2,600,000",19/05/2020,resale,99 yrs
TXN-01179,keppel bay view,4,Keppel Bay Drive,4,8,16,1,480 sqft,"$$ 921,000",2025-04-24,New Sale,99 yrs
TXN-01201,BUKIT  TIMAH  GROVE, 21 ,Upper Bukit Timah Road,8,14,11,2,775 sq ft,"$1,266,000",2021-10-08,Sub Sale,Freehold
TXN-00480,yishun  emerald,D27,Yishun Avenue 2,67,2,19,1,580 sq ft,"$$ 1,521,000",04/01/2021,new sale,99 yrs
TXN-00275,Admiralty  Parkview,D25,Woodlands Drive 16,70,14,19,2,710 sq.ft, 1600000 ,2021-10-09, Resale ,Freehold
TXN-01267,Woodlands  Cascade,25,Woodlands Avenue 2,10,#07-03,03,4,1430 sq.ft,"$$ 2,362,000",26/12/2024,sub sale,Freehold
TXN-01651,SENGKANG RIVIERA,D19,Sengkang East Avenue,10,4,07,3,96.2 sq m, 1407000 ,2024-07-07,new sale,99 yrs
TXN-01011,ANSON RESIDENCES,D02,Anson Road,2,#09-13,13,3,n/a,"$2,826,000",04/01/2024,Sub Sale,Freehold
TXN-00507,telok  blangah  ridge, 4 ,Telok Blangah Road,34,30,11,3,"1,091 sq ft","$$ 1,851,000",14/10/2023, Sub Sale ,Freehold
TXN-01064,queenstown  vista,3,Commonwealth Avenue,47,#15-01,01,2,750 sq.ft,1129000,09/03/2024, Resale ,99 yrs
TXN-00427,Balmoral Heights,10,Balmoral Road,23,13,19,3,98.6 sq m ,"$$ 2,864,000",02 Feb 2025, Resale ,Freehold
TXN-01175,keppel bay view,4,Keppel Bay Drive,84,5,09,3,90.2 sq m, 1624000 ,01 Nov 2021,RESALE,Freehold
TXN-00704,RAFFLES PLACE TOWER,D1,Raffles Place,73,#38-05,05,3,1011 sqft,3077000,2025-08-25,NEW SALE,Freehold
TXN-01613,LENG KEE COURT,D03,Leng Kee Road,77,12,08,3,98.6 sq m,"$2,474,000",11/09/2024,Resale,Freehold
TXN-00598,Beauty  World  Residences,d21,Jalan Jurong Kechil,80,35,19,3,1011 sqft,"S$ 1,649,000",2023-03-08,Sub Sale,Freehold
TXN-00980,Paterson  Residences,d09,Paterson Road,74,9,09,2,69.7 sq m ,"$1,596,000",21 Apr 2023,new sale,Freehold
TXN-00490,Novena Heights,D11,Thomson Road,45,37,19,1,550 sqft,"$$ 925,000",2023-05-22,RESALE,99 yrs
TXN-00944,  Yishun Emerald  ,d27,Yishun Avenue 2,12,15,05,1,53.9 sq m, 806000 ,09/10/2021, Resale ,99 yrs
TXN-00947,Admiralty Parkview,D25,Woodlands Drive 16,65,#30-14,14,3,991 sq.ft,"$$ 2,045,000",2024-08-09, Resale ,Freehold
TXN-00101,ARDMORE PARK,d10,Ardmore Park,53,2,05,1,51.1 sq.m,"$1,119,000",09 Feb 2025,resale,Freehold
TXN-00333,cecil street tower,1,Cecil Street,76,27,03,2,830 sqft,"S$ 2,639,000",10 Aug 2024, Sub Sale ,99 yrs
TXN-01499,The Orchid Residences,d19,Hougang Avenue 2,73,#05-13,13,3,90.2 sq m,"$2,187,000",25/04/2021,sub sale,99 yrs
TXN-00259,  Katong Seaview  ,d15,East Coast Road,64,12,03,3,90.2 sq m,,15 Jun 2025,NEW SALE,99 yrs
TXN-00475,farrer park residences, 8 ,Farrer Park Road,26,#08-01,01,3,96.2 sqm,,2024-09-15,SUB SALE,Freehold
TXN-00590,choa chu kang residences,D23,Choa Chu Kang Avenue 3,33,2,20,1,,"$727,000",11 Sep 2020,NEW SALE,99 yrs
TXN-01684,maxwell  chambers  suites,d01,Maxwell Road,18,22,15,3,101.4 sq.m,2525000,10 Jul 2025,sub sale,Freehold
TXN-00060,holland village loft,D10,Holland Road,60,#27-06,06,3,93.9 sq m ,"$$ 2,496,000",09/06/2025, Sub Sale ,99 yrs
TXN-00171,SEMBAWANG SPRINGS,d27,Sembawang Road,33,#26-12,12,4,"1,375 sqft","$1,635,000",02/04/2025,Resale,Freehold
TXN-00402,pasir  ris  seaview,D18,Pasir Ris Drive 1,82,#04-13,13,2,77.1 sq m,2019000,2022-10-01,SUB SALE,99 yrs
TXN-00460,  Buona Vista Court  ,D5,North Buona Vista Road,81,14,09,4,1330 sq ft,2930000,08/02/2020,Resale,99 yrs
TXN-01471,orchard  heritage,d09,Orchard Boulevard,42,#02-01,01,2,710 sq ft,1550000,15/01/2023,Sub Sale,Freehold
TXN-00241,Beauty World Residences,D21,Jalan Jurong Kechil,68,24,13,3,96.2 sq m,1239000,02 Aug 2022,new sale,99 yrs
TXN-00157,beauty world residences,d21,Jalan Jurong Kechil,24,25,10,3,93.9 sq m,"$$ 1,150,000",29 Mar 2025,new sale,99 yrs
TXN-01724,KALLANG RIVERSIDE,D7,Kallang Avenue,57,35,09,3,96.2 sq m,"$$ 2,538,000",21/11/2024,Resale,99 yrs
TXN-01397,ANSON RESIDENCES,D2,Anson Road,84,31,20,4,121.7 sq m ,"$$ 3,504,000",12/07/2025,Resale,Freehold
TXN-00325,Redhill  Peak,d03,Redhill Close,71,13,02,2,72.0 sq m,"$1,400,000",02 Jul 2025,Sub Sale,Freehold
TXN-01634,  Balestier Point  ,D12,Balestier Road,57,28,15,2,710 sq.ft,"S$ 900,000",16/07/2021,Sub Sale,Freehold
TXN-00170,Choa Chu Kang Residences,23,Choa Chu Kang Avenue 3,9,35,12,3,"1,091 sq ft","$$ 1,391,000",2025-05-20,SUB SALE,99 yrs
TXN-01144,TOA PAYOH CENTRAL,12,Lorong 6 Toa Payoh,47,10,08,4,130.1 sq m,"$1,842,000",20 Aug 2023, Sub Sale ,99 yrs
TXN-01406,  Springleaf Green  , 26 ,Springleaf Avenue,75,#13-17,17,3,971 sq.ft,1253000,01 Feb 2025, Resale ,99 yrs
TXN-00843,upper  thomson  residences,D26,Upper Thomson Road,4,20,16,2,750 sq.ft, 1291000 ,06 Feb 2025, Sub Sale ,Freehold
TXN-01592,upper thomson residences,D26,Upper Thomson Road,76,32,20,2,750 sq ft,"S$ 1,483,000",08 Sep 2020,resale,Freehold
TXN-01586,STEVENS SUITES,D10,Stevens Road,88,#12-08,08,1,500 sq.ft, 1114000 ,20 Jun 2024,NEW SALE,99 yrs
TXN-00176,UPPER THOMSON RESIDENCES,26,Upper Thomson Road,44,#30-13,13,3,96.2 sq.m, 2716000 ,2025-05-08,sub sale,Freehold
TXN-01468,SPRINGLEAF GREEN,D26,Springleaf Avenue,13,23,06,3,96.2 sq m,"S$ 143,300",01/04/2022,sub sale,Freehold
TXN-00911,Upper  Thomson  Residences,26,Upper Thomson Road,64,#21-01,01,2,800 sq.ft,1090000,02/08/2025,new sale,Freehold
TXN-00367,DOVER PARKVIEW, 5 ,Dover Road,86,8,03,3,971 sqft,1368000,2023-10-05,New Sale,99 yrs
TXN-00865,pasir  panjang  residences,D05,Pasir Panjang Road,4,6,18,1,580 sq ft,1411000,28 Jul 2025,Sub Sale,Freehold
TXN-00970,sembawang springs,d27,Sembawang Road,74,11,17,2,74.3 sq.m, 1199000 ,2025-07-03,sub sale,99 yrs
TXN-01344,West Coast Vale,d05,West Coast Vale,87,#22-15,15,2,750 sqft,1273000,21 Mar 2023, Sub Sale ,99 yrs
TXN-01010,  Clementi Park Residences  ,D5,Clementi Avenue 2,55,33,01,3,93.9 sqm,"S$ 2,259,000",10 Mar 2024,new sale,Freehold
TXN-01675,Stevens  Suites,10,Stevens Road,13,21,11,1,42.7 sq m ,"S$ 661,000",25 Oct 2020,resale,99 yrs
TXN-01404,dover parkview,5,Dover Road,18,#24-01,01,2,730 sq ft,"$$ 1,957,000",30/08/2025, New Sale ,99 yrs
TXN-00045,STEVENS SUITES, 10 ,Stevens Road,67,29,01,2,750 sqft,"S$ 892,000",18 May 2025,sub sale,99 yrs
TXN-00889,Scotts Tower,9,Scotts Road,59,12,04,2,72.0 sq m ,1374000,22 Aug 2025,RESALE,Freehold
TXN-00813,  Bukit Timah Grove  ,D21,Upper Bukit Timah Road,79,34,19,3,"1,036 sq ft","$$ 2,170,000",20/08/2025,NEW SALE,99 yrs
TXN-00984,Woodlands  Cascade, 25 ,Woodlands Avenue 2,59,#05-10,10,2,74.3 sq.m,"$2,198,000",22 Oct 2024,Resale,Freehold
TXN-00823,Scotts  Tower,D09,Scotts Road,65,37,02,3,90.2 sq.m, 2705000 ,19/11/2021, Resale ,99 yrs
TXN-00675,maxwell chambers suites,D1,Maxwell Road,83,4,02,2,730 sq.ft,2097000,18/04/2023, New Sale ,Freehold
TXN-00129,Cecil Street Tower,D01,Cecil Street,28,#09-18,18,3,1036 sqft,"$1,764,000",2023-04-27,new sale,Freehold
TXN-01235,bukit  batok  west,D23,Bukit Batok West Avenue 8,34,10,20,3,1061 sqft, 2613000 ,29/03/2025,New Sale,99 yrs
TXN-00678,bedok reservoir views,d16,Bedok Reservoir Road,26,#17-14,14,2,67.8 sqm, 949000 ,2023-04-23,Resale,Freehold
TXN-00601,kembangan  court, 14 ,Sims Avenue East,37,2,07,3,101.4 sq m,"S$ 1,674,000",04/02/2022,NEW SALE,Freehold
TXN-01001,springleaf green,D26,Springleaf Avenue,16,#06-09,09,1,550 sqft,"S$ 883,000",2024-12-16, Sub Sale ,Freehold
TXN-00956,ADMIRALTY PARKVIEW, 25 ,Woodlands Drive 16,55,#35-07,07,3,98.6 sq m,"S$ 1,341,000",07 Aug 2021,New Sale,Freehold
TXN-00784,Balmoral  Heights,D10,Balmoral Road,44,34,16,2,, 1085000 ,03/02/2025,resale,Freehold
TXN-00914,yishun  emerald,D27,Yishun Avenue 2,82,38,15,3,971 sqft,1722000,2025-01-24,Resale,99 yrs
TXN-00366,choa  chu  kang  residences,23,Choa Chu Kang Avenue 3,6,#13-15,15,2,775 sqft,1438000,27/08/2022, New Sale ,99 yrs
TXN-00664,balestier point,D12,Balestier Road,87,35,15,4,1430 sqft,"$$ 3,526,000",2025-05-18, Resale ,99 yrs
TXN-00783,the orchid residences,d19,Hougang Avenue 2,51,26,10,2,74.3 sq.m,1895000,08/03/2024, Sub Sale ,99 yrs
TXN-00115,ADMIRALTY PARKVIEW,25,Woodlands Drive 16,2,#07-13,13,4,1400 sq.ft,"S$ 2,589,000",05 Mar 2022,new sale,Freehold
TXN-00984,Woodlands  Cascade, 25 ,Woodlands Avenue 2,59,#05-10,10,2,74.3 sq.m,"$2,198,000",22 Oct 2024,Resale,Freehold
TXN-00039,chin  swee  heights,D3,Chin Swee Road,80,37,14,3,90.2 sqm,2160000,2025-08-25, Resale ,99 yrs
TXN-00358,tanjong pagar place, 2 ,Tanjong Pagar Road,53,28,06,3,96.2 sqm,3108000,2023-07-13,New Sale,Freehold
TXN-00594,  Hillview Heights  ,D23,Hillview Avenue,85,20,20,2,67.8 sq m,"S$ 1,807,000",31/10/2024,sub sale,99 yrs
TXN-00531,balestier point,D12,Balestier Road,2,29,11,1,44.6 sq m,1150000,22/05/2021,SUB SALE,99 yrs
TXN-01373,Keppel Bay View,D04,Keppel Bay Drive,75,#16-08,08,2,710 sqft, 1367000 ,2025-05-03,New Sale,99 yrs
TXN-00059,Hillview  Heights,D23,Hillview Avenue,29,36,20,3,1091 sq.ft,"$$ 2,841,000",20 May 2023,NEW SALE,Freehold
TXN-00650,Bukit  Batok  West,D23,Bukit Batok West Avenue 8,29,#30-12,12,1,550 sqft,"$722,000",06 Mar 2025, Resale ,99 yrs
TXN-00829,  Sixth Avenue Suites  ,D10,Sixth Avenue,74,4,05,1,525 sqft, 1393000 ,19/11/2020,SUB SALE,Freehold
TXN-00526,  Balestier Point  ,12,Balestier Road,60,#33-12,12,2,72.0 sqm,"$1,347,000",17 Jan 2024,NEW SALE,99 yrs
TXN-00103,lavender  street  loft,7,Lavender Street,5,33,18,3,"1,091 sq ft","$2,897,000",2024-04-30, Sub Sale ,Freehold
TXN-00705,Bedok  Reservoir  Views,16,Bedok Reservoir Road,15,#10-18,18,3,"1,036 sqft","$$ 1,225,000",25/07/2022,SUB SALE,99 yrs
TXN-01002,NOVENA HEIGHTS, 11 ,Thomson Road,35,25,11,2,830 sq.ft,"$$ 1,064,000",26/04/2021, New Sale ,99 yrs
TXN-01166,tanjong  pagar  place,D2,Tanjong Pagar Road,85,#29-12,12,3,93.9 sqm,"S$ 1,527,000",13/01/2025,NEW SALE,99 yrs
TXN-01223,Novena Heights,11,Thomson Road,64,19,09,3,92.1 sq.m,1613000,19/11/2021,Resale,99 yrs
TXN-01529,  Clementi Park Residences  ,D5,Clementi Avenue 2,61,#35-07,07,3,1011 sqft,"$2,406,000",01/07/2025,NEW SALE,99 yrs
TXN-01254,The  Orchid  Residences, 19 ,Hougang Avenue 2,27,37,20,3,971 sqft, 2043000 ,2024-01-20,NEW SALE,Freehold
TXN-01739,Scotts  Tower,9,Scotts Road,69,#18-20,20,1,42.7 sq m ,"$$ 1,265,000",29 Aug 2025,RESALE,99 yrs
TXN-00793,HOLLAND VILLAGE LOFT, 10 ,Holland Road,81,32,15,1,525 sq.ft,1338000,02/06/2025,Sub Sale,99 yrs
TXN-00013,Ghim  Moh  Green,D10,Ghim Moh Road,35,#09-18,18,4,121.7 sq m , 3266000 ,29 Mar 2025, Resale ,Freehold
TXN-01441,Chin Swee Heights, 3 ,Chin Swee Road,14,29,09,3,1036 sqft,"$$ 2,023,000",31 Jul 2025,Sub Sale,Freehold
TXN-01130,  Cuscaden Residences  ,9,Cuscaden Road,88,38,14,4,"1,430 sq.ft","S$ 1,792,000",23/03/2025, New Sale ,99 yrs
TXN-01683,opera  estate,15,Fidelio Street,7,24,03,2,72.0 sq.m,"S$ 1,156,000",09 May 2020, New Sale ,99 yrs
TXN-01595,orchard heritage,9,Orchard Boulevard,78,23,08,3,1036 sqft,"$2,729,000",09 Jan 2025,NEW SALE,Freehold
TXN-01528,  Clementi Park Residences  ,D5,Clementi Avenue 2,56,#07-01,01,2,710 sq.ft,"$$ 1,825,000",01 Mar 2025, Resale ,99 yrs
TXN-01677,scotts  tower,D09,Scotts Road,34,31,20,2,67.8 sq.m,"$$ 900,000",2021-12-25,sub sale,99 yrs
TXN-01227,kallang riverside,D7,Kallang Avenue,83,#28-03,03,3,93.9 sq m , 2829000 ,2023-05-25,RESALE,99 yrs
TXN-00842,Pasir Ris Seaview,18,Pasir Ris Drive 1,74,#09-12,12,3,96.2 sq m , 1373000 ,2022-09-25,resale,99 yrs
TXN-00421,QUEENSTOWN VISTA,D3,Commonwealth Avenue,72,#21-17,17,4,1400 sq ft,"$$ 3,874,000",10/12/2022, New Sale ,Freehold
TXN-00384,redhill  peak,d03,Redhill Close,33,2,08,2,77.1 sq m,"$$ 1,539,000",05/06/2024,Sub Sale,Freehold
TXN-01293,tampines  grande, 18 ,Tampines Avenue 1,28,#24-14,14,1,500 sq ft,"S$ 1,027,000",2024-04-07,new sale,Freehold
TXN-00037,ang mo kio grove,D20,Ang Mo Kio Avenue 6,2,29,18,3,1036 sq ft,"S$ 2,309,000",20/12/2021,resale,99 yrs
TXN-01631,One-North Loft,d05,One-North Crescent,79,7,19,3,971 sq ft, 1387000 ,11 Mar 2025, New Sale ,99 yrs
TXN-00543,opera  estate,15,Fidelio Street,79,25,02,3,"1,091 sq ft",2129000,2022-01-21,sub sale,99 yrs
TXN-01734,MARSILING GROVE,D25,Marsiling Road,13,38,12,3,98.6 sqm,"$$ 2,395,000",2023-11-16, Resale ,99 yrs
TXN-00108,  Punggol Waterfront  ,19,Punggol Central,33,#21-14,14,3,"1,011 sq ft","S$ 2,328,000",04 Jun 2023,RESALE,Freehold
TXN-00291,farrer  road  court,D10,Farrer Road,41,#10-06,06,2,775 sq ft,"$1,311,000",2025-06-08, Resale ,Freehold
TXN-01314,Paterson  Residences,D9,Paterson Road,6,27,10,2,72.0 sq m,"$19,290,000",13 Aug 2025,Resale,99 yrs
TXN-00250,alexandra  central,D5,Alexandra Road,20,28,10,3,1061 sqft,"$$ 2,425,000",28 Apr 2022,New Sale,99 yrs
TXN-00244,MACPHERSON PARK,13,MacPherson Road,69,25,03,3,971 sq.ft,"$$ 1,962,000",18/02/2025,resale,Freehold
TXN-00253,West  Coast  Vale, 5 ,West Coast Vale,53,5,01,1,42.7 sqm,"S$ 1,276,000",2021-11-19,resale,99 yrs
TXN-00386,Balmoral  Heights,D10,Balmoral Road,83,#25-18,18,1,460 sq.ft,"$988,000",24/05/2024,New Sale,99 yrs
TXN-00431,cecil street tower,D01,Cecil Street,46,22,04,3,1091 sq ft,3059000,25/10/2024,Sub Sale,Freehold
TXN-00237,hillview  heights, 23 ,Hillview Avenue,13,15,03,3,971 sqft,1546000,2024-08-16,sub sale,99 yrs
TXN-00205,SCOTTS TOWER,9,Scotts Road,66,#23-17,17,3,93.9 sq.m, 2340000 ,28 Dec 2024,Sub Sale,Freehold
TXN-01619,KEMBANGAN COURT, 14 ,Sims Avenue East,87,23,17,2,730 sq ft,"S$ 2,037,000",16/05/2023, Sub Sale ,Freehold
TXN-00120,Balestier Point,12,Balestier Road,88,25,04,3,96.2 sq m ,1640000,27 Nov 2023,New Sale,99 yrs
TXN-01152,Admiralty    Parkview,D25,Woodlands Drive 16,27,19,16,3,971 sq ft,"S$ 15,050,000",2021-04-15,NEW SALE,Freehold
TXN-00521,yishun emerald,D27,Yishun Avenue 2,21,#27-08,08,3,98.6 sq m ,"$2,117,000",26/11/2024,new sale,Freehold
TXN-00173,tampines grande,18,Tampines Avenue 1,18,32,06,4,132.9 sq m ,"$2,933,000",2020-08-22,RESALE,Freehold
TXN-01662,  Buona Vista Court  ,D5,North Buona Vista Road,2,#04-10,10,3,991 sqft,1174000,19 Feb 2025,new sale,99 yrs
TXN-00565,SPRINGLEAF GREEN,D26,Springleaf Avenue,22,4,09,3,1091 sq ft,"S$ 2,376,000",12/04/2020, Sub Sale ,Freehold
TXN-01303,botanic gardens residences,d10,Cluny Park Road,12,#38-15,15,4,132.9 sq m,"S$ 1,825,000",2021-02-16,Resale,99 yrs
TXN-01426,ONE-NORTH LOFT,5,One-North Crescent,16,#31-04,04,2,710 sqft,"$$ 1,111,000",31/05/2024, Resale ,Freehold
TXN-01744,  kim seng plaza  , 9 ,Kim Seng Road,18,16,20,1,580 sq ft, 1172000 ,14 Apr 2020,NEW SALE,Freehold
TXN-00542,Tanjong  Pagar  Place,D2,Tanjong Pagar Road,27,#06-01,01,2,730 sqft,TBC,2024-02-10,new sale,99 yrs
TXN-00347,West  Coast  Vale,D5,West Coast Vale,32,12,04,2,74.3 sq m,"$1,261,000",16/05/2024,sub sale,99 yrs
TXN-00696,RAFFLES PLACE TOWER,D1,Raffles Place,45,#10-16,16,3,101.4 sq m, 2845000 ,2023-11-27,resale,Freehold
TXN-01747,sengkang  riviera, 19 ,Sengkang East Avenue,76,37,17,2,830 sq.ft,"$1,797,000",2025-08-23,SUB SALE,Freehold
TXN-00655,tampines  grande,18,Tampines Avenue 1,56,#11-18,18,3,96.2 sqm,"$1,370,000",26 Nov 2022,Resale,Freehold
TXN-00038,Upper  Thomson  Residences, 26 ,Upper Thomson Road,6,29,05,3,98.6 sq m ,"$$ 1,489,000",21 Jan 2022,NEW SALE,99 yrs
TXN-00828,HOLLAND VILLAGE LOFT, 10 ,Holland Road,9,2,17,3,991 sq ft,"$$ 2,653,000",11 Jun 2021,NEW SALE,99 yrs
TXN-00608,tampines grande,D18,Tampines Avenue 1,12,#04-07,07,1,46.5 sq m,"S$ 1,354,000",2023-01-13,NEW SALE,99 yrs
TXN-01135,maxwell chambers suites, 1 ,Maxwell Road,64,21,15,3,90.2 sq m , 2238000 ,22 Aug 2025,RESALE,Freehold
TXN-00935,MARINA BAY SUITES,1,Marina Boulevard,28,2,13,3,"1,091 sq ft",2342000,2023-02-03,SUB SALE,Freehold
TXN-00360,Lavender Street Loft,7,Lavender Street,49,23,06,2,710 sq.ft,"S$ 888,000",08 Feb 2021, Sub Sale ,99 yrs
TXN-00283,KEMBANGAN COURT,D14,Sims Avenue East,9,30,11,3,971 sqft,1939000,2022-12-30,RESALE,99 yrs
TXN-00447,Punggol Waterfront,d19,Punggol Central,43,3,15,3,101.4 sqm,"S$ 1,543,000",07 Feb 2020,resale,99 yrs
TXN-01184,HARBOURFRONT RESIDENCES,d04,Harbourfront Avenue,75,26,01,3,90.2 sq m ,"$2,578,000",27/11/2022,SUB SALE,Freehold
TXN-01465,THE ORCHID RESIDENCES,d19,Hougang Avenue 2,16,#24-19,19,3,90.2 sq.m,2484000,19/01/2025,sub sale,99 yrs
TXN-00174,Sentosa  Cove  Villas,4,Ocean Drive,66,22,10,1,480 sqft,"$$ 761,000",2023-10-06,NEW SALE,Freehold
TXN-00572,  Hillview Heights  ,23,Hillview Avenue,78,29,10,2,74.3 sqm,1130000,05 Oct 2023,Resale,99 yrs
TXN-00681,BUONA VISTA COURT, 5 ,North Buona Vista Road,22,31,14,2,66.0 sq m,1458000,26 Feb 2025,New Sale,99 yrs
TXN-00043,anson residences,d02,Anson Road,15,23,01,3,101.4 sq m , 2834000 ,08 Mar 2025,Resale,Freehold
TXN-00870,Buona Vista Court,d05,North Buona Vista Road,25,#12-18,18,3,98.6 sq m,2240000,2024-10-16,sub sale,99 yrs
TXN-00271,  Shenton Way Suites  ,d01,Shenton Way,81,18,08,3,971 sq.ft, 2174000 ,2023-11-12,Resale,Freehold
TXN-00943,GEYLANG QUAY,D14,Geylang Road,57,22,06,3,"1,036 sqft","$2,245,000",2024-02-03, New Sale ,99 yrs
TXN-00845,hillview heights,D23,Hillview Avenue,44,38,15,3,98.6 sq m ,"$$ 1,840,000",02/05/2025,SUB SALE,99 yrs
TXN-01152,Admiralty  Parkview,D25,Woodlands Drive 16,27,19,16,3,971 sq ft,"S$ 15,050,000",2021-04-15,NEW SALE,Freehold
TXN-01135,maxwell  chambers  suites,D01,Maxwell Road,64,21,15,3,90.2 sq m , 2238000 ,22 Aug 2025,RESALE,Freehold
TXN-01732,maxwell chambers suites,D1,Maxwell Road,71,3,11,3,90.2 sqm, 1753000 ,24/06/2023, Resale ,Freehold
TXN-01318,newton  suites,D11,Newton Road,88,#17-05,05,3,971 sq.ft,"S$ 2,508,000",10 Jul 2024,Resale,Freehold
TXN-01301,  Novena Heights  ,D11,Thomson Road,23,19,03,2,74.3 sq.m,1122000,22/05/2023, Sub Sale ,99 yrs
TXN-00714,PASIR RIS SEAVIEW,D18,Pasir Ris Drive 1,63,28,06,3,101.4 sqm,1843000,15 Jun 2025, Resale ,99 yrs
TXN-00429,Admiralty  Parkview,D25,Woodlands Drive 16,53,10,05,2,750 sq.ft,"$$ 1,520,000",2024-09-19,NEW SALE,Freehold
TXN-00243,tion  bahru  loft,D03,Tiong Bahru Road,68,28,18,1,51.1 sq m,1290000,05/05/2021,New Sale,99 yrs
TXN-00619,Kim Seng Plaza, 9 ,Kim Seng Road,45,32,04,3,971 sq ft,1197000,29 Mar 2023,NEW SALE,Freehold
TXN-01278,  Marina Bay Suites  ,1,Marina Boulevard,26,9,06,2,800 sq ft,"S$ 2,426,000",28/02/2023,Resale,Freehold
TXN-00801,tion  bahru  loft,D03,Tiong Bahru Road,20,32,10,3,971 sqft,"$$ 3,050,000",2025-06-25,NEW SALE,99 yrs
TXN-00240,shenton way suites,1,Shenton Way,39,16,14,2,77.1 sq m ,2131000,13/10/2022,sub sale,99 yrs
TXN-00673,Shenton Way Suites,D1,Shenton Way,25,37,08,2,72.0 sq m,"S$ 1,169,000",2021-09-29,Resale,Freehold
TXN-01186,kembangan court,D14,Sims Avenue East,23,34,03,3,98.6 sq m ,"S$ 2,015,000",2024-06-29,SUB SALE,Freehold
TXN-01674,Tanjong    Pagar    Place,d02,Tanjong Pagar Road,38,4,05,1,48.8 sq m, 978000 ,04 Apr 2025,SUB SALE,Freehold
TXN-00500,ONE-NORTH LOFT,5,One-North Crescent,59,#27-06,06,1,51.1 sqm,"S$ 996,000",2025-06-28,sub sale,Freehold
TXN-01458,SIXTH AVENUE SUITES,D10,Sixth Avenue,46,#22-18,18,2,69.7 sq.m,"$1,185,000",20 Dec 2020,RESALE,Freehold
TXN-01206,BEDOK RESERVOIR VIEWS,D16,Bedok Reservoir Road,25,25,12,3,971 sq.ft, 2292000 ,30/01/2023, Resale ,99 yrs
TXN-00079,  Stevens Suites  , 10 ,Stevens Road,24,30,11,2,775 sq.ft, 1612000 ,06 Mar 2025, New Sale ,99 yrs
TXN-00724,Bishan  Green,D20,Bishan Street 22,17,10,07,3,92.1 sqm,"$$ 1,713,000",19/04/2025,Sub Sale,99 yrs
TXN-01710,choa chu kang residences,D23,Choa Chu Kang Avenue 3,77,35,20,3,90.2 sq.m,"$$ 1,341,000",03 Apr 2025, Resale ,99 yrs
TXN-00222,  Choa Chu Kang Residences  , 23 ,Choa Chu Kang Avenue 3,87,20,19,1,580 sq.ft,1038000,14/02/2025,Sub Sale,Freehold
TXN-00486,ALEXANDRA CENTRAL,D5,Alexandra Road,52,4,13,2,750 sqft,"S$ 947,000",23/09/2024,new sale,99 yrs
TXN-00875,the  orchid  residences,D19,Hougang Avenue 2,4,7,19,3,92.1 sq.m,1769000,27 Feb 2025,Sub Sale,Freehold
TXN-01425,Outram  Park  Residences,3,Outram Road,67,#08-11,11,4,130.1 sq m ,"S$ 3,408,000",07/07/2022,new sale,99 yrs
TXN-00770,Orchard Heritage,D09,Orchard Boulevard,9,18,17,4,123.6 sq m,"S$ 3,365,000",2023-11-05, Sub Sale ,Freehold
TXN-00520,  Leng Kee Court  ,3,Leng Kee Road,77,#29-10,10,2,710 sq ft, 2178000 ,2022-01-04,sub sale,Freehold
TXN-01136,Irrawaddy Residences,D11,Irrawaddy Road,18,#05-01,01,1,460 sq.ft,"S$ 717,000",15 Jun 2021,sub sale,Freehold
TXN-00297,  Pasir Ris Seaview  ,D18,Pasir Ris Drive 1,81,#24-20,20,4,123.6 sq m , 2034000 ,12/11/2023,RESALE,99 yrs
TXN-00142,Springleaf  Green,D26,Springleaf Avenue,86,#34-18,18,3, ,"$$ 1,714,000",19 Jan 2025, New Sale ,99 yrs
TXN-01157,Farrer Park Residences,8,Farrer Park Road,13,11,04,3,98.6 sq m, 1530000 ,21 Jun 2022,new sale,Freehold
TXN-00267,bugis junction residences,7,Victoria Street,17,19,04,3,1011 sqft, 2688000 ,2021-08-09,NEW SALE,Freehold
TXN-00175,Bukit Timah Grove,21,Upper Bukit Timah Road,7,20,12,4,132.9 sqm,"$2,132,000",26/03/2025,New Sale,99 yrs
TXN-00622,novena heights,D11,Thomson Road,73,29,14,2,67.8 sq m,"$2,019,000",20/05/2025,SUB SALE,99 yrs
TXN-00511,Ang Mo Kio Grove, 20 ,Ang Mo Kio Avenue 6,35,22,10,2,67.8 sqm,"S$ 1,272,000",21 Jul 2024, New Sale ,Freehold
TXN-01017,THE ORCHID RESIDENCES,D19,Hougang Avenue 2,2,#27-12,12,2,77.1 sq m,TBC,09 Sep 2021,RESALE,99 yrs
TXN-01483,Sixth  Avenue  Suites,D10,Sixth Avenue,48,13,17,3,"1,061 sq.ft",2306000,23 Jan 2024,RESALE,99 yrs
TXN-00104,Farrer  Park  Residences,D8,Farrer Park Road,57,8,04,3,971 sq ft, ,2021-06-03, Resale ,99 yrs
TXN-00094,OUTRAM PARK RESIDENCES,D03,Outram Road,40,17,06,1,42.7 sq m,"$1,283,000",09/10/2024, New Sale ,99 yrs
TXN-00049,  Tion Bahru Loft  , 3 ,Tiong Bahru Road,61,15,17,3,"1,036 sq.ft", 2987000 ,03/09/2025,SUB SALE,99 yrs
TXN-00679,  Balmoral Heights  , 10 ,Balmoral Road,79,11,07,3,90.2 sq m ,"$$ 19,340,000",2023-07-18,NEW SALE,99 yrs
TXN-01614,Paterson  Residences,9,Paterson Road,19,#37-03,03,1,48.8 sqm, 648000 ,2025-01-11, New Sale ,Freehold
TXN-00755,stevens suites,D10,Stevens Road,82,31,09,3,92.1 sqm, 2431000 ,10/11/2024, New Sale ,99 yrs
TXN-00595,kim seng plaza, 9 ,Kim Seng Road,39,#04-03,03,3,98.6 sq m,"S$ 1,949,000",14/07/2023,RESALE,Freehold
TXN-00900,west  coast  vale,d05,West Coast Vale,35,33,16,3,96.2 sqm,"$2,657,000",2024-11-22, Sub Sale ,99 yrs
TXN-01196,  YISHUN EMERALD  , 27 ,Yishun Avenue 2,46,32,17,4,123.6 sq m,3016000,2023-10-14,resale,99 yrs
TXN-00751,punggol waterfront,19,Punggol Central,7,#20-09,09,4,130.1 sq m,"S$ 2,153,000",2022-10-21, New Sale ,99 yrs
TXN-01194,Queenstown Vista,D3,Commonwealth Avenue,5,8,07,3,90.2 sq m,"S$ 2,707,000",2025-08-17,resale,Freehold
TXN-00469,Farrer  Park  Residences,8,Farrer Park Road,20,19,07,1,550 sq.ft,"$$ 1,329,000",05/07/2022, Sub Sale ,99 yrs
TXN-00019,ARDMORE PARK,10,Ardmore Park,9,17,08,3,"1,036 sq ft","S$ 1,395,000",29 Oct 2023,SUB SALE,99 yrs
TXN-00390,geylang  quay, 14 ,Geylang Road,65,32,12,3,1061 sq ft,"S$ 2,554,000",29/03/2022,Sub Sale,99 yrs
TXN-01602,Ardmore Park,D10,Ardmore Park,68,29,01,3,93.9 sqm,"$$ 2,756,000",05/04/2025,SUB SALE,99 yrs
TXN-00086,Bishan  Green, 20 ,Bishan Street 22,73,#21-20,20,1,460 sq.ft,"$662,000",2025-04-23, Resale ,Freehold
TXN-01434,Nassim  Park, 10 ,Nassim Road,36,6,08,2,730 sqft,"S$ 1,326,000",2021-07-25,RESALE,99 yrs
TXN-00602,  Cecil Street Tower  ,1,Cecil Street,88,#02-04,04,3,"1,011 sqft",3104000,2023-07-22,sub sale,99 yrs
TXN-01369,  Botanic Gardens Residences  ,D10,Cluny Park Road,26,35,08,3,90.2 sq m , 2552000 ,17 Jan 2023,NEW SALE,99 yrs
TXN-01641,BUKIT TIMAH GROVE,d21,Upper Bukit Timah Road,21,#16-03,03,3,93.9 sq.m,"$$ 1,211,000",23 Dec 2021,Sub Sale,99 yrs
TXN-01000,Yishun  Emerald, 27 ,Yishun Avenue 2,21,34,20,3,"1,011 sqft", 2279000 ,2023-03-20,new sale,Freehold
TXN-01089,  Geylang Quay  ,D14,Geylang Road,60,7,12,3,"1,036 sq ft","$$ 2,559,000",01 Oct 2023,NEW SALE,99 yrs
TXN-00370,  Pasir Ris Seaview  , 18 ,Pasir Ris Drive 1,25,#12-07,07,4,"1,375 sqft","$$ 1,999,000",05 Aug 2021, Resale ,Freehold
TXN-01505,ardmore park,D10,Ardmore Park,86,#23-11,11,3,"1,036 sq.ft", 1910000 ,29/09/2023,RESALE,99 yrs
TXN-00006,stevens suites,D10,Stevens Road,38,4,08,2,830 sq.ft, 1031000 ,07/08/2025,RESALE,99 yrs
TXN-00102,  Alexandra Central  ,5,Alexandra Road,43,#27-03,03,2,800 sqft, 2014000 ,08 Aug 2025,Sub Sale,Freehold
TXN-00502,choa chu kang residences, 23 ,Choa Chu Kang Avenue 3,79,19,16,3,93.9 sq m ,"$1,602,000",05/04/2023, New Sale ,Freehold
TXN-00613,toa  payoh  central,d12,Lorong 6 Toa Payoh,72,2,20,2,69.7 sqm,"$$ 1,000,000",2024-04-15, Sub Sale ,Freehold
TXN-00772,Marsiling  Grove,d25,Marsiling Road,11,22,19,2,830 sq.ft,"$$ 1,432,000",2021-05-08,sub sale,99 yrs
TXN-00955,  Bishan Green  ,D20,Bishan Street 22,15,#12-01,01,2,67.8 sq.m, 1703000 ,14 Jun 2025,Sub Sale,Freehold
TXN-01221,BUGIS JUNCTION RESIDENCES,D07,Victoria Street,57,18,06,3,"1,091 sq.ft",1917000,2023-08-14, Resale ,Freehold
TXN-01609,  Balestier Point  ,12,Balestier Road,10,37,18,1, ,"$$ 909,000",07 Mar 2021,SUB SALE,99 yrs
TXN-00633,anson  residences, 2 ,Anson Road,46,30,13,3,98.6 sq m ,"$3,373,000",06 Aug 2022, Sub Sale ,99 yrs
TXN-01341,nassim  park, 10 ,Nassim Road,50,#23-18,18,3,1091 sq.ft,"S$ 2,530,000",13 Oct 2023,Resale,Freehold
TXN-01213,  Bishan Green  ,D20,Bishan Street 22,15,#30-15,15,1,480 sqft,"$$ 1,214,000",18 Jan 2020,New Sale,Freehold
TXN-01059,alexandra central, 5 ,Alexandra Road,20,#06-01,01,4,"1,430 sq.ft",3911000,07 Feb 2025,NEW SALE,99 yrs
TXN-00533,Chin  Swee  Heights,3,Chin Swee Road,8,23,02,2,775 sqft, 1307000 ,20/03/2023,sub sale,99 yrs
TXN-01322,  Cuscaden Residences  , 9 ,Cuscaden Road,65,25,11,2,67.8 sqm,"S$ 1,354,000",06 Jun 2025,Sub Sale,Freehold
TXN-00678,bedok reservoir views,d16,Bedok Reservoir Road,26,#17-14,14,2,67.8 sqm, 949000 ,2023-04-23,Resale,Freehold
TXN-00247,  Chin Swee Heights  ,3,Chin Swee Road,31,15,13,3,98.6 sq.m, 3120000 ,24/05/2024,new sale,Freehold
TXN-00588,Springleaf Green,d26,Springleaf Avenue,73,12,11,3,1036 sq ft, 1232000 ,2025-08-09, Resale ,99 yrs
TXN-01392,JURONG LAKE DISTRICT,22,Yuan Ching Road,58,#22-12,12,4,"1,310 sq.ft","$3,549,000",2025-02-24,resale,Freehold
TXN-00604,Pasir  Panjang  Residences,D05,Pasir Panjang Road,67,28,02,2,72.0 sqm,2096000,14 Dec 2022,New Sale,99 yrs
TXN-00637,  Punggol Waterfront  ,d19,Punggol Central,7,21,20,3,101.4 sq.m,"$$ 2,405,000",17/05/2025,Resale,Freehold
TXN-01248,Harbourfront  Residences,D04,Harbourfront Avenue,17,30,17,3,1036 sqft, 3107000 ,17 Mar 2025, Resale ,99 yrs
TXN-01693,The Orchid Residences, 19 ,Hougang Avenue 2,70,#19-18,18,3,971 sq.ft,"S$ 1,219,000",05/01/2025,SUB SALE,Freehold
TXN-01607,Upper  Thomson  Residences,d26,Upper Thomson Road,68,2,04,1,51.1 sq.m,1493000,26/10/2024,SUB SALE,99 yrs
TXN-00425,Admiralty Parkview,25,Woodlands Drive 16,14,14,11,2,775 sqft,"$2,161,000",12 Jan 2025,SUB SALE,99 yrs
TXN-00899,Sengkang  Riviera, 19 ,Sengkang East Avenue,64,34,12,3,"1,036 sq.ft", 2733000 ,2024-04-01,new sale,Freehold
TXN-01117,queenstown  vista,d03,Commonwealth Avenue,13,15,13,1,48.8 sq m ,"$$ 1,176,000",12/01/2023,new sale,99 yrs
TXN-01215,SPRINGLEAF GREEN,D26,Springleaf Avenue,49,16,07,3, ,1233000,09/08/2022,Sub Sale,99 yrs
TXN-00276,  Newton Suites  , 11 ,Newton Road,87,6,14,3,"1,011 sqft","$$ 2,546,000",21 Nov 2023, New Sale ,99 yrs
TXN-00899,Sengkang  Riviera, 19 ,Sengkang East Avenue,64,34,12,3,"1,036 sq.ft", 2733000 ,2024-04-01,new sale,Freehold
TXN-00501,Lavender  Street  Loft,D07,Lavender Street,75,15,13,3,90.2 sq.m,"$1,091,000",05/07/2021,sub sale,Freehold
TXN-00404,Redhill Peak,D3,Redhill Close,54,#02-10,10,3,92.1 sq.m,"$1,903,000",05/12/2024,Sub Sale,Freehold
TXN-01207,queenstown  vista,3,Commonwealth Avenue,73,28,18,3,971 sqft,"$$ 1,908,000",08 Jan 2020,SUB SALE,99 yrs
TXN-01161,opera estate,D15,Fidelio Street,82,#14-13,13,2,n/a,"S$ 1,064,000",2021-05-21,sub sale,Freehold
TXN-01277,tion bahru loft,3,Tiong Bahru Road,14,37,03,3,1036 sqft, 2645000 ,09/02/2023,NEW SALE,99 yrs
TXN-00080,NOVENA HEIGHTS,d11,Thomson Road,20,38,02,3,1036 sqft,"$1,296,000",2021-10-16, New Sale ,99 yrs
TXN-01080,TOA PAYOH CENTRAL,12,Lorong 6 Toa Payoh,28,7,08,3,96.2 sq m,"$$ 1,306,000",17/06/2025,Resale,99 yrs
TXN-00282,Hillview Heights,d23,Hillview Avenue,40,#11-12,12,1,42.7 sqm,"$$ 1,194,000",16 Apr 2023, Sub Sale ,Freehold
TXN-00851,CLEMENTI PARK RESIDENCES,D5,Clementi Avenue 2,76,22,13,4,"1,400 sq.ft", 3279000 ,12/01/2020,new sale,Freehold
TXN-01181,scotts tower,D9,Scotts Road,19,#03-06,06,1,n/a,734000,2025-06-18,resale,99 yrs
TXN-00697,yishun    emerald,D27,Yishun Avenue 2,83,16,17,1,42.7 sq m,"$$ 1,261,000",24/10/2023,new sale,Freehold
TXN-00949,  Telok Blangah Ridge  ,d04,Telok Blangah Road,49,31,10,3,96.2 sq m, 2203000 ,2024-09-03,Resale,Freehold
TXN-01134,  Orchard Heritage  , 9 ,Orchard Boulevard,41,#21-09,09,4,1375 sq ft,"S$ 3,549,000",13 Apr 2025,Resale,Freehold
TXN-00522,  Geylang Quay  , 14 ,Geylang Road,79,17,17,2,66.0 sq m ,1394000,2025-06-25, New Sale ,Freehold
TXN-00972,One-North Loft,D5,One-North Crescent,14,12,03,2,-,"$$ 1,119,000",2023-01-15,Resale,Freehold
TXN-01199,siglap  villas, 15 ,Siglap Road,74,#06-18,18,1,480 sqft,811000,23/09/2022,Sub Sale,Freehold
TXN-01627,River  Valley  Court, 9 ,River Valley Road,69,8,18,4,121.7 sq m,2185000,19 Feb 2022,SUB SALE,Freehold
TXN-01449,bugis  junction  residences,7,Victoria Street,80,27,11,1,580 sqft,"S$ 745,000",2023-04-06,New Sale,99 yrs
TXN-00181,WOODLANDS CASCADE, 25 ,Woodlands Avenue 2,50,25,12,1,480 sq ft, 1293000 ,09 Jan 2025,Sub Sale,99 yrs
TXN-00391,RAFFLES PLACE TOWER,D01,Raffles Place,24,18,18,1,525 sq ft,"$925,000",19/08/2025, New Sale ,99 yrs
TXN-01162,west  coast  vale,D5,West Coast Vale,51,24,11,2,750 sqft,1868000,21 May 2024,NEW SALE,99 yrs
TXN-00550,East  Coast  Parkview,D15,Marine Parade Road,66,#19-18,18,4,"1,430 sq ft","$3,981,000",19/10/2024,Resale,99 yrs
TXN-00198,YISHUN EMERALD,D27,Yishun Avenue 2,64,34,15,4,1330 sq.ft,"$$ 2,820,000",08 May 2025,RESALE,99 yrs
TXN-01561,  Katong Seaview  , 15 ,East Coast Road,83,3,02,3,"1,091 sq ft", 2446000 ,2025-02-27, New Sale ,99 yrs
TXN-00114,  Sengkang Riviera  ,D19,Sengkang East Avenue,15,#20-11,11,2,775 sqft, 2132000 ,2023-02-08,RESALE,99 yrs
TXN-00782,Orchard  Heritage,D09,Orchard Boulevard,61,#23-08,08,3,90.2 sq m ,1171000,05 Jun 2025, Sub Sale ,99 yrs
TXN-01703,  Yishun Emerald  , 27 ,Yishun Avenue 2,85,6,08,3,101.4 sq m ,"$2,280,000",2025-07-19, New Sale ,Freehold
TXN-01355,Little India Lofts,D08,Serangoon Road,78,34,04,4,"1,330 sq ft","S$ 2,719,000",12 Aug 2025,Resale,99 yrs
TXN-01069,WEST COAST VALE,d05,West Coast Vale,57,28,11,3,93.9 sq m,"$$ 2,085,000",27 Jun 2025,resale,Freehold
TXN-00255,Outram  Park  Residences,d03,Outram Road,2,#37-14,14,1,460 sq ft, 1191000 ,2020-05-20,sub sale,Freehold
TXN-00440,Punggol Waterfront,19,Punggol Central,24,#35-08,08,4,"1,430 sq.ft", 2502000 ,2024-09-15,RESALE,Freehold
TXN-01562,River  Valley  Court, 9 ,River Valley Road,41,#10-17,17,2,730 sqft,"S$ 1,031,000",21 Nov 2023,Sub Sale,Freehold
TXN-00957,cecil  street  tower,D1,Cecil Street,12,21,14,3,1091 sqft,"$$ 2,491,000",2021-10-21, New Sale ,99 yrs
TXN-00668,PASIR RIS SEAVIEW,18,Pasir Ris Drive 1,28,10,11,3,1061 sqft, 2352000 ,2025-06-01, Resale ,Freehold
TXN-00159,  Eunos Ville  ,14,Eunos Road 2,21,26,05,4,130.1 sq m ,1915000,2022-12-21,sub sale,99 yrs
TXN-01126,UPPER THOMSON RESIDENCES,D26,Upper Thomson Road,66,12,02,3,90.2 sqm,"$$ 1,961,000",2022-07-29,new sale,Freehold
TXN-00579,geylang  quay,14,Geylang Road,53,#02-09,09,1,525 sq ft,"S$ 1,399,000",10 Dec 2022,RESALE,99 yrs
TXN-00203,BISHAN GREEN,d20,Bishan Street 22,6,27,17,2,74.3 sq.m,"S$ 1,714,000",11/03/2020,sub sale,Freehold
TXN-00835,Cecil Street Tower,D1,Cecil Street,39,#09-15,15,2,710 sqft,"$1,134,000",03/01/2024,New Sale,Freehold
TXN-01268,east coast parkview, 15 ,Marine Parade Road,20,#36-20,20,1,580 sq ft,"S$ 1,624,000",29/10/2021,New Sale,99 yrs
TXN-00967,holland  village  loft,10,Holland Road,48,#19-08,08,3,90.2 sq.m, 21230000 ,2023-12-18,sub sale,Freehold
TXN-00671,tampines grande,D18,Tampines Avenue 1,61,20,14,1,580 sqft,1412000,15 Apr 2024,RESALE,Freehold
TXN-01412,Upper  Thomson  Residences, 26 ,Upper Thomson Road,23,12,14,3,96.2 sq m,"$288,600",2021-09-23,RESALE,99 yrs
TXN-01138,river  valley  court,D9,River Valley Road,43,6,09,1,42.7 sqm,793000,13/07/2024,NEW SALE,99 yrs
TXN-00450,Punggol  Waterfront, 19 ,Punggol Central,78,20,10,2,74.3 sqm,"$1,054,000",13 Aug 2021,NEW SALE,Freehold
TXN-00483,  Upper Thomson Residences  ,D26,Upper Thomson Road,74,18,10,3,1061 sq ft,"$$ 2,217,000",28/12/2023, New Sale ,99 yrs
TXN-01367,SENGKANG RIVIERA,d19,Sengkang East Avenue,49,#13-16,16,4,1400 sq.ft,2922000,2020-02-03,New Sale,99 yrs
TXN-00160,Ardmore  Park,D10,Ardmore Park,79,#17-15,15,1,525 sq.ft,"S$ 969,000",18/08/2022, Resale ,99 yrs
TXN-00061,Admiralty  Parkview,D25,Woodlands Drive 16,83,#03-03,03,3,1061 sq ft,"$2,607,000",25 Aug 2023,RESALE,99 yrs
TXN-01705,East  Coast  Parkview,d15,Marine Parade Road,1,#23-14,14,3,93.9 sqm,2455000,2025-08-09,new sale,99 yrs
TXN-00855,alexandra  central,d05,Alexandra Road,77,#14-08,08,3,90.2 sqm, 1171000 ,2024-09-09,Sub Sale,Freehold
TXN-00231,FARRER ROAD COURT, 10 ,Farrer Road,51,#21-01,01,3,1091 sq ft, 3002000 ,02 Jan 2022,Sub Sale,99 yrs
TXN-00149,toa payoh central,D12,Lorong 6 Toa Payoh,36,30,10,3,90.2 sq.m, 2000000 ,2024-06-29,Sub Sale,99 yrs
TXN-00627,LAVENDER STREET LOFT,D07,Lavender Street,45,#21-14,14,2,800 sq ft,"$2,181,000",30/05/2025,RESALE,Freehold
TXN-01536,One-North  Loft,D5,One-North Crescent,46,12,02,3,92.1 sqm,"$$ 1,553,000",2023-08-25, New Sale ,Freehold
TXN-01632,Orchard  Heritage, 9 ,Orchard Boulevard,79,17,15,2,72.0 sq m,1203000,30/03/2021,RESALE,Freehold
TXN-01308,sengkang riviera,D19,Sengkang East Avenue,73,11,18,1,51.1 sq m,"$1,039,000",26 Dec 2022,new sale,Freehold
TXN-01700,queenstown vista,D03,Commonwealth Avenue,33,14,18,2,67.8 sq m ,"S$ 1,675,000",22/08/2025,sub sale,99 yrs
TXN-00286,Grange  Road  Residences, 9 ,Grange Road,27,#02-07,07,3,96.2 sq m ,1964000,27/12/2022,RESALE,99 yrs
TXN-01362,alexandra  central, 5 ,Alexandra Road,19,#04-05,05,3,"1,011 sq ft",2342000,2024-01-14,resale,Freehold
TXN-01559,Eunos  Ville,D14,Eunos Road 2,8,27,18,4,121.7 sq m ,"$$ 2,761,000",24 Nov 2024,new sale,99 yrs
TXN-00235,WEST COAST VALE,D5,West Coast Vale,39,2,01,2,830 sqft,"$1,291,000",06 Oct 2023,new sale,Freehold
TXN-00918,Woodlands Cascade,D25,Woodlands Avenue 2,21,#29-16,16,4,123.6 sq m,"$$ 2,306,000",07/06/2024,SUB SALE,99 yrs
TXN-01095,Tanjong Pagar Place,d02,Tanjong Pagar Road,26,21,06,1,48.8 sq m,1155000,2023-08-03,new sale,Freehold
TXN-01481,Katong  Seaview,d15,East Coast Road,76,#07-10,10,3,-,"$1,442,000",27 May 2025,Sub Sale,99 yrs
TXN-01603,Hillview Heights,d23,Hillview Avenue,55,#29-18,18,3,971 sqft,"S$ 1,623,000",14/02/2020, New Sale ,Freehold
TXN-00220,  Marina Bay Suites  ,1,Marina Boulevard,37,#08-11,11,2,74.3 sq.m,"S$ 2,187,000",25 Nov 2023,Sub Sale,Freehold
TXN-01024,toa  payoh  central,D12,Lorong 6 Toa Payoh,87,#17-02,02,2,74.3 sqm,902000,20 Apr 2025,SUB SALE,99 yrs
TXN-00009,Kallang Riverside,7,Kallang Avenue,52,#04-11,11,4,121.7 sq m , 2055000 ,19/04/2022,sub sale,Freehold
TXN-00747,Nassim Park,D10,Nassim Road,44,#21-04,04,1,53.9 sqm, 716000 ,03/10/2021,new sale,99 yrs
TXN-00808,  Shenton Way Suites  ,D1,Shenton Way,15,2,07,1,480 sq ft, 852000 ,28/06/2025,RESALE,99 yrs
TXN-00668,PASIR RIS SEAVIEW,18,Pasir Ris Drive 1,28,10,11,3,1061 sqft, 2352000 ,2025-06-01, Resale ,Freehold
TXN-00225,Opera Estate, 15 ,Fidelio Street,40,#09-15,15,3,991 sqft,1216000,18/12/2021, Sub Sale ,Freehold
TXN-00448,telok blangah ridge,D04,Telok Blangah Road,53,#16-09,09,3,90.2 sqm,"S$ 2,599,000",19 Nov 2023,New Sale,Freehold
TXN-00928,  Jurong Lake District  , 22 ,Yuan Ching Road,78,12,01,3,93.9 sq.m, 1446000 ,31/05/2021,Resale,Freehold
TXN-01398,Buona Vista Court,d05,North Buona Vista Road,10,11,11,3,n/a,"$2,707,000",22/10/2022, New Sale ,Freehold
TXN-01079,  Cecil Street Tower  ,d01,Cecil Street,76,#26-16,16,4,"1,330 sqft",2059000,10 Jan 2025,New Sale,99 yrs
TXN-01612,YISHUN EMERALD,d27,Yishun Avenue 2,78,#27-15,15,3,101.4 sq.m,2035000,27/02/2025,Sub Sale,99 yrs
TXN-01100,yishun emerald, 27 ,Yishun Avenue 2,49,12,20,3,"1,091 sqft","S$ 2,420,000",18/04/2022,RESALE,99 yrs
TXN-00376,Eunos  Ville,14,Eunos Road 2,88,19,16,4,125.4 sq m,"$$ 2,344,000",27/04/2021,Resale,Freehold
TXN-01252,Marina Bay Suites,d01,Marina Boulevard,87,26,08,2,730 sqft,"$$ 1,971,000",29/08/2022,Resale,Freehold
TXN-01348,LAVENDER STREET LOFT,D7,Lavender Street,65,8,11,4,"1,350 sq ft",3226000,2024-07-19, Resale ,Freehold
TXN-00055,ALEXANDRA CENTRAL, 5 ,Alexandra Road,63,19,17,4,1330 sqft,3199000,2024-05-20,New Sale,99 yrs
TXN-01360,Opera  Estate,d15,Fidelio Street,62,11,08,3,101.4 sq m ,"$$ 1,958,000",2022-02-19, New Sale ,99 yrs
TXN-01625,  Ghim Moh Green  ,10,Ghim Moh Road,26,38,14,3,"1,011 sq ft",217000,07 Aug 2022,sub sale,Freehold
TXN-01477,marsiling grove,25,Marsiling Road,13,#32-19,19,1,500 sqft,"$610,000",24 Jan 2025,SUB SALE,Freehold
TXN-00553,OUTRAM PARK RESIDENCES, 3 ,Outram Road,77,38,04,4,1430 sqft,"$4,203,000",2024-01-20,sub sale,Freehold
TXN-00519,marina  bay  suites,1,Marina Boulevard,37,#10-12,12,1,550 sq ft,"S$ 1,743,000",2023-01-05, Sub Sale ,Freehold
TXN-00537,  Novena Heights  ,D11,Thomson Road,70,#20-09,09,3,991 sqft,2002000,01/01/2023, Sub Sale ,Freehold
TXN-00658,LENG KEE COURT,d03,Leng Kee Road,29,6,18,3,n/a,3098000,2020-12-18, New Sale ,99 yrs
TXN-01530,redhill peak,3,Redhill Close,24,#05-15,15,2,830 sq.ft,"$$ 2,394,000",10/02/2024,RESALE,99 yrs
TXN-00577,cuscaden  residences,d09,Cuscaden Road,88,16,08,3,98.6 sqm,1668000,10 Feb 2020, Sub Sale ,Freehold
TXN-00374,stevens suites, 10 ,Stevens Road,52,13,09,3,96.2 sqm,"$1,218,000",08/11/2021,sub sale,Freehold
TXN-00509,harbourfront  residences,D4,Harbourfront Avenue,58,34,16,2,750 sqft,2158000,08/04/2025,Sub Sale,Freehold
TXN-01495,  Tion Bahru Loft  ,D3,Tiong Bahru Road,20,27,13,2,77.1 sqm, 1340000 ,2025-05-10, Resale ,99 yrs
TXN-01693,The Orchid Residences, 19 ,Hougang Avenue 2,70,#19-18,18,3,971 sq.ft,"S$ 1,219,000",05/01/2025,SUB SALE,Freehold
TXN-01537,tion bahru loft,d03,Tiong Bahru Road,50,11,05,4,1375 sq ft,"S$ 3,336,000",13/01/2023, Resale ,Freehold
TXN-00310,novena heights, 11 ,Thomson Road,45,12,15,3,98.6 sq m ,"$1,185,000",10 Jun 2025, Sub Sale ,99 yrs
TXN-01738,marina bay suites,D1,Marina Boulevard,58,19,19,3,96.2 sq m,1809000,24/01/2025,New Sale,99 yrs
TXN-01273,grange  road  residences,D9,Grange Road,43,8,10,2,775 sq ft,"$1,746,000",19 Nov 2021,Resale,99 yrs
TXN-01550,farrer  road  court,D10,Farrer Road,78,#33-11,11,2,750 sq ft,"$$ 13,160,000",21/02/2025,sub sale,99 yrs
TXN-01026,Chin Swee Heights,3,Chin Swee Road,26,#17-14,14,2,66.0 sqm,"$$ 1,448,000",2023-02-22,SUB SALE,99 yrs
TXN-01299,KATONG SEAVIEW,D15,East Coast Road,84,19,07,2,710 sq.ft,"$1,572,000",2024-01-09,NEW SALE,Freehold
TXN-01554,lavender  street  loft,d07,Lavender Street,78,19,07,1,500 sqft,"$$ 1,016,000",25 Mar 2023,Sub Sale,99 yrs
TXN-00924,Maxwell  Chambers  Suites,D01,Maxwell Road,14,25,03,3,98.6 sq m, 1855000 ,15/06/2024,new sale,Freehold
TXN-01573,Balestier Point,D12,Balestier Road,36,#25-03,03,3,92.1 sqm,1948000,2023-01-12,New Sale,99 yrs
TXN-00462,Opera Estate,D15,Fidelio Street,60,#20-05,05,3,92.1 sq m ,"$$ 2,657,000",2024-02-16,New Sale,Freehold
TXN-01588,  Bukit Batok West  , 23 ,Bukit Batok West Avenue 8,25,31,05,3,971 sqft, 1517000 ,15/09/2024,resale,Freehold
TXN-01075,holland village loft,d10,Holland Road,9,36,04,2,69.7 sqm,1075000,06 Jan 2022, New Sale ,99 yrs
TXN-01321,paterson residences,d09,Paterson Road,86,#24-16,16,3,"1,061 sq.ft","$1,322,000",31 May 2025,Resale,99 yrs
TXN-01203,ghim moh green,d10,Ghim Moh Road,5,4,04,3,92.1 sqm,1639000,26 Apr 2023,SUB SALE,Freehold
TXN-00059,Hillview  Heights,D23,Hillview Avenue,29,36,20,3,1091 sq.ft,"$$ 2,841,000",20 May 2023,NEW SALE,Freehold
TXN-01313,  East Coast Parkview  ,D15,Marine Parade Road,52,#38-14,14,3,98.6 sq.m,2158000,05 May 2023,New Sale,Freehold
TXN-00100,  Sembawang Springs  ,D27,Sembawang Road,17,#33-02,02,3,101.4 sq m,"$$ 1,539,000",29/10/2024,new sale,99 yrs
TXN-01240,River  Valley  Court, 9 ,River Valley Road,81,#30-14,14,1,580 sqft,1059000,2023-08-12, New Sale ,Freehold
TXN-00071,CHIN SWEE HEIGHTS,3,Chin Swee Road,4,#26-11,11,4,127.7 sq m , 3667000 ,16 Jun 2023,RESALE,Freehold
TXN-00666,woodlands  cascade, 25 ,Woodlands Avenue 2,13,5,10,1,44.6 sq m ,"S$ 1,150,000",29/03/2023,sub sale,99 yrs
TXN-01218,Pasir Panjang Residences,D05,Pasir Panjang Road,34,38,17,3,96.2 sq m,"$2,354,000",15 Jul 2021,NEW SALE,99 yrs
TXN-00733,Ardmore  Park,10,Ardmore Park,25,20,14,2,74.3 sq m,"$1,547,000",18/08/2025,new sale,Freehold
TXN-00320,Scotts  Tower, 9 ,Scotts Road,2,#13-04,04,3,971 sqft,1683000,2024-12-25, Resale ,99 yrs
TXN-01630,little india lofts,D8,Serangoon Road,22,#22-08,08,2,710 sqft,"$1,585,000",31 Jul 2025,NEW SALE,99 yrs
TXN-00948,East  Coast  Parkview,15,Marine Parade Road,77,#07-10,10,4,127.7 sq m ,"S$ 2,716,000",10/10/2024,sub sale,99 yrs
TXN-00314,little india lofts,d08,Serangoon Road,82,17,16,3,1036 sq.ft,1378000,27 Sep 2024,RESALE,Freehold
TXN-01270,sentosa  cove  villas,d04,Ocean Drive,49,38,16,1,500 sq ft,"$$ 1,422,000",17 Feb 2022,RESALE,Freehold
TXN-00909,Farrer  Park  Residences,d08,Farrer Park Road,67,32,08,3,"1,091 sq.ft", 1668000 ,09/10/2024, New Sale ,Freehold
TXN-00365,Clementi  Park  Residences,D5,Clementi Avenue 2,63,27,16,3,971 sqft,1681000,09 Mar 2025,resale,Freehold
TXN-00294,Buona  Vista  Court, 5 ,North Buona Vista Road,73,#12-15,15,2,800 sq.ft,"$1,353,000",16 Jul 2025, New Sale ,99 yrs
TXN-00285,Tion Bahru Loft,3,Tiong Bahru Road,82,#13-06,06,2,72.0 sq m,$$,21 Jul 2024, Resale ,99 yrs
TXN-01246,ALEXANDRA CENTRAL, 5 ,Alexandra Road,13,19,05,3,971 sq ft,"$$ 1,528,000",2022-09-18, Resale ,99 yrs
TXN-01695,farrer road court,D10,Farrer Road,2,#36-07,07,3,93.9 sq m ,"$1,478,000",2024-02-10,NEW SALE,99 yrs
TXN-00974,  Queenstown Vista  , 3 ,Commonwealth Avenue,77,16,19,4,132.9 sq.m,"$3,119,000",2020-06-24,NEW SALE,Freehold
TXN-01720,TELOK BLANGAH RIDGE,4,Telok Blangah Road,52,2,04,3,98.6 sq m,"S$ 267,300",09/05/2024, Sub Sale ,99 yrs
TXN-00004,balestier  point,D12,Balestier Road,13,7,13,4,"1,350 sqft","$1,767,000",2023-06-26, Sub Sale ,Freehold
TXN-01266,farrer park residences,D08,Farrer Park Road,16,4,09,3,"1,091 sqft","$1,752,000",07/04/2025, Sub Sale ,Freehold
TXN-01564,Newton Suites, 11 ,Newton Road,11,2,12,2,74.3 sq m ,"$$ 1,685,000",2024-07-07,sub sale,99 yrs
TXN-00264,EUNOS VILLE,d14,Eunos Road 2,4,#27-11,11,3,1061 sq ft,2460000,18/08/2024,new sale,99 yrs
TXN-01082,Irrawaddy Residences, 11 ,Irrawaddy Road,27,26,08,4,"1,375 sq ft",1624000,2025-06-05,resale,99 yrs
TXN-01249,ardmore  park,D10,Ardmore Park,36,7,05,3,"1,036 sq ft","$1,697,000",30/01/2025, New Sale ,99 yrs
TXN-00493,chin swee heights,d03,Chin Swee Road,76,#31-15,15,4,1350 sq ft,,2025-05-04, Resale ,Freehold
TXN-00933,geylang  quay,d14,Geylang Road,54,#12-02,02,1,53.9 sq.m,"$$ 837,000",16/06/2024,NEW SALE,99 yrs
TXN-00098,toa payoh central,d12,Lorong 6 Toa Payoh,71,24,11,3,98.6 sq.m, 2219000 ,2025-04-07, New Sale ,Freehold
TXN-00617,tion  bahru  loft,3,Tiong Bahru Road,59,31,04,3,991 sqft,"$$ 1,675,000",2022-11-26,Sub Sale,Freehold
TXN-01716,macpherson park,D13,MacPherson Road,81,#38-04,04,2,67.8 sq m , 1772000 ,01/05/2025,Resale,99 yrs
TXN-01336,beauty world residences,d21,Jalan Jurong Kechil,56,18,03,3,971 sqft,"$$ 1,433,000",2025-07-23,Resale,Freehold
TXN-01384,BUGIS JUNCTION RESIDENCES,D07,Victoria Street,40,22,15,2,830 sq.ft,1514000,2023-07-21,new sale,99 yrs
TXN-01145,marsiling  grove,25,Marsiling Road,88,#29-06,06,2,66.0 sq m,"$$ 1,185,000",23/10/2022,SUB SALE,99 yrs
TXN-01224,  Irrawaddy Residences  ,D11,Irrawaddy Road,24,9,02,3,90.2 sq m,"$$ 1,530,000",2024-08-13, Sub Sale ,Freehold
TXN-00765,redhill  peak,D3,Redhill Close,61,#11-12,12,3,991 sqft,2049000,06/06/2024,RESALE,99 yrs
TXN-00569,CHIN SWEE HEIGHTS,D03,Chin Swee Road,21,33,13,3,93.9 sqm, 2207000 ,2020-12-16,new sale,Freehold
TXN-00776,Alexandra Central,D5,Alexandra Road,55,27,20,3,991 sqft,"$$ 1,190,000",17/03/2024,Resale,Freehold
TXN-01575,Redhill Peak,D03,Redhill Close,59,7,08,2,710 sq ft,"S$ 1,228,000",2025-05-29,sub sale,Freehold
TXN-00074,Queenstown  Vista,3,Commonwealth Avenue,85,#17-10,10,2,67.8 sqm,"$$ 1,699,000",30 Aug 2024,Sub Sale,Freehold
TXN-00213,  Harbourfront Residences  ,4,Harbourfront Avenue,51,#36-13,13,1,550 sq ft, 1587000 ,02 Sep 2025,Resale,Freehold
TXN-00321,MAXWELL CHAMBERS SUITES, 1 ,Maxwell Road,48,18,06,2,74.3 sq m,"$2,047,000",18 May 2021,sub sale,99 yrs
TXN-00629,harbourfront residences,4,Harbourfront Avenue,51,#29-19,19,4,121.7 sqm,2595000,30/12/2024,NEW SALE,Freehold
TXN-00057,balestier point,d12,Balestier Road,60,23,18,1,525 sq ft,1015000,2023-04-16,new sale,Freehold
TXN-00937,Telok Blangah Ridge,D04,Telok Blangah Road,43,26,05,1,51.1 sqm,1190000,19/12/2021,NEW SALE,Freehold
TXN-01332,East  Coast  Parkview,D15,Marine Parade Road,15,4,20,3,93.9 sq m,"$$ 1,728,000",2023-01-19,sub sale,Freehold
TXN-01393,tion  bahru  loft,D03,Tiong Bahru Road,87,23,07,2,775 sq.ft,1737000,2025-03-08, New Sale ,99 yrs
TXN-00513,telok  blangah  ridge,4,Telok Blangah Road,22,#07-07,07,3,"1,091 sq.ft","S$ 3,311,000",18/02/2023,resale,Freehold
TXN-01014,BEDOK RESERVOIR VIEWS,D16,Bedok Reservoir Road,38,36,04,2,77.1 sq m ,"$1,337,000",31/05/2022,new sale,99 yrs
TXN-01241,Jurong Lake District,d22,Yuan Ching Road,20,#34-03,03,3,991 sq.ft,"S$ 2,559,000",2025-06-01, Sub Sale ,Freehold
TXN-00868,YISHUN EMERALD,D27,Yishun Avenue 2,30,21,08,1,550 sq.ft,1309000,03 Apr 2025, Resale ,Freehold
TXN-01678,  Maxwell Chambers Suites  ,d01,Maxwell Road,51,20,02,3,991 sqft,2885000,20/06/2025,resale,Freehold
TXN-01650,West  Coast  Vale, 5 ,West Coast Vale,74,24,20,3, ,2361000,26/07/2024,new sale,Freehold
TXN-01320,  Chin Swee Heights  ,D03,Chin Swee Road,18,10,11,4,"1,310 sqft","S$ 3,004,000",17 Jun 2023,NEW SALE,Freehold
TXN-01517,botanic  gardens  residences, 10 ,Cluny Park Road,23,25,03,2,69.7 sq m,"$956,000",03 Jun 2021,sub sale,Freehold
TXN-01413,Opera Estate,D15,Fidelio Street,40,#33-07,07,1,480 sq ft,"S$ 557,000",11/07/2023,new sale,Freehold
TXN-00996,  Pasir Panjang Residences  ,D5,Pasir Panjang Road,67,33,11,3,991 sqft,2260000,01/04/2025,sub sale,99 yrs
TXN-01556,  Ghim Moh Green  ,10,Ghim Moh Road,23,22,13,1,53.9 sq m ,"$$ 1,154,000",2023-01-18, Sub Sale ,Freehold
TXN-01205,East Coast Parkview,15,Marine Parade Road,17,26,13,3,"1,036 sq.ft","$1,249,000",2023-08-07,Sub Sale,99 yrs
TXN-00672,  Keppel Bay View  ,D04,Keppel Bay Drive,5,#13-20,20,3,"1,036 sq ft", 2061000 ,12 Sep 2024, Sub Sale ,99 yrs
TXN-01383,Paterson  Residences,D09,Paterson Road,34,19,08,4,1375 sq ft,3707000,2023-06-05, New Sale ,99 yrs
TXN-00452,Bishan Green,20,Bishan Street 22,71,#25-01,01,2,77.1 sq m, 2264000 ,06/02/2025,RESALE,99 yrs
TXN-00927,KALLANG RIVERSIDE,7,Kallang Avenue,9,#33-15,15,3,101.4 sqm,"S$ 2,237,000",03 Dec 2021,Resale,Freehold
TXN-01730,BEDOK RESERVOIR VIEWS,D16,Bedok Reservoir Road,13,35,09,2,830 sq ft,"$1,543,000",2022-12-04,Sub Sale,Freehold
TXN-00163,Keppel Bay View,D4,Keppel Bay Drive,35,7,06,4,1310 sq ft,"$$ 2,729,000",20/09/2023,Resale,Freehold
TXN-00484,Pasir  Ris  Seaview, 18 ,Pasir Ris Drive 1,28,12,04,3,991 sqft,"$$ 1,996,000",2024-06-22,SUB SALE,99 yrs
TXN-01707,pasir ris seaview,d18,Pasir Ris Drive 1,40,#22-08,08,3,90.2 sqm,"S$ 2,631,000",05 Aug 2024,new sale,99 yrs
TXN-00885,Balmoral  Heights,D10,Balmoral Road,75,24,10,3,"1,061 sq.ft",2582000,18 Jul 2025, Resale ,99 yrs
TXN-00645,  Tion Bahru Loft  , 3 ,Tiong Bahru Road,30,#32-18,18,3,96.2 sq m , 2193000 ,2023-12-28,New Sale,Freehold
TXN-00568,paterson  residences, 9 ,Paterson Road,59,14,17,3,971 sq.ft,"$1,438,000",2024-12-30, Resale ,99 yrs
TXN-00748,KIM SENG PLAZA,d09,Kim Seng Road,35,34,14,3,1036 sqft,"$2,344,000",28 Aug 2020,sub sale,99 yrs
TXN-00375,BUKIT TIMAH GROVE, 21 ,Upper Bukit Timah Road,61,#17-02,02,3,1011 sq ft, 2542000 ,18 Aug 2025,New Sale,99 yrs
TXN-01050,ORCHARD HERITAGE,9,Orchard Boulevard,13,#02-20,20,3,98.6 sq.m,1465000,2023-01-11,RESALE,99 yrs
TXN-00258,Geylang Quay,D14,Geylang Road,12,7,02,2,830 sq.ft,"S$ 2,320,000",13 Jul 2023, Sub Sale ,Freehold
TXN-00256,east coast parkview, 15 ,Marine Parade Road,14,29,06,3,"1,091 sq.ft", 2706000 ,15/05/2025,RESALE,99 yrs
TXN-01195,  Bukit Batok West  ,23,Bukit Batok West Avenue 8,88,23,06,3,98.6 sqm,1323000,22 Aug 2025,Sub Sale,Freehold
TXN-00534,Woodlands  Cascade,d25,Woodlands Avenue 2,57,37,12,3,991 sq.ft,1732000,06 Jan 2025,SUB SALE,Freehold
TXN-01566,  Ang Mo Kio Grove  ,d20,Ang Mo Kio Avenue 6,26,18,11,4, , 3517000 ,2023-05-14, New Sale ,99 yrs
TXN-00567,East  Coast  Parkview,D15,Marine Parade Road,66,16,13,2,77.1 sq.m,1570000,2025-01-26,New Sale,Freehold
TXN-01051,RIVER VALLEY COURT,D09,River Valley Road,19,7,09,2,730 sq.ft,1954000,03/06/2025, Resale ,99 yrs
TXN-00922,Chin  Swee  Heights,3,Chin Swee Road,50,#29-15,15,2,800 sqft,2401000,16 Feb 2025, Sub Sale ,99 yrs
TXN-00540,Bedok  Reservoir  Views,d16,Bedok Reservoir Road,17,#06-02,02,1,51.1 sqm, 1347000 ,2021-01-17,resale,99 yrs
TXN-01690,  Harbourfront Residences  ,D4,Harbourfront Avenue,54,6,16,2,710 sqft,"$$ 1,657,000",23 Aug 2025, Sub Sale ,99 yrs
TXN-01597,cecil  street  tower, 1 ,Cecil Street,36,#13-15,15,3,971 sq ft,2455000,2024-07-17,SUB SALE,99 yrs
TXN-01311,botanic gardens residences,D10,Cluny Park Road,14,4,11,3,1091 sq.ft,"$2,515,000",05 Jan 2024,RESALE,Freehold
TXN-01086,River  Valley  Court,d09,River Valley Road,88,#28-20,20,2,750 sqft,"$1,441,000",07/07/2021, Sub Sale ,Freehold
TXN-01541,Sixth  Avenue  Suites,10,Sixth Avenue,14,#05-12,12,3,991 sqft,2079000,2020-06-14, Sub Sale ,Freehold
TXN-00330,One-North Loft, 5 ,One-North Crescent,1,2,11,2,77.1 sq.m,2092000,07 Apr 2025,Sub Sale,Freehold
TXN-00132,Nassim Park,D10,Nassim Road,46,9,14,3,1061 sq ft,"$1,883,000",2025-08-29,New Sale,99 yrs
TXN-00191,SENTOSA COVE VILLAS,4,Ocean Drive,79,10,10,3,"1,061 sq.ft","$2,188,000",2024-09-14,Sub Sale,99 yrs
TXN-01233,  Lavender Street Loft  ,D7,Lavender Street,53,#17-15,15,3,90.2 sq m, 2446000 ,30/06/2023, Sub Sale ,99 yrs
TXN-01725,sembawang springs,D27,Sembawang Road,63,17,16,2,67.8 sqm,"$1,798,000",2025-04-22,RESALE,Freehold
TXN-01521,Kim Seng Plaza,D09,Kim Seng Road,17,#37-02,02,3,90.2 sq m,"$$ 1,729,000",2025-08-26,Sub Sale,99 yrs
TXN-00986,Springleaf Green,d26,Springleaf Avenue,46,5,04,3,1091 sq ft,"$$ 1,575,000",15/02/2025, Resale ,99 yrs
TXN-01176,  Botanic Gardens Residences  ,D10,Cluny Park Road,75,#05-04,04,3,1091 sqft,"$$ 1,940,000",28 Jan 2024,sub sale,99 yrs
TXN-01633,SERANGOON GARDENS,D19,Serangoon Garden Way,75,21,14,1,480 sqft,"$1,188,000",06/08/2025,new sale,Freehold
TXN-00201,river valley court,d09,River Valley Road,47,37,07,3,971 sqft,"S$ 2,201,000",2024-02-07,new sale,Freehold
TXN-00148,maxwell  chambers  suites,D01,Maxwell Road,83,30,19,3,98.6 sqm,"S$ 3,242,000",2024-11-15,NEW SALE,Freehold
TXN-00546,beauty  world  residences,d21,Jalan Jurong Kechil,52,#13-18,18,1,480 sq ft,"S$ 1,307,000",02 Dec 2024,Resale,Freehold
TXN-00886,  Redhill Peak  , 3 ,Redhill Close,2,20,12,2,800 sq.ft,"$1,762,000",02 Dec 2024, Sub Sale ,99 yrs
TXN-01635,east coast parkview, 15 ,Marine Parade Road,68,33,14,3,93.9 sq m ,"S$ 1,537,000",11/01/2023,NEW SALE,Freehold
TXN-00308,marina  bay  suites,D01,Marina Boulevard,17,#09-14,14,1,580 sq.ft,"$$ 1,278,000",28 Apr 2023,New Sale,99 yrs
TXN-00219,hillview  heights,D23,Hillview Avenue,24,#27-16,16,4,1330 sq.ft,"S$ 1,561,000",04/09/2025, New Sale ,99 yrs
TXN-01648,Tion Bahru Loft,d03,Tiong Bahru Road,21,9,08,2,72.0 sq.m,"$$ 1,440,000",2024-01-22,resale,Freehold
TXN-00976,EUNOS VILLE, 14 ,Eunos Road 2,48,9,19,3,"1,061 sq.ft",1576000,10/06/2021,new sale,99 yrs
TXN-00356,Maxwell  Chambers  Suites,D1,Maxwell Road,45,6,08,2,69.7 sq m ,2270000,12 Feb 2025, Sub Sale ,99 yrs
TXN-00290,bishan green,20,Bishan Street 22,50,10,19,3,1036 sq.ft,"S$ 2,026,000",07 Sep 2023,SUB SALE,99 yrs
TXN-01714,Dover  Parkview, 5 ,Dover Road,76,6,04,3,971 sq.ft,"S$ 1,340,000",2020-09-01,resale,Freehold
TXN-01419,Orchard  Heritage,D09,Orchard Boulevard,29,8,08,3,"1,036 sq ft", 1738000 ,04 Dec 2022,New Sale,Freehold
TXN-00517,one-north loft,D05,One-North Crescent,56,31,19,2,74.3 sq m ,1858000,23 Nov 2024, Sub Sale ,Freehold
TXN-01581,Ghim Moh Green,D10,Ghim Moh Road,23,24,14,3,92.1 sqm,"S$ 1,740,000",2024-07-09, New Sale ,Freehold
TXN-01448,  Maxwell Chambers Suites  , 1 ,Maxwell Road,69,#24-20,20,4,-, 2860000 ,2025-08-03,resale,Freehold
TXN-00728,Siglap  Villas,D15,Siglap Road,73,17,17,2,800 sq.ft, 2159000 ,23 Oct 2020,Resale,99 yrs
TXN-00834,ONE-NORTH LOFT, 5 ,One-North Crescent,65,21,14,3,93.9 sq m ,"S$ 1,612,000",2021-01-31,NEW SALE,Freehold
TXN-00632,sixth avenue suites,D10,Sixth Avenue,78,#28-15,15,2,710 sq ft,"S$ 981,000",2025-06-09,Resale,Freehold
TXN-00857,East Coast Parkview,d15,Marine Parade Road,72,8,08,2,74.3 sq m , 1840000 ,05/03/2024, New Sale ,Freehold
TXN-00475,farrer park residences, 8 ,Farrer Park Road,26,#08-01,01,3,96.2 sqm,,2024-09-15,SUB SALE,Freehold
TXN-00182,Grange Road Residences,9,Grange Road,18,#06-19,19,2,69.7 sqm,"S$ 1,507,000",2024-07-22,New Sale,Freehold
TXN-01356,tion bahru loft,3,Tiong Bahru Road,67,4,14,3,971 sqft,"$$ 1,470,000",09/08/2025,new sale,99 yrs
TXN-01605,grange  road  residences, 9 ,Grange Road,62,#37-09,09,3,1061 sqft,"$$ 1,978,000",02 Dec 2020,Resale,Freehold
TXN-00319,BUGIS JUNCTION RESIDENCES,7,Victoria Street,32,17,02,3,"1,036 sq.ft",2687000,11/08/2021, Resale ,Freehold
TXN-00710,HILLVIEW HEIGHTS,D23,Hillview Avenue,27,7,05,2,74.3 sq m,"$$ 1,859,000",26/09/2022, New Sale ,99 yrs
TXN-00393,  Pasir Ris Seaview  , 18 ,Pasir Ris Drive 1,25,6,16,3,971 sq ft,2329000,14 Dec 2024,NEW SALE,Freehold
TXN-00581,CUSCADEN RESIDENCES,D09,Cuscaden Road,79,22,13,3,96.2 sq m ,"S$ 2,667,000",27/05/2025, Sub Sale ,99 yrs
TXN-01399,West Coast Vale, 5 ,West Coast Vale,52,29,01,4,1430 sqft,"$$ 3,738,000",2024-01-04,sub sale,Freehold
TXN-01545,CHIN SWEE HEIGHTS,D3,Chin Swee Road,82,16,11,2,69.7 sq.m, 2182000 ,2025-05-02,New Sale,Freehold
TXN-00669,  Novena Heights  , 11 ,Thomson Road,48,28,06,1, ,"$694,000",2024-08-12, Resale ,99 yrs
TXN-00859,farrer road court,10,Farrer Road,38,31,20,3,971 sq.ft,"$1,070,000",26/03/2024,resale,99 yrs
TXN-01349,  Maxwell Chambers Suites  ,d01,Maxwell Road,23,#30-06,06,4,127.7 sq.m,"$$ 2,868,000",2023-01-02, Sub Sale ,Freehold
TXN-01319,Ang  Mo  Kio  Grove,d20,Ang Mo Kio Avenue 6,28,37,13,2,710 sq ft, 1465000 ,2025-06-21,New Sale,Freehold
TXN-00530,  River Valley Court  ,D9,River Valley Road,62,#09-09,09,3,"1,061 sq ft",2298000,11/04/2024,new sale,99 yrs
TXN-01524,Ghim  Moh  Green,10,Ghim Moh Road,58,#19-03,03,2,775 sqft,1299000,22/01/2025,Sub Sale,Freehold
TXN-01104,  Harbourfront Residences  ,D04,Harbourfront Avenue,12,#07-04,04,3,1061 sq.ft,n/a,2024-11-11,NEW SALE,99 yrs
TXN-01714,Dover    Parkview,D05,Dover Road,76,6,04,3,971 sq.ft,"S$ 1,340,000",2020-09-01,resale,Freehold
TXN-00997,orchard heritage, 9 ,Orchard Boulevard,19,#04-07,07,3,90.2 sq.m,1539000,21 Apr 2022,resale,99 yrs
TXN-00095,geylang quay,D14,Geylang Road,64,9,05,4,121.7 sq m ,"S$ 2,679,000",16/03/2025,sub sale,Freehold
TXN-01479,Kallang  Riverside,D7,Kallang Avenue,81,14,10,2,775 sq.ft,"S$ 2,064,000",2023-08-11, New Sale ,99 yrs
TXN-01310,Tion Bahru Loft,d03,Tiong Bahru Road,61,35,06,2,710 sq.ft,1233000,2021-10-28, New Sale ,Freehold
TXN-01742,GRANGE ROAD RESIDENCES,D9,Grange Road,81,#03-04,04,3,1091 sq ft,$$,07 Dec 2024,New Sale,99 yrs
TXN-01570,MAXWELL CHAMBERS SUITES, 1 ,Maxwell Road,51,22,15,3,96.2 sq m,"$$ 3,081,000",25 Mar 2024,New Sale,Freehold
TXN-00118,  Shenton Way Suites  ,d01,Shenton Way,18,17,18,3,971 sq ft,"$$ 1,650,000",2023-07-09,Sub Sale,Freehold
TXN-00940,Katong Seaview, 15 ,East Coast Road,20,#20-07,07,2,69.7 sqm,1591000,25/11/2023,RESALE,99 yrs
TXN-00745,HOLLAND VILLAGE LOFT, 10 ,Holland Road,75,#25-12,12,3,971 sq ft,"S$ 1,323,000",16 Nov 2020, New Sale ,Freehold
TXN-01333,Chin Swee Heights,D03,Chin Swee Road,19,8,05,2,710 sq.ft, 1842000 ,2024-08-08,new sale,Freehold
TXN-00312,kembangan court,D14,Sims Avenue East,36,10,08,3,1011 sqft,"$2,750,000",07 May 2024,SUB SALE,Freehold
TXN-00985,Leng Kee Court,D03,Leng Kee Road,84,15,07,2,n/a,"S$ 1,408,000",21/10/2020,resale,99 yrs
TXN-00155,TELOK BLANGAH RIDGE,D04,Telok Blangah Road,11,11,11,3,"1,091 sq ft",2983000,2024-03-13,new sale,Freehold
TXN-00558,ALEXANDRA CENTRAL,5,Alexandra Road,18,29,05,1,n/a,"$1,117,000",2023-04-12, New Sale ,Freehold
TXN-01181,scotts tower,D9,Scotts Road,19,#03-06,06,1,n/a,734000,2025-06-18,resale,99 yrs
TXN-01441,Chin Swee Heights, 3 ,Chin Swee Road,14,29,09,3,1036 sqft,"$$ 2,023,000",31 Jul 2025,Sub Sale,Freehold
TXN-00477,  Queenstown Vista  ,3,Commonwealth Avenue,87,36,01,3,"1,091 sq ft","S$ 1,927,000",2024-09-24,new sale,Freehold
TXN-00651,HOLLAND VILLAGE LOFT,D10,Holland Road,82,15,20,3,971 sq.ft,"$1,181,000",2021-03-03,resale,99 yrs
TXN-00876,PUNGGOL WATERFRONT,D19,Punggol Central,9,23,10,2,730 sq.ft,"S$ 1,048,000",19 Feb 2024,Resale,Freehold
TXN-00202,Ghim  Moh  Green,10,Ghim Moh Road,13,9,05,2,74.3 sq m ,"$1,994,000",23/06/2023, Sub Sale ,Freehold
TXN-00198,YISHUN EMERALD,D27,Yishun Avenue 2,64,34,15,4,1330 sq.ft,"$$ 2,820,000",08 May 2025,RESALE,99 yrs
TXN-01500,  Botanic Gardens Residences  ,d10,Cluny Park Road,83,32,19,3,971 sqft,"S$ 1,107,000",2023-12-18, Sub Sale ,Freehold
TXN-00228,west  coast  vale,5,West Coast Vale,8,38,04,3,"1,011 sqft","$$ 1,273,000",20/08/2025,SUB SALE,99 yrs
TXN-00525,choa chu kang residences,D23,Choa Chu Kang Avenue 3,2,10,15,1,46.5 sq m , 826000 ,2022-03-19, Resale ,Freehold
TXN-00498,Maxwell  Chambers  Suites,1,Maxwell Road,62,36,02,3,90.2 sq m,"$$ 2,976,000",2023-06-11,New Sale,Freehold
TXN-00478,river valley court,D9,River Valley Road,49,#16-16,16,3,98.6 sq m ,2099000,23 Dec 2023, Sub Sale ,99 yrs
TXN-00197,chin    swee    heights,D3,Chin Swee Road,79,20,13,2,66.0 sq m ,"S$ 1,138,000",23/03/2023,new sale,Freehold
TXN-00951,OUTRAM PARK RESIDENCES,D03,Outram Road,63,25,13,3,1036 sq ft,"$$ 2,391,000",29 Oct 2022, Resale ,Freehold
TXN-00077,  Orchard Heritage  ,D9,Orchard Boulevard,23,#16-12,12,4,"1,330 sq ft", 2269000 ,29/12/2022,sub sale,99 yrs
TXN-01391,ardmore park,d10,Ardmore Park,72,#36-09,09,2,69.7 sq m,"S$ 1,704,000",2024-05-29,sub sale,99 yrs
TXN-00716,Redhill Peak,D03,Redhill Close,3,#34-19,19,3,971 sqft, 2198000 ,2025-02-11,Sub Sale,99 yrs
TXN-00284,EUNOS VILLE,d14,Eunos Road 2,67,12,08,3,971 sqft,2414000,2021-03-23,New Sale,Freehold
TXN-00112,ORCHARD HERITAGE,d09,Orchard Boulevard,5,21,15,3,"1,091 sq.ft","$$ 1,287,000",08 Mar 2024, Resale ,Freehold
TXN-00232,balmoral  heights, 10 ,Balmoral Road,70,24,03,1,460 sq.ft, 905000 ,2025-08-28, Resale ,Freehold
TXN-00910,Eunos Ville,14,Eunos Road 2,54,14,14,4,1310 sq.ft,2281000,19/08/2022,sub sale,99 yrs
TXN-01033,macpherson  park,D13,MacPherson Road,68,25,19,2,830 sqft,"$$ 2,289,000",01 May 2024,sub sale,Freehold
TXN-01519,sengkang riviera,d19,Sengkang East Avenue,67,#34-09,09,2,750 sqft,1120000,07 Jan 2025,new sale,Freehold
TXN-01681,Grange Road Residences,d09,Grange Road,43,#06-10,10,2,730 sq ft,"S$ 1,883,000",23/10/2024,RESALE,Freehold
TXN-00877,Sixth Avenue Suites, 10 ,Sixth Avenue,32,23,09,4,121.7 sq m ,"S$ 3,030,000",03 May 2021,NEW SALE,99 yrs
TXN-01436,paterson  residences,d09,Paterson Road,16,30,10,3,991 sq ft, 2430000 ,08/11/2024,NEW SALE,99 yrs
TXN-00994,Woodlands  Cascade,d25,Woodlands Avenue 2,72,#12-03,03,3,92.1 sq.m,"$2,414,000",2022-01-18,RESALE,99 yrs
TXN-01531,Alexandra Central,d05,Alexandra Road,10,14,04,2,800 sq ft,"$1,822,000",2022-06-14,Resale,99 yrs
TXN-01474,PASIR PANJANG RESIDENCES,D05,Pasir Panjang Road,14,#21-10,10,4,121.7 sq m ,3606000,03/04/2023,sub sale,99 yrs
TXN-00736,  Paterson Residences  ,D09,Paterson Road,64,16,14,4,"1,375 sq ft", 1858000 ,25 Oct 2022,Sub Sale,Freehold
TXN-01658,cecil  street  tower,d01,Cecil Street,35,#11-18,18,2,66.0 sq m ,"S$ 1,212,000",17 Sep 2020,resale,Freehold
TXN-01131,SENTOSA COVE VILLAS,D04,Ocean Drive,54,#04-09,09,1,48.8 sq m , 1324000 ,20 Aug 2021,Resale,Freehold
TXN-01043,The  Orchid  Residences,D19,Hougang Avenue 2,11,#25-11,11,3,"1,011 sq ft",2421000,2025-08-15,Sub Sale,Freehold
TXN-01437,punggol  waterfront,19,Punggol Central,49,#19-02,02,4,"1,430 sq ft",2573000,2025-03-07,Resale,Freehold
TXN-01276,THE ORCHID RESIDENCES,D19,Hougang Avenue 2,70,37,16,2,830 sq ft, 1268000 ,30/11/2023, Resale ,Freehold
TXN-00347,West  Coast  Vale,D5,West Coast Vale,32,12,04,2,74.3 sq m,"$1,261,000",16/05/2024,sub sale,99 yrs
TXN-01112,STEVENS SUITES, 10 ,Stevens Road,21,18,18,4,127.7 sq m,"$$ 3,658,000",22 Feb 2025, Resale ,99 yrs
TXN-00639,sengkang riviera,D19,Sengkang East Avenue,34,21,19,1,580 sq.ft,"$1,347,000",30/08/2020,sub sale,99 yrs
TXN-00628,Woodlands Cascade,25,Woodlands Avenue 2,7,25,18,4,"1,350 sq ft", 1656000 ,2020-10-13,NEW SALE,99 yrs
TXN-01476,Grange  Road  Residences,9,Grange Road,32,#06-11,11,1,580 sq.ft,1296000,03 May 2023,new sale,99 yrs
TXN-00018,Alexandra Central,5,Alexandra Road,26,15,18,3,1061 sq.ft, 2086000 ,23 Jul 2024,sub sale,Freehold
TXN-00932,little india lofts,8,Serangoon Road,2,#28-01,01,2,710 sqft,804000,09/04/2023,sub sale,99 yrs
TXN-01358,leng  kee  court,3,Leng Kee Road,6,20,13,4,1430 sq ft,"S$ 2,319,000",19 Sep 2023,sub sale,Freehold
TXN-01646,Toa Payoh Central, 12 ,Lorong 6 Toa Payoh,22,2,11,3,991 sq ft,"$1,589,000",2025-05-12,Resale,99 yrs
TXN-00528,Marina Bay Suites,d01,Marina Boulevard,32,26,15,1,53.9 sq m, 1165000 ,2025-01-09,Resale,Freehold
TXN-01032,Choa  Chu  Kang  Residences,d23,Choa Chu Kang Avenue 3,15,#23-10,10,2,775 sq ft,1429000,2021-01-07,sub sale,99 yrs
TXN-00837,Springleaf Green,d26,Springleaf Avenue,67,#08-11,11,3,101.4 sq.m,1753000,2024-07-03,New Sale,99 yrs
TXN-00193,stevens  suites, 10 ,Stevens Road,80,#38-14,14,2,830 sqft,"S$ 1,271,000",11/09/2024, Sub Sale ,Freehold
TXN-00090,outram  park  residences,D3,Outram Road,42,28,11,1,48.8 sq.m,"$1,161,000",23 Mar 2024,New Sale,Freehold
TXN-00204,Redhill  Peak,d03,Redhill Close,42,#34-05,05,3,n/a,"$1,870,000",23/03/2025, Resale ,Freehold
TXN-01232,Dover Parkview, 5 ,Dover Road,32,17,11,2,74.3 sqm, 1360000 ,03/04/2025, Resale ,Freehold
TXN-00234,SPRINGLEAF GREEN,26,Springleaf Avenue,84,36,05,1,580 sq ft,"S$ 1,424,000",2025-01-31, Resale ,Freehold
TXN-01496,CHOA CHU KANG RESIDENCES,D23,Choa Chu Kang Avenue 3,57,#30-01,01,3,991 sq ft,"S$ 1,771,000",2020-05-05,Sub Sale,Freehold
TXN-00369,Redhill Peak,D03,Redhill Close,74,4,17,2,66.0 sq m ,,24/07/2025, Sub Sale ,99 yrs
TXN-00641,telok blangah ridge,D04,Telok Blangah Road,2,19,09,2,800 sqft,"$1,660,000",04 Jun 2025,RESALE,99 yrs
TXN-00833,  Balestier Point  ,D12,Balestier Road,44,21,17,1,51.1 sq m ,"S$ 1,226,000",10/02/2025,resale,99 yrs
TXN-00154,  Paterson Residences  , 9 ,Paterson Road,43,#23-03,03,1,580 sq ft,"S$ 1,406,000",14/12/2021,NEW SALE,Freehold
TXN-00348,geylang quay,D14,Geylang Road,31,13,06,3,96.2 sq.m,"$18,920,000",23/12/2024,new sale,99 yrs
TXN-00058,Balmoral  Heights, 10 ,Balmoral Road,62,#38-13,13,3,90.2 sqm,"S$ 2,590,000",2020-06-29,New Sale,Freehold
TXN-00371,sentosa cove villas,4,Ocean Drive,9,18,11,4,132.9 sq m ,"S$ 2,577,000",2021-10-12,new sale,Freehold
TXN-01076,ghim  moh  green,D10,Ghim Moh Road,11,17,09,2,830 sqft,,2025-05-25,RESALE,Freehold
TXN-00185,Ardmore Park,10,Ardmore Park,71,24,03,1,580 sq.ft,"$$ 1,017,000",02/06/2024,RESALE,99 yrs
TXN-00464,  Leng Kee Court  ,d03,Leng Kee Road,9,#33-08,08,2,710 sqft,"$$ 1,383,000",30/04/2022, Resale ,99 yrs
TXN-00803,bukit batok west, 23 ,Bukit Batok West Avenue 8,46,#38-09,09,1,525 sq ft,1288000,2022-02-11,Sub Sale,99 yrs
TXN-00786,Sixth Avenue Suites,D10,Sixth Avenue,41,#18-17,17,2,750 sq ft,"$$ 1,766,000",2023-03-26,new sale,Freehold
TXN-00876,PUNGGOL WATERFRONT,D19,Punggol Central,9,23,10,2,730 sq.ft,"S$ 1,048,000",19 Feb 2024,Resale,Freehold
TXN-01071,Kim  Seng  Plaza,d09,Kim Seng Road,65,18,19,3,1091 sqft,"$$ 3,053,000",2022-04-27,New Sale,99 yrs
TXN-00635,bukit  timah  grove,D21,Upper Bukit Timah Road,75,25,04,3,96.2 sq.m,"S$ 2,635,000",2023-12-20,Resale,99 yrs
TXN-00536,Yishun Emerald,D27,Yishun Avenue 2,60,24,11,3,991 sqft,"$$ 2,193,000",2022-11-03,Sub Sale,99 yrs
TXN-00066,serangoon  gardens,19,Serangoon Garden Way,51,#38-13,13,3,90.2 sq.m,"$1,688,000",20/02/2025,Resale,99 yrs
TXN-01740,Redhill Peak,D3,Redhill Close,63,12,01,3,"1,011 sq ft",2637000,25 Feb 2025, New Sale ,Freehold
TXN-00534,Woodlands  Cascade,d25,Woodlands Avenue 2,57,37,12,3,991 sq.ft,1732000,06 Jan 2025,SUB SALE,Freehold
TXN-01149,tanjong pagar place,d02,Tanjong Pagar Road,38,29,07,3,96.2 sq.m,"S$ 3,107,000",01 Apr 2022,SUB SALE,Freehold
TXN-00035,Dover Parkview,5,Dover Road,88,23,07,2,800 sqft,1225000,2024-05-15,sub sale,Freehold
TXN-00841,WOODLANDS CASCADE,25,Woodlands Avenue 2,59,9,07,3,98.6 sq.m,"$$ 2,316,000",22/03/2023,Sub Sale,Freehold
TXN-01209,raffles place tower,D1,Raffles Place,85,32,04,2,74.3 sq m,"$1,851,000",08/05/2020, Sub Sale ,99 yrs
TXN-00350,Queenstown Vista,D3,Commonwealth Avenue,68,#16-01,01,1,480 sqft,1311000,19/06/2023,sub sale,99 yrs
TXN-00156,admiralty  parkview,25,Woodlands Drive 16,72,7,10,2,800 sqft,"$$ 2,041,000",18 Jun 2023,RESALE,99 yrs
TXN-01340,  Orchard Heritage  ,9,Orchard Boulevard,9,22,08,2,67.8 sq m,830000,30/12/2024, Sub Sale ,Freehold
TXN-01097,  Punggol Waterfront  , 19 ,Punggol Central,86,11,11,3,"1,091 sqft",2492000,2025-08-29,SUB SALE,Freehold
TXN-01399,West Coast Vale, 5 ,West Coast Vale,52,29,01,4,1430 sqft,"$$ 3,738,000",2024-01-04,sub sale,Freehold
TXN-01265,  East Coast Parkview  ,D15,Marine Parade Road,63,34,13,4,130.1 sq m ,"$$ 1,833,000",2020-05-24,new sale,99 yrs
TXN-01057,opera estate,D15,Fidelio Street,55,11,06,1,42.7 sqm, 1075000 ,03/11/2024, Resale ,Freehold
TXN-00331,  Serangoon Gardens  ,D19,Serangoon Garden Way,8,#28-16,16,2,74.3 sq m,"S$ 1,270,000",06/02/2025,SUB SALE,Freehold
TXN-00152,CECIL STREET TOWER,1,Cecil Street,11,#08-11,11,2,66.0 sq m,,2024-03-29,resale,99 yrs
TXN-00735,BISHAN GREEN,20,Bishan Street 22,9,#08-06,06,3,1036 sqft,2614000,12 Apr 2023,NEW SALE,99 yrs
TXN-00929,sengkang  riviera,D19,Sengkang East Avenue,20,#02-09,09,1,580 sq.ft,"S$ 15,450,000",02/04/2023,RESALE,99 yrs
TXN-00157,beauty world residences,d21,Jalan Jurong Kechil,24,25,10,3,93.9 sq m,"$$ 1,150,000",29 Mar 2025,new sale,99 yrs
TXN-00136,THE ORCHID RESIDENCES,d19,Hougang Avenue 2,19,#27-03,03,2,730 sqft,1649000,08 Jan 2025,Resale,99 yrs
TXN-01245,Orchard Heritage, 9 ,Orchard Boulevard,36,9,10,2,69.7 sqm,"$1,079,000",25 Apr 2023, Resale ,Freehold
TXN-01037,Pasir Ris Seaview, 18 ,Pasir Ris Drive 1,65,28,17,3,971 sqft, 2027000 ,12/02/2025,SUB SALE,Freehold
TXN-01376,  Yishun Emerald  ,27,Yishun Avenue 2,33,31,01,3,101.4 sq m,"$$ 2,573,000",2025-06-03,NEW SALE,Freehold
TXN-00811,Outram Park Residences, 3 ,Outram Road,38,17,07,3,90.2 sq.m,"S$ 2,350,000",19/07/2024,RESALE,Freehold
TXN-00872,YISHUN EMERALD,D27,Yishun Avenue 2,33,#36-20,20,4,"1,430 sq ft","$$ 1,640,000",20/08/2024,Resale,Freehold
TXN-01103,Kim Seng Plaza,9,Kim Seng Road,21,37,20,3,1011 sqft, 1478000 ,14 Jul 2024,NEW SALE,Freehold
TXN-01592,upper  thomson  residences,D26,Upper Thomson Road,76,32,20,2,750 sq ft,"S$ 1,483,000",08 Sep 2020,resale,Freehold
TXN-01256,Raffles  Place  Tower,D01,Raffles Place,46,#27-20,20,3,"1,036 sq.ft","$$ 2,593,000",2024-05-31,Resale,99 yrs
TXN-01414,Holland  Village  Loft,10,Holland Road,5,3,16,4,121.7 sq.m,"$2,330,000",06 Feb 2025,new sale,99 yrs
TXN-00510,Tion Bahru Loft, 3 ,Tiong Bahru Road,81,23,14,3,991 sqft,"S$ 1,826,000",26 Jul 2024,RESALE,99 yrs
TXN-00162,Ang  Mo  Kio  Grove,d20,Ang Mo Kio Avenue 6,7,10,09,4,"1,330 sq.ft",3644000,09/07/2024,SUB SALE,99 yrs
TXN-00388,toa payoh central,D12,Lorong 6 Toa Payoh,88,27,11,3,92.1 sq.m,1205000,2021-01-14,SUB SALE,Freehold
TXN-00740,Tion  Bahru  Loft,d03,Tiong Bahru Road,65,33,16,2,69.7 sq m ,"S$ 2,141,000",25 Jun 2022,SUB SALE,99 yrs
TXN-01453,BISHAN GREEN, 20 ,Bishan Street 22,18,24,13,3,1011 sq ft,price tbd,27/01/2025,Sub Sale,Freehold
TXN-00128,NOVENA HEIGHTS,11,Thomson Road,49,#37-11,11,2,750 sq ft,1784000,2025-05-16,New Sale,Freehold
TXN-01309,harbourfront residences,4,Harbourfront Avenue,35,34,18,2,750 sq ft,"$$ 2,199,000",18 Apr 2021, New Sale ,99 yrs
TXN-00894,  East Coast Parkview  ,d15,Marine Parade Road,44,#26-04,04,4,132.9 sqm,"$1,975,000",20 Mar 2025,NEW SALE,99 yrs
TXN-01701,  Novena Heights  ,D11,Thomson Road,69,12,17,2,67.8 sq m ,"$$ 1,314,000",20 Nov 2022,NEW SALE,99 yrs
TXN-01516,leng kee court,d03,Leng Kee Road,75,25,15,2, ,"$$ 19,170,000",17/08/2024, Resale ,Freehold
TXN-00692,geylang quay, 14 ,Geylang Road,36,#34-14,14,2,750 sq ft,"S$ 1,235,000",2020-07-09, New Sale ,Freehold
TXN-00179,Kembangan  Court,d14,Sims Avenue East,56,#24-20,20,3,971 sqft,"$$ 2,513,000",30 Jan 2022,resale,Freehold
TXN-01150,West Coast Vale,d05,West Coast Vale,88,29,04,3,96.2 sq m ,"$2,240,000",07 May 2020,resale,99 yrs
TXN-01512,queenstown vista,D3,Commonwealth Avenue,40,#11-07,07,2,69.7 sqm,"S$ 1,436,000",03/04/2025,Sub Sale,Freehold
TXN-00562,Toa Payoh Central,D12,Lorong 6 Toa Payoh,32,#09-02,02,4,1430 sq ft,1823000,26/08/2025,resale,Freehold
TXN-01665,  Bedok Reservoir Views  , 16 ,Bedok Reservoir Road,48,23,20,1,53.9 sq m ,"$1,184,000",02 Sep 2025, New Sale ,Freehold
TXN-01506,Balestier Point,12,Balestier Road,47,#14-20,20,3,991 sqft,"$2,244,000",2025-05-21,new sale,Freehold
TXN-01211,Chin  Swee  Heights,d03,Chin Swee Road,14,36,17,3,93.9 sq m,"$2,177,000",29/07/2020,sub sale,Freehold
TXN-00535,SIGLAP VILLAS, 15 ,Siglap Road,57,4,16,3,991 sq ft,"S$ 1,598,000",04/10/2024,sub sale,Freehold
TXN-00612,kallang riverside,7,Kallang Avenue,41,#19-18,18,2,730 sqft,"$$ 1,231,000",21 Jun 2025,resale,Freehold
TXN-01689,sixth avenue suites,D10,Sixth Avenue,76,#04-15,15,4,132.9 sq m ,"$$ 3,915,000",02 Oct 2024,New Sale,99 yrs
TXN-01118,outram  park  residences,D3,Outram Road,41,28,13,3,971 sqft,unknown,18 Aug 2024, Resale ,99 yrs
TXN-00787,  Toa Payoh Central  ,12,Lorong 6 Toa Payoh,25,30,02,3,1091 sq ft,"S$ 2,622,000",2021-04-28, Resale ,99 yrs
TXN-00009,Kallang Riverside,d07,Kallang Avenue,52,#04-11,11,4,121.7 sq m , 2055000 ,19/04/2022,sub sale,Freehold
TXN-01484,kim seng plaza,d09,Kim Seng Road,27,22,03,2,730 sq.ft, 1868000 ,20/10/2023,sub sale,99 yrs
TXN-00409,TELOK BLANGAH RIDGE, 4 ,Telok Blangah Road,60,20,09,3,991 sq.ft, 2413000 ,30/03/2020,Resale,Freehold
TXN-00554,CLEMENTI PARK RESIDENCES, 5 ,Clementi Avenue 2,56,23,12,4,"1,310 sqft","$$ 3,508,000",03/03/2023,RESALE,99 yrs
TXN-00737,Marsiling  Grove,25,Marsiling Road,66,27,16,2,72.0 sq.m, 1910000 ,21/08/2022,RESALE,99 yrs
TXN-00982,admiralty parkview, 25 ,Woodlands Drive 16,51,3,18,2,830 sq ft,1184000,2023-12-14,NEW SALE,Freehold
TXN-01498,Irrawaddy Residences,D11,Irrawaddy Road,5,22,12,3,991 sq ft,"$2,559,000",23/02/2021, Sub Sale ,99 yrs
TXN-01304,  Choa Chu Kang Residences  ,D23,Choa Chu Kang Avenue 3,2,3,06,2,800 sq.ft,"S$ 1,906,000",2022-07-11,new sale,99 yrs
TXN-01247,paterson residences,D9,Paterson Road,63,#14-01,01,1,550 sq ft,"$$ 1,211,000",07/01/2025,NEW SALE,99 yrs
TXN-00777,SENGKANG RIVIERA,D19,Sengkang East Avenue,59,#35-14,14,3,90.2 sq m,"$$ 1,095,000",2025-05-07,RESALE,99 yrs
TXN-01624,Pasir    Ris    Seaview, 18 ,Pasir Ris Drive 1,25,#02-03,03,3,98.6 sqm, 2021000 ,07/03/2025, New Sale ,Freehold
TXN-01084,  Kim Seng Plaza  ,d09,Kim Seng Road,36,12,03,2,67.8 sq m ,1245000,29 Jun 2024,Resale,99 yrs
TXN-01647,Admiralty  Parkview,25,Woodlands Drive 16,17,32,05,2,730 sqft,"$87,500",08/11/2022, New Sale ,Freehold
TXN-01702,EUNOS VILLE,D14,Eunos Road 2,66,29,04,4,127.7 sq m,"S$ 3,744,000",14 Apr 2025, Resale ,99 yrs
TXN-00579,geylang  quay,14,Geylang Road,53,#02-09,09,1,525 sq ft,"S$ 1,399,000",10 Dec 2022,RESALE,99 yrs
TXN-01510,Marsiling Grove,d25,Marsiling Road,60,28,11,3,991 sqft,"$1,395,000",08/03/2022,new sale,Freehold
TXN-00133,harbourfront residences,4,Harbourfront Avenue,65,#08-19,19,3,93.9 sq m ,2244000,03 Dec 2022, New Sale ,99 yrs
TXN-00964,orchard heritage, 9 ,Orchard Boulevard,78,2,13,2,800 sq.ft,2177000,2024-05-16,New Sale,Freehold
TXN-01692,balmoral  heights,d10,Balmoral Road,30,2,17,2,72.0 sqm,1273000,18/08/2020,RESALE,Freehold
TXN-01361,Kim Seng Plaza,D09,Kim Seng Road,44,17,09,3,96.2 sqm,"$$ 2,736,000",2022-08-16,NEW SALE,Freehold
TXN-00138,Tanjong Pagar Place,D2,Tanjong Pagar Road,35,5,03,2,67.8 sq m ,"$$ 2,223,000",06/08/2023,NEW SALE,Freehold
TXN-01440,TELOK BLANGAH RIDGE,d04,Telok Blangah Road,46,#28-09,09,3,1061 sq.ft,2306000,2021-02-21, Sub Sale ,Freehold
TXN-01020,Ardmore  Park,D10,Ardmore Park,46,#29-01,01,2,67.8 sq m,"$1,332,000",2025-07-01, Resale ,99 yrs
TXN-00328,Queenstown Vista,D3,Commonwealth Avenue,38,25,07,3,1036 sq ft,"S$ 1,571,000",04 Jun 2024,SUB SALE,99 yrs
TXN-00993,Newton Suites,D11,Newton Road,72,13,01,3,90.2 sq m, 1427000 ,2023-06-10,resale,99 yrs
TXN-00385,Beauty World Residences,21,Jalan Jurong Kechil,60,#18-07,07,3,93.9 sq m,"S$ 2,062,000",24/09/2022,SUB SALE,Freehold
TXN-01121,pasir panjang residences,5,Pasir Panjang Road,47,11,07,1,51.1 sqm,"S$ 1,181,000",2021-04-22,resale,Freehold
TXN-01120,scotts  tower,9,Scotts Road,33,12,17,3,1061 sq ft,"S$ 1,178,000",2025-02-19,Sub Sale,99 yrs
TXN-01422,BISHAN GREEN, 20 ,Bishan Street 22,51,17,06,3,971 sq.ft,"$$ 2,648,000",2023-10-20,New Sale,Freehold
TXN-01700,queenstown vista,D03,Commonwealth Avenue,33,14,18,2,67.8 sq m ,"S$ 1,675,000",22/08/2025,sub sale,99 yrs
TXN-01658,cecil street tower, 1 ,Cecil Street,35,#11-18,18,2,66.0 sq m ,"S$ 1,212,000",17 Sep 2020,resale,Freehold
TXN-00411,jurong  lake  district,D22,Yuan Ching Road,57,23,12,3,101.4 sq m,"S$ 1,581,000",10/03/2025,sub sale,99 yrs
TXN-00646,Alexandra Central,5,Alexandra Road,58,2,10,2,800 sq.ft,"$1,592,000",2023-06-11,sub sale,99 yrs
TXN-00538,Choa Chu Kang Residences,23,Choa Chu Kang Avenue 3,9,#17-11,11,1,550 sqft, 1015000 ,02/10/2024,NEW SALE,99 yrs
TXN-00143,sixth  avenue  suites,10,Sixth Avenue,55,#22-19,19,1,48.8 sqm,"S$ 661,000",2024-12-29,Sub Sale,Freehold
TXN-00508,kembangan  court, 14 ,Sims Avenue East,26,24,20,1,48.8 sq.m,"$$ 708,000",28/11/2024, Sub Sale ,99 yrs
TXN-00293,hillview  heights,23,Hillview Avenue,73,#12-03,03,3,96.2 sq.m,unknown,22 Apr 2020,NEW SALE,99 yrs
TXN-01039,SENGKANG RIVIERA,19,Sengkang East Avenue,52,#37-13,13,3,98.6 sq m ,"$$ 2,001,000",15 Apr 2024,RESALE,99 yrs
TXN-01046,CUSCADEN RESIDENCES,D9,Cuscaden Road,42,#30-08,08,3,92.1 sq.m,2747000,2022-10-25, Sub Sale ,Freehold
TXN-00046,  Opera Estate  ,15,Fidelio Street,41,23,20,3,971 sqft,"$2,389,000",2024-03-04,sub sale,Freehold
TXN-00200,  Harbourfront Residences  ,D04,Harbourfront Avenue,34,29,05,3,971 sqft, 1670000 ,2025-07-15,NEW SALE,Freehold
TXN-00229,  Stevens Suites  ,D10,Stevens Road,57,#22-17,17,3,92.1 sq.m,"$$ 1,423,000",2021-04-16,SUB SALE,Freehold
TXN-01251,lavender  street  loft,D07,Lavender Street,25,#35-11,11,1,525 sq ft, 685000 ,19/06/2025,SUB SALE,99 yrs
TXN-01290,kallang riverside,D7,Kallang Avenue,72,#09-08,08,2,74.3 sq m , 2125000 ,2023-07-17,sub sale,Freehold
TXN-00088,Kallang Riverside,D7,Kallang Avenue,87,7,08,3,93.9 sq.m,1165000,28 May 2025, Sub Sale ,99 yrs
TXN-01167,Kembangan Court,d14,Sims Avenue East,12,37,05,2,800 sq.ft, 1970000 ,14 Mar 2024,Sub Sale,99 yrs
TXN-00400,  Keppel Bay View  ,d04,Keppel Bay Drive,44,29,05,3,"1,061 sq.ft","S$ 2,325,000",06 May 2025,New Sale,99 yrs
TXN-01366,  Leng Kee Court  ,d03,Leng Kee Road,65,11,19,3,92.1 sqm, 2184000 ,2022-07-11, New Sale ,Freehold
TXN-00416,EUNOS VILLE,14,Eunos Road 2,85,#08-14,14,3,"1,061 sqft", 2662000 ,04/05/2025,New Sale,Freehold
TXN-00498,Maxwell  Chambers  Suites,1,Maxwell Road,62,36,02,3,90.2 sq m,"$$ 2,976,000",2023-06-11,New Sale,Freehold
TXN-00295,  Stevens Suites  , 10 ,Stevens Road,70,36,12,1,500 sq ft,"$$ 1,344,000",11/01/2025,Sub Sale,Freehold
TXN-00547,SIGLAP VILLAS,D15,Siglap Road,82,#25-14,14,2,800 sqft,"$1,411,000",15/06/2023,sub sale,99 yrs
TXN-01151,Bedok  Reservoir  Views,d16,Bedok Reservoir Road,9,#19-08,08,1,42.7 sq m,1048000,21 May 2024, Resale ,Freehold
TXN-00780,Little  India  Lofts,D08,Serangoon Road,88,25,19,3,n/a,"$$ 1,666,000",13/02/2024,resale,Freehold
TXN-01621,NEWTON SUITES,d11,Newton Road,16,#35-06,06,4,127.7 sq m ,"$$ 3,150,000",13 Aug 2025, New Sale ,99 yrs
TXN-00196,marsiling  grove,D25,Marsiling Road,41,37,04,2,750 sqft,price tbd,04 Mar 2022,new sale,Freehold
TXN-00869,Maxwell  Chambers  Suites,D1,Maxwell Road,26,15,01,3,1091 sq.ft, 2990000 ,2025-06-13,NEW SALE,99 yrs
TXN-01489,river valley court,9,River Valley Road,82,#16-03,03,3,"1,036 sqft","$1,412,000",23/03/2021,New Sale,99 yrs
TXN-01744,  Kim Seng Plaza  , 9 ,Kim Seng Road,18,16,20,1,580 sq ft, 1172000 ,14 Apr 2020,NEW SALE,Freehold
TXN-00442,balestier  point,12,Balestier Road,84,32,18,4,1400 sq.ft,"$$ 3,060,000",08/12/2020, New Sale ,Freehold
TXN-01040,ANG MO KIO GROVE,d20,Ang Mo Kio Avenue 6,59,2,17,3,92.1 sq m , 2291000 ,2024-09-25,New Sale,Freehold
TXN-01281,BISHAN GREEN, 20 ,Bishan Street 22,48,15,20,2,74.3 sq m,2002000,08/05/2024, New Sale ,Freehold
TXN-01288,SCOTTS TOWER,d09,Scotts Road,30,12,01,3,"1,036 sq ft",1583000,2025-01-24,SUB SALE,99 yrs
TXN-01685,LAVENDER STREET LOFT, 7 ,Lavender Street,22,13,01,4,130.1 sq m, 3546000 ,17 Apr 2025,Resale,Freehold
TXN-01007,Chin Swee Heights,3,Chin Swee Road,57,31,06,3,1061 sq ft, 2500000 ,24/07/2025,new sale,Freehold
TXN-01204,sixth  avenue  suites, 10 ,Sixth Avenue,8,16,01,3,93.9 sq m,2730000,2020-04-10,SUB SALE,Freehold
TXN-01514,ang mo kio grove,D20,Ang Mo Kio Avenue 6,72,28,06,3,971 sqft,2126000,28/08/2024, Sub Sale ,Freehold
TXN-00017,CLEMENTI PARK RESIDENCES,d05,Clementi Avenue 2,17,6,18,3,96.2 sq m,"S$ 2,871,000",2021-09-01,sub sale,99 yrs
TXN-00674,ONE-NORTH LOFT, 5 ,One-North Crescent,7,15,09,3,,"S$ 2,032,000",18 Mar 2022,SUB SALE,Freehold
TXN-00919,Cecil  Street  Tower,d01,Cecil Street,1,19,07,3,101.4 sq m , 2661000 ,2025-04-25, Resale ,Freehold
TXN-00682,scotts tower,d09,Scotts Road,53,16,03,2,74.3 sq m, 1786000 ,06/05/2025, Resale ,Freehold
TXN-00147,little india lofts,D8,Serangoon Road,78,14,06,1,44.6 sq m ,"S$ 780,000",02 Dec 2021, Resale ,99 yrs
TXN-01418,  Leng Kee Court  ,D3,Leng Kee Road,29,14,05,3,1091 sqft,"S$ 2,912,000",2024-03-14,Resale,99 yrs
TXN-01688,CECIL STREET TOWER,1,Cecil Street,36,#23-17,17,2,730 sq.ft, 1315000 ,27 Sep 2024,Sub Sale,99 yrs
TXN-01180,pasir  ris  seaview,D18,Pasir Ris Drive 1,70,#13-08,08,2,775 sq.ft, 1620000 ,10 Nov 2022, Sub Sale ,Freehold
TXN-00623,TAMPINES GRANDE,18,Tampines Avenue 1,15,38,16,3,-, 1374000 ,25 Aug 2024,New Sale,99 yrs
TXN-00146,geylang quay,14,Geylang Road,68,34,04,2,730 sqft, 917000 ,27/06/2024,new sale,99 yrs
TXN-00265,siglap villas,D15,Siglap Road,85,13,19,3,"1,036 sqft", 2055000 ,13/11/2023,new sale,99 yrs
TXN-00499,outram  park  residences, 3 ,Outram Road,74,27,08,2,800 sqft,"$$ 1,658,000",27 Sep 2021,New Sale,Freehold
TXN-00042,farrer  park  residences,8,Farrer Park Road,43,14,13,2,710 sq ft,"S$ 1,740,000",05 Feb 2022,NEW SALE,Freehold
TXN-00670,JURONG LAKE DISTRICT,D22,Yuan Ching Road,3,#26-06,06,1, ,"$1,365,000",21/01/2025,resale,99 yrs
TXN-01438,BEAUTY WORLD RESIDENCES, 21 ,Jalan Jurong Kechil,29,33,10,3,991 sq ft,"S$ 2,530,000",15/02/2024, Sub Sale ,Freehold
TXN-00357,macpherson park,d13,MacPherson Road,9,15,08,3,971 sq.ft,"$1,595,000",25/02/2023,Sub Sale,99 yrs
TXN-00592,chin swee heights,D03,Chin Swee Road,7,#37-07,07,3,n/a, 2799000 ,29 Jan 2022, Sub Sale ,Freehold
TXN-00472,Stevens  Suites,D10,Stevens Road,67,18,06,2,66.0 sq.m,1022000,03 Jun 2025,SUB SALE,99 yrs
TXN-00653,Kim  Seng  Plaza, 9 ,Kim Seng Road,21,#22-09,09,2,72.0 sqm,"S$ 1,951,000",2025-03-12, Resale ,Freehold
TXN-01328,  Cecil Street Tower  , 1 ,Cecil Street,47,#23-18,18,2,775 sq.ft,"S$ 2,292,000",02/04/2021,new sale,Freehold
TXN-00701,Ang  Mo  Kio  Grove,20,Ang Mo Kio Avenue 6,17,22,19,2,66.0 sq m,"$$ 841,000",09/07/2023,resale,99 yrs
TXN-01379,the orchid residences,d19,Hougang Avenue 2,23,33,06,2,800 sqft,1650000,09/08/2020,SUB SALE,Freehold
TXN-00983,admiralty parkview,D25,Woodlands Drive 16,25,#20-10,10,3,971 sq.ft,"$2,118,000",07/10/2024,new sale,99 yrs
TXN-00609,YISHUN EMERALD,27,Yishun Avenue 2,42,#35-10,10,2,72.0 sq m ,2015000,2021-02-20,Sub Sale,99 yrs
TXN-00443,little india lofts,8,Serangoon Road,88,17,02,3,98.6 sqm,"$$ 2,517,000",08/04/2025, Resale ,Freehold
TXN-00408,Bedok  Reservoir  Views,D16,Bedok Reservoir Road,12,#33-05,05,4, ,"S$ 3,458,000",2025-01-20,SUB SALE,99 yrs
TXN-01429,Pasir Panjang Residences, 5 ,Pasir Panjang Road,48,35,06,2,800 sq.ft,"$$ 1,257,000",2021-12-15,Resale,99 yrs
TXN-01485,River Valley Court,D09,River Valley Road,1,#09-10,10,3,991 sqft,"S$ 2,488,000",18/06/2025,New Sale,99 yrs
TXN-00468,Siglap  Villas,D15,Siglap Road,1,32,20,4,"1,350 sq ft",2831000,12/03/2024,New Sale,99 yrs
TXN-01272,upper thomson residences, 26 ,Upper Thomson Road,29,8,15,4,1400 sq.ft,"$3,588,000",2024-01-13,NEW SALE,99 yrs
TXN-00135,CUSCADEN RESIDENCES, 9 ,Cuscaden Road,35,#03-06,06,3,1091 sq.ft,1797000,2024-06-07, New Sale ,Freehold
TXN-00848,sengkang  riviera,D19,Sengkang East Avenue,83,#21-18,18,3,,"$2,205,000",14 Oct 2021,Resale,99 yrs
TXN-00424,serangoon gardens, 19 ,Serangoon Garden Way,14,10,14,1,44.6 sq.m, 1012000 ,11/04/2022,resale,99 yrs
TXN-01430,toa  payoh  central,D12,Lorong 6 Toa Payoh,7,#14-09,09,3,"1,061 sqft", 2088000 ,31/08/2025,New Sale,Freehold
TXN-00514,ghim moh green, 10 ,Ghim Moh Road,11,#27-17,17,1,460 sq ft,"S$ 1,232,000",13 Nov 2021,resale,99 yrs
TXN-00934,  Irrawaddy Residences  ,d11,Irrawaddy Road,30,29,04,2,800 sqft,"$$ 1,527,000",02 Jul 2022,NEW SALE,99 yrs
TXN-00931,bugis junction residences,7,Victoria Street,49,2,02,3,971 sqft, 2258000 ,2025-08-26, Resale ,Freehold
TXN-01062,  Cuscaden Residences  , 9 ,Cuscaden Road,50,10,08,4,1430 sq ft,2548000,12 Sep 2023,sub sale,Freehold
TXN-00341,Queenstown Vista, 3 ,Commonwealth Avenue,7,4,15,4,1350 sqft,"S$ 2,362,000",21/10/2021, New Sale ,Freehold
TXN-00758,PATERSON RESIDENCES,D9,Paterson Road,25,#09-05,05,2,-,"$$ 1,231,000",07 Jun 2020,New Sale,Freehold
TXN-00871,  Novena Heights  , 11 ,Thomson Road,34,6,05,3,92.1 sq.m, 2603000 ,2025-08-08,Resale,Freehold
TXN-00811,Outram Park Residences, 3 ,Outram Road,38,17,07,3,90.2 sq.m,"S$ 2,350,000",19/07/2024,RESALE,Freehold
TXN-00456,MACPHERSON PARK,d13,MacPherson Road,37,17,04,2,730 sq.ft,"$1,806,000",09 Apr 2024,New Sale,Freehold
TXN-01127,admiralty parkview,d25,Woodlands Drive 16,24,22,14,1, ,"S$ 675,000",2023-02-07,Resale,Freehold
TXN-00012,toa  payoh  central,d12,Lorong 6 Toa Payoh,9,29,20,3,991 sqft, 2698000 ,02 Nov 2023,new sale,Freehold
TXN-00414,Choa  Chu  Kang  Residences, 23 ,Choa Chu Kang Avenue 3,4,24,20,3,96.2 sqm,"$2,792,000",14/08/2025, Sub Sale ,99 yrs
TXN-00546,beauty  world  residences,d21,Jalan Jurong Kechil,52,#13-18,18,1,480 sq ft,"S$ 1,307,000",02 Dec 2024,Resale,Freehold
TXN-00031,little  india  lofts,d08,Serangoon Road,41,#21-15,15,2, ,"$$ 1,060,000",2025-08-28,RESALE,99 yrs
TXN-00664,balestier point,D12,Balestier Road,87,35,15,4,1430 sqft,"$$ 3,526,000",2025-05-18, Resale ,99 yrs
TXN-00897,  Chin Swee Heights  ,3,Chin Swee Road,38,#14-18,18,1,550 sqft,"S$ 1,486,000",2025-03-25, Resale ,99 yrs
TXN-00580,novena  heights,D11,Thomson Road,59,#33-11,11,2,n/a,1831000,2025-04-20, New Sale ,99 yrs
TXN-01115,Pasir  Panjang  Residences,d05,Pasir Panjang Road,85,#26-09,09,4,"1,330 sq.ft", 3441000 ,12 Feb 2020,resale,99 yrs
TXN-01042,river valley court,9,River Valley Road,7,10,09,3,92.1 sq m , ,2024-05-07,Resale,99 yrs
TXN-01582,raffles place tower, 1 ,Raffles Place,53,33,18,2,830 sqft,"$2,522,000",2023-08-10, Resale ,Freehold
TXN-00578,Jurong Lake District,D22,Yuan Ching Road,50,#25-06,06,3,98.6 sq m,"$$ 2,186,000",2023-03-12,resale,99 yrs
TXN-00436,geylang  quay,D14,Geylang Road,70,#25-19,19,3,101.4 sq m ,"$2,785,000",2025-02-20,SUB SALE,99 yrs
TXN-00280,MacPherson Park,D13,MacPherson Road,34,2,04,4,1375 sqft,1810000,2022-09-23,Sub Sale,99 yrs
TXN-01238,HOLLAND VILLAGE LOFT,D10,Holland Road,68,10,17,3,991 sq ft, 1238000 ,20/08/2025,New Sale,Freehold
TXN-00861,  Ang Mo Kio Grove  ,20,Ang Mo Kio Avenue 6,12,6,10,3,"1,061 sqft","$2,390,000",2023-03-04,Resale,Freehold
TXN-01191,  Hillview Heights  ,d23,Hillview Avenue,5,#18-04,04,1,460 sq ft,1082000,2025-01-19,New Sale,Freehold
TXN-00794,macpherson park, 13 ,MacPherson Road,73,30,11,1,580 sq.ft,"$1,377,000",2021-01-25,sub sale,Freehold
TXN-00824,Opera Estate, 15 ,Fidelio Street,64,30,17,2,77.1 sq m ,1409000,2025-01-26,RESALE,Freehold
TXN-00331,  Serangoon Gardens  ,D19,Serangoon Garden Way,8,#28-16,16,2,74.3 sq m,"S$ 1,270,000",06/02/2025,SUB SALE,Freehold
TXN-00263,Jurong  Lake  District, 22 ,Yuan Ching Road,45,7,17,4,"1,430 sq ft","$$ 3,694,000",2020-08-11,resale,99 yrs
TXN-00105,kallang  riverside, 7 ,Kallang Avenue,56,24,12,4,"1,310 sqft","$2,227,000",29/09/2021, New Sale ,99 yrs
TXN-00929,sengkang  riviera,D19,Sengkang East Avenue,20,#02-09,09,1,580 sq.ft,"S$ 15,450,000",02/04/2023,RESALE,99 yrs
TXN-00512,  Opera Estate  ,D15,Fidelio Street,22,30,14,3,"1,061 sq ft","$2,298,000",12 Jan 2022,Resale,99 yrs
TXN-00626,bishan green,20,Bishan Street 22,50,36,10,3,991 sqft,"$$ 2,009,000",2024-08-16,RESALE,99 yrs
TXN-00709,  Bugis Junction Residences  ,D07,Victoria Street,54,#15-15,15,3,98.6 sqm,"$$ 1,357,000",15 Mar 2025,RESALE,Freehold
TXN-01494,NEWTON SUITES, 11 ,Newton Road,20,38,01,3,93.9 sq m ,"$1,202,000",2023-05-09,RESALE,Freehold
TXN-01363,botanic gardens residences,D10,Cluny Park Road,73,#21-06,06,2,830 sq ft,"S$ 1,408,000",31 Aug 2024,SUB SALE,Freehold
TXN-00555,SPRINGLEAF GREEN,26,Springleaf Avenue,70,#04-11,11,1,46.5 sq.m,"$$ 1,086,000",2024-06-16,Sub Sale,99 yrs
TXN-01158,  Kembangan Court  , 14 ,Sims Avenue East,47,#33-09,09,3,1011 sqft,"$2,485,000",30/06/2023,NEW SALE,Freehold
TXN-01300,sengkang riviera,19,Sengkang East Avenue,86,35,01,3,"1,091 sq ft", 2018000 ,08/12/2023,SUB SALE,99 yrs
TXN-01203,ghim moh green,d10,Ghim Moh Road,5,4,04,3,92.1 sqm,1639000,26 Apr 2023,SUB SALE,Freehold
TXN-01499,The Orchid Residences,d19,Hougang Avenue 2,73,#05-13,13,3,90.2 sq m,"$2,187,000",25/04/2021,sub sale,99 yrs
TXN-00827,Toa Payoh Central, 12 ,Lorong 6 Toa Payoh,55,16,05,4,"1,400 sq ft","S$ 2,748,000",29/07/2023,new sale,Freehold
TXN-00816,redhill peak,d03,Redhill Close,76,#34-08,08,2,775 sq ft,1531000,2025-03-28,SUB SALE,Freehold
TXN-01123,Tion Bahru Loft,d03,Tiong Bahru Road,25,34,13,3,1036 sq.ft,"$2,479,000",2022-04-12,sub sale,Freehold
TXN-00492,Eunos Ville,D14,Eunos Road 2,33,36,19,1,550 sq.ft,"S$ 895,000",2024-07-12, Sub Sale ,Freehold
TXN-00260,WEST COAST VALE,D05,West Coast Vale,35,38,16,1,,735000,2020-02-08,Sub Sale,Freehold
TXN-00014,Sixth Avenue Suites,D10,Sixth Avenue,23,18,17,2,775 sq ft,"$857,000",2024-02-24,SUB SALE,Freehold
TXN-00788,redhill peak,D3,Redhill Close,15,31,14,2,730 sq.ft,2150000,26 Aug 2025,NEW SALE,99 yrs
TXN-00571,GEYLANG QUAY,14,Geylang Road,49,10,03,2,750 sq.ft,"$1,428,000",2024-12-13, Sub Sale ,99 yrs
TXN-01318,NEWTON SUITES,D11,Newton Road,88,#17-05,05,3,971 sq.ft,"S$ 2,508,000",10 Jul 2024,Resale,Freehold
TXN-00706,GRANGE ROAD RESIDENCES,9,Grange Road,83,5,20,2,710 sq.ft,"$1,255,000",27/09/2022,RESALE,Freehold
TXN-01077,river  valley  court,D09,River Valley Road,46,#21-01,01,1,500 sq ft,"$$ 645,000",03 Sep 2025,NEW SALE,99 yrs
TXN-00106,sengkang  riviera,D19,Sengkang East Avenue,88,26,20,2,66.0 sq.m, 1667000 ,26/10/2022, Resale ,99 yrs
TXN-00795,kallang  riverside, 7 ,Kallang Avenue,78,#06-18,18,4,1310 sq ft,"$3,436,000",2023-07-24,new sale,99 yrs
TXN-00281,grange  road  residences,d09,Grange Road,45,#34-05,05,2,72.0 sq.m,"S$ 1,587,000",04 May 2025,Resale,Freehold
TXN-00805,LAVENDER STREET LOFT,d07,Lavender Street,34,30,20,3,101.4 sqm,"$$ 2,216,000",06/04/2023,resale,99 yrs
TXN-01445,HOLLAND VILLAGE LOFT,D10,Holland Road,13,3,11,2,800 sq ft, 1176000 ,31/07/2022,resale,Freehold
TXN-00126,  Grange Road Residences  ,D9,Grange Road,39,4,17,3,92.1 sq.m, 2338000 ,16/01/2023,resale,Freehold
TXN-01193,Sentosa  Cove  Villas,D4,Ocean Drive,26,20,08,2,72.0 sq m,"$1,857,000",22 Apr 2025,sub sale,99 yrs
TXN-00007,Springleaf  Green,d26,Springleaf Avenue,48,25,06,2,72.0 sq.m, 1861000 ,2023-12-10, New Sale ,99 yrs
TXN-01729,Ang Mo Kio Grove, 20 ,Ang Mo Kio Avenue 6,31,10,01,3, ,1979000,15 Jul 2024,RESALE,99 yrs
TXN-01334,kim  seng  plaza,D9,Kim Seng Road,59,35,19,3,98.6 sq m ,"$1,697,000",16 Jun 2020, New Sale ,99 yrs
TXN-01650,West  Coast  Vale, 5 ,West Coast Vale,74,24,20,3, ,2361000,26/07/2024,new sale,Freehold
TXN-01549,opera estate,D15,Fidelio Street,82,#17-08,08,4,121.7 sq m , 2712000 ,2020-07-01,Sub Sale,Freehold
TXN-01659,  Holland Village Loft  , 10 ,Holland Road,80,#31-12,12,3,"1,036 sq ft", 1848000 ,08 Jul 2023,resale,99 yrs
TXN-00773,Paterson Residences,D09,Paterson Road,62,22,15,3,96.2 sq m ,"S$ 2,821,000",2025-02-04,new sale,99 yrs
TXN-00145,Sixth  Avenue  Suites,D10,Sixth Avenue,52,#29-19,19,4,121.7 sq.m,"S$ 2,093,000",21 Jul 2024,New Sale,Freehold
TXN-00067,serangoon  gardens, 19 ,Serangoon Garden Way,6,9,19,3,93.9 sq m ,2529000,08 Aug 2023, Sub Sale ,Freehold
TXN-00092,Marsiling Grove, 25 ,Marsiling Road,60,2,18,4,1400 sqft,"$3,905,000",07 Apr 2023,sub sale,Freehold
TXN-01044,JURONG LAKE DISTRICT,D22,Yuan Ching Road,81,#22-02,02,3,1061 sq ft,"S$ 1,807,000",30 Jul 2025,New Sale,99 yrs
TXN-00353,ang  mo  kio  grove,d20,Ang Mo Kio Avenue 6,23,#33-11,11,3,"1,036 sq.ft","$$ 2,819,000",2024-10-14, Sub Sale ,Freehold
TXN-00032,Kim Seng Plaza,D9,Kim Seng Road,28,6,18,3,"1,061 sq ft","S$ 1,384,000",08/03/2024, New Sale ,99 yrs
TXN-01717,SENGKANG RIVIERA,19,Sengkang East Avenue,1,17,14,3,101.4 sqm,"$2,338,000",19 May 2024, Sub Sale ,99 yrs
TXN-01532,ADMIRALTY PARKVIEW, 25 ,Woodlands Drive 16,82,28,17,3,"1,061 sq.ft","$$ 1,811,000",07 Aug 2022,NEW SALE,Freehold
TXN-00991,Sixth Avenue Suites,D10,Sixth Avenue,9,#08-11,11,2,800 sq.ft,"$$ 1,085,000",2024-10-02, Resale ,Freehold
TXN-00050,clementi  park  residences,D5,Clementi Avenue 2,31,23,03,2,74.3 sq.m,196700,25/04/2024,Resale,99 yrs
TXN-01462,leng  kee  court,D3,Leng Kee Road,9,#06-12,12,4,1430 sqft,"$2,577,000",2025-03-12,sub sale,Freehold
TXN-00881,Irrawaddy  Residences,D11,Irrawaddy Road,50,#02-15,15,4,127.7 sq m ,2168000,08/08/2023,sub sale,99 yrs
TXN-00415,LENG KEE COURT,3,Leng Kee Road,9,#30-02,02,3,971 sq.ft,"S$ 2,274,000",10/06/2022,RESALE,99 yrs
TXN-01736,PUNGGOL WATERFRONT,D19,Punggol Central,6,#16-14,14,1,550 sqft,"$759,000",31 Jul 2022,Sub Sale,99 yrs
TXN-01298,Upper Thomson Residences,D26,Upper Thomson Road,17,11,06,1,550 sqft,"S$ 1,408,000",03 Mar 2021,RESALE,Freehold
TXN-00111,Cuscaden Residences,9,Cuscaden Road,33,#14-20,20,4,1350 sq ft, 2090000 ,03 Dec 2024,Sub Sale,99 yrs
TXN-00842,Pasir Ris Seaview,18,Pasir Ris Drive 1,74,#09-12,12,3,96.2 sq m , 1373000 ,2022-09-25,resale,99 yrs
TXN-00659,botanic  gardens  residences,D10,Cluny Park Road,8,#21-13,13,3,"1,011 sq ft","$$ 1,802,000",27 Nov 2024,RESALE,Freehold
TXN-00721,Toa Payoh Central,12,Lorong 6 Toa Payoh,68,37,20,3,991 sqft,"$1,472,000",02/07/2025,Sub Sale,99 yrs
TXN-00597,  Newton Suites  ,11,Newton Road,12,38,17,3,971 sq ft,"$$ 1,285,000",2023-12-19,Sub Sale,Freehold
TXN-01583,JURONG LAKE DISTRICT,D22,Yuan Ching Road,70,31,15,2,750 sq.ft,1816000,12/02/2025,RESALE,Freehold
TXN-01700,Queenstown Vista,D03,Commonwealth Avenue,33,14,18,2,67.8 sq m ,"S$ 1,675,000",22/08/2025,sub sale,99 yrs
TXN-00867,pasir  ris  seaview,D18,Pasir Ris Drive 1,29,#30-01,01,3,1011 sq ft,"S$ 1,511,000",2025-07-14,New Sale,Freehold
TXN-00216,  Tanjong Pagar Place  ,d02,Tanjong Pagar Road,13,#16-02,02,3,1061 sq.ft,"$$ 2,082,000",2023-08-30,RESALE,99 yrs
TXN-01343,  Sembawang Springs  ,D27,Sembawang Road,81,38,03,2,775 sq ft,"$904,000",26/06/2023,Resale,99 yrs
TXN-00699,Sengkang Riviera,19,Sengkang East Avenue,37,#32-12,12,4,125.4 sqm, 2111000 ,2025-01-13,RESALE,Freehold
TXN-00583,keppel bay view,4,Keppel Bay Drive,57,14,10,4,"1,430 sqft", 2288000 ,2023-06-05,NEW SALE,Freehold
TXN-00236,FARRER PARK RESIDENCES,8,Farrer Park Road,25,11,09,2,775 sqft, 1401000 ,2025-07-05,RESALE,99 yrs
TXN-01493,sixth  avenue  suites,10,Sixth Avenue,77,11,15,3,"1,011 sq ft","$$ 2,019,000",19 Jun 2025,Sub Sale,99 yrs
TXN-00309,SERANGOON GARDENS,19,Serangoon Garden Way,49,21,05,1,500 sq ft,"$926,000",12/07/2025,RESALE,99 yrs
TXN-00879,Bukit Timah Grove,21,Upper Bukit Timah Road,8,6,05,3,1011 sqft,"$$ 2,548,000",24 Apr 2025,RESALE,Freehold
TXN-01038,woodlands cascade,25,Woodlands Avenue 2,51,#05-07,07,2,710 sqft, 1604000 ,30 Sep 2023,SUB SALE,99 yrs
TXN-00278,Pasir  Panjang  Residences,D05,Pasir Panjang Road,47,36,02,3,101.4 sq m ,"$2,134,000",2024-10-01,SUB SALE,99 yrs
TXN-00807,  SENGKANG RIVIERA  ,D19,Sengkang East Avenue,63,27,20,3,96.2 sq.m,"$2,116,000",2022-11-12, New Sale ,Freehold
TXN-01319,Ang  Mo  Kio  Grove,d20,Ang Mo Kio Avenue 6,28,37,13,2,710 sq ft, 1465000 ,2025-06-21,New Sale,Freehold
TXN-00665,  Punggol Waterfront  ,D19,Punggol Central,61,33,01,1,580 sqft,"$$ 806,000",08 Jun 2025,resale,99 yrs
TXN-00373,Serangoon  Gardens,19,Serangoon Garden Way,45,20,18,3, ,N/A,2025-03-09,new sale,Freehold
TXN-01058,TOA PAYOH CENTRAL,d12,Lorong 6 Toa Payoh,14,20,12,3,"1,091 sqft","$$ 1,873,000",13/09/2022,Sub Sale,Freehold
TXN-00401,sengkang riviera, 19 ,Sengkang East Avenue,17,16,08,4,127.7 sq m,1566000,12/01/2022, Sub Sale ,99 yrs
TXN-01163,River Valley Court, 9 ,River Valley Road,16,23,20,3,"1,061 sq ft","$2,692,000",21 Aug 2023,sub sale,Freehold
TXN-00472,Stevens  Suites,D10,Stevens Road,67,18,06,2,66.0 sq.m,1022000,03 Jun 2025,SUB SALE,99 yrs
TXN-00270,sengkang  riviera, 19 ,Sengkang East Avenue,19,19,16,2,750 sq ft,"S$ 1,287,000",2020-08-10, New Sale ,Freehold
TXN-00249,Lavender  Street  Loft, 7 ,Lavender Street,73,28,02,2,69.7 sq m , 1305000 ,09/07/2025,resale,99 yrs
TXN-01187,Kim Seng Plaza,D9,Kim Seng Road,9,#21-13,13,3,991 sq.ft,"$$ 1,655,000",2025-06-15, New Sale ,Freehold
TXN-00149,toa payoh central,D12,Lorong 6 Toa Payoh,36,30,10,3,90.2 sq.m, 2000000 ,2024-06-29,Sub Sale,99 yrs
TXN-00099,yishun emerald,27,Yishun Avenue 2,53,26,08,3,92.1 sq.m,"S$ 2,251,000",30/08/2020,sub sale,Freehold
TXN-00884,Leng  Kee  Court,d03,Leng Kee Road,18,#13-08,08,3,1061 sq.ft, 2557000 ,16 Jan 2025,resale,Freehold
TXN-00242,Shenton  Way  Suites,D01,Shenton Way,31,36,16,3,991 sqft,"S$ 3,018,000",18/03/2025,Sub Sale,99 yrs
TXN-00226,Pasir Ris Seaview,D18,Pasir Ris Drive 1,18,#16-08,08,3,"1,011 sq.ft", 1872000 ,21 Aug 2023,SUB SALE,Freehold
TXN-00345,  Springleaf Green  ,D26,Springleaf Avenue,63,32,18,4,"1,430 sq ft","$2,624,000",17 Oct 2023,SUB SALE,Freehold
TXN-01442,Farrer  Road  Court,D10,Farrer Road,6,35,13,3,98.6 sq.m,"$1,983,000",29 Oct 2024, Sub Sale ,99 yrs
TXN-01098,marina bay suites, 1 ,Marina Boulevard,15,33,11,2,72.0 sq m ,1397000,22/06/2025,new sale,Freehold
TXN-00652,Springleaf Green,D26,Springleaf Avenue,24,#13-04,04,3,"1,091 sqft","$$ 2,465,000",28/08/2022,Sub Sale,99 yrs
TXN-00880,  Scotts Tower  ,D9,Scotts Road,72,8,02,3,1036 sq ft, 1278000 ,14 Jul 2020,new sale,99 yrs
TXN-00151,tion  bahru  loft,3,Tiong Bahru Road,74,4,15,3,1061 sqft,"S$ 3,311,000",13/06/2024, Sub Sale ,Freehold
TXN-00759,  Farrer Road Court  , 10 ,Farrer Road,21,#04-07,07,3,96.2 sq m ,"$2,511,000",2022-01-15,new sale,Freehold
TXN-01067,Upper  Thomson  Residences,D26,Upper Thomson Road,77,6,16,1,53.9 sqm,764000,08/01/2025, Resale ,Freehold
TXN-00312,kembangan  court,14,Sims Avenue East,36,10,08,3,1011 sqft,"$2,750,000",07 May 2024,SUB SALE,Freehold
TXN-00471,bukit batok west,d23,Bukit Batok West Avenue 8,76,10,19,1,480 sq ft,"$570,000",19/11/2021,sub sale,99 yrs
TXN-01696,Leng  Kee  Court,D3,Leng Kee Road,85,18,06,1,42.7 sq.m,"$$ 812,000",2022-05-12, New Sale ,99 yrs
TXN-01159,Keppel  Bay  View,D04,Keppel Bay Drive,35,32,04,4,132.9 sq m,"$3,890,000",2024-11-23,RESALE,99 yrs
TXN-00849,Irrawaddy  Residences,D11,Irrawaddy Road,67,#05-19,19,3,1061 sq ft,"$$ 2,813,000",01/09/2022,SUB SALE,99 yrs
TXN-00372,buona  vista  court,d05,North Buona Vista Road,15,35,14,3,96.2 sq m ,"S$ 1,166,000",2023-03-17,sub sale,99 yrs
TXN-00140,WEST COAST VALE,D5,West Coast Vale,77,#16-13,13,3,93.9 sq m,"S$ 1,206,000",14 Apr 2020,New Sale,99 yrs
TXN-00218,  Katong Seaview  , 15 ,East Coast Road,69,38,08,4,"1,310 sq ft","$3,190,000",06/08/2025, Resale ,99 yrs
TXN-01653,Sixth Avenue Suites,d10,Sixth Avenue,76,11,15,4,"1,430 sqft", 3769000 ,11/07/2025, Resale ,Freehold
TXN-00796,LITTLE INDIA LOFTS,D8,Serangoon Road,21,3,07,4,127.7 sq.m, 1763000 ,26/07/2023,new sale,99 yrs
TXN-01396,harbourfront residences,D04,Harbourfront Avenue,73,#06-03,03,3,"1,011 sq.ft", 2830000 ,13 Oct 2021, Resale ,99 yrs
TXN-01513,balmoral heights, 10 ,Balmoral Road,38,23,06,4,n/a,2849000,15/10/2022,Resale,99 yrs
TXN-00920,CUSCADEN RESIDENCES,D09,Cuscaden Road,63,#23-19,19,4,123.6 sqm, 2894000 ,2023-10-22,RESALE,99 yrs
TXN-01310,Tion Bahru Loft,d03,Tiong Bahru Road,61,35,06,2,710 sq.ft,1233000,2021-10-28, New Sale ,Freehold
TXN-01619,KEMBANGAN COURT, 14 ,Sims Avenue East,87,23,17,2,730 sq ft,"S$ 2,037,000",16/05/2023, Sub Sale ,Freehold
TXN-00715,PASIR RIS SEAVIEW, 18 ,Pasir Ris Drive 1,47,6,20,4,125.4 sq.m,"$2,847,000",2024-10-16,New Sale,Freehold
TXN-01507,bugis  junction  residences,7,Victoria Street,70,32,04,2,72.0 sqm,"S$ 1,076,000",2024-06-02,SUB SALE,Freehold
TXN-01317,ADMIRALTY PARKVIEW, 25 ,Woodlands Drive 16,23,11,07,2,775 sqft, 853000 ,2022-02-11,RESALE,99 yrs
TXN-01306,buona vista court,d05,North Buona Vista Road,25,#28-08,08,2,74.3 sq m,"$1,397,000",13 Apr 2022,Resale,Freehold
TXN-01443,  Stevens Suites  , 10 ,Stevens Road,75,17,12,1,42.7 sq m ,"S$ 1,225,000",05/11/2024,new sale,Freehold
TXN-00150,BUGIS JUNCTION RESIDENCES, 7 ,Victoria Street,37,5,12,3,"1,036 sq.ft",12190000,16/02/2020,Sub Sale,Freehold
TXN-00979,raffles  place  tower,d01,Raffles Place,77,31,05,4,123.6 sq m ,3356000,07 Dec 2022,SUB SALE,99 yrs
TXN-00437,raffles  place  tower,D01,Raffles Place,23,#06-06,06,3,991 sqft,"$$ 2,872,000",31 Jan 2025,NEW SALE,99 yrs
TXN-00107,  Tion Bahru Loft  , 3 ,Tiong Bahru Road,60,#18-01,01,3,93.9 sqm,2468000,23 Jun 2025,Sub Sale,99 yrs
TXN-00085,punggol waterfront, 19 ,Punggol Central,15,14,14,3,92.1 sqm,"$$ 1,626,000",27/11/2024,Resale,Freehold
TXN-01231,Pasir Panjang Residences, 5 ,Pasir Panjang Road,61,5,20,3,90.2 sq m,"$$ 2,117,000",23/09/2024,new sale,Freehold
TXN-01168,Sixth  Avenue  Suites,10,Sixth Avenue,61,16,02,3,971 sq.ft,1646000,05/03/2025,SUB SALE,Freehold
TXN-00277,Telok  Blangah  Ridge,D4,Telok Blangah Road,10,29,13,3,92.1 sq m , ,03 Nov 2023,new sale,Freehold
TXN-01671,  Upper Thomson Residences  ,d26,Upper Thomson Road,51,#33-16,16,1,46.5 sqm,"S$ 791,000",26/07/2024,NEW SALE,99 yrs
TXN-00723,ardmore park,D10,Ardmore Park,39,23,06,3,"1,061 sq ft",2825000,2020-03-01,RESALE,99 yrs
TXN-01663,Hillview Heights, 23 ,Hillview Avenue,33,37,19,4,123.6 sq.m,"$$ 2,625,000",23 Feb 2025,Resale,99 yrs
TXN-00399,serangoon gardens,D19,Serangoon Garden Way,9,21,06,3,98.6 sqm,"$2,446,000",18 Mar 2025,New Sale,Freehold
TXN-01315,Hillview  Heights,D23,Hillview Avenue,4,27,19,3,1011 sq.ft, 2307000 ,27 Mar 2021,New Sale,99 yrs
TXN-00288,paterson residences,9,Paterson Road,46,9,12,3,"1,061 sq ft",2019000,2025-06-08,resale,Freehold
TXN-01717,SENGKANG RIVIERA,19,Sengkang East Avenue,1,17,14,3,101.4 sqm,"$2,338,000",19 May 2024, Sub Sale ,99 yrs
TXN-00451,holland village loft, 10 ,Holland Road,51,#16-05,05,3,92.1 sq m ,2172000,06 Aug 2025,SUB SALE,Freehold
TXN-00315,Lavender Street Loft,7,Lavender Street,70,#28-12,12,2,775 sq.ft,"$1,755,000",2024-08-29,RESALE,99 yrs
TXN-00172,LITTLE INDIA LOFTS,D8,Serangoon Road,43,8,19,3,1091 sq.ft,n/a,2021-06-30,Sub Sale,Freehold
TXN-00866,pasir  ris  seaview,d18,Pasir Ris Drive 1,23,24,13,2,775 sqft,"S$ 2,165,000",27/07/2025,SUB SALE,99 yrs
TXN-00208,BISHAN GREEN, 20 ,Bishan Street 22,15,4,19,4, ,"$2,282,000",14/08/2022, New Sale ,Freehold
TXN-00700,    Harbourfront  Residences    ,d04,Harbourfront Avenue,37,12,18,3,92.1 sq m ,2741000,2022-03-31,SUB SALE,99 yrs
TXN-00036,telok  blangah  ridge,D4,Telok Blangah Road,6,29,09,4,1310 sqft,"$$ 2,213,000",2020-03-07,Sub Sale,Freehold
TXN-00749,Lavender  Street  Loft,7,Lavender Street,13,22,19,3,"1,061 sq.ft","S$ 2,015,000",26/01/2025, Sub Sale ,99 yrs
TXN-00334,  Little India Lofts  ,d08,Serangoon Road,41,27,11,2,750 sq ft,"S$ 1,309,000",30/04/2023,Resale,99 yrs
TXN-01368,Bugis  Junction  Residences, 7 ,Victoria Street,16,#19-20,20,2,730 sqft,1027000,01/07/2024,NEW SALE,Freehold
TXN-00303,  Balestier Point  ,D12,Balestier Road,37,19,11,3,991 sqft,2094000,23 Oct 2023,RESALE,Freehold
TXN-00638,KIM SENG PLAZA,9,Kim Seng Road,46,23,14,3,96.2 sq m,2357000,24 Jul 2025,New Sale,Freehold
TXN-01142,Punggol Waterfront,19,Punggol Central,86,#15-01,01,1,525 sqft,"S$ 642,000",2022-07-17, Resale ,Freehold
TXN-01099,keppel  bay  view,4,Keppel Bay Drive,82,10,15,3,90.2 sq m,"$$ 2,352,000",2025-01-25,Resale,99 yrs
TXN-00016,paterson residences,d09,Paterson Road,40,#09-12,12,2,72.0 sq.m,"S$ 883,000",04/05/2022,sub sale,99 yrs
TXN-00587,pasir ris seaview,18,Pasir Ris Drive 1,11,30,12,1,460 sq.ft,"S$ 1,171,000",2024-07-15,sub sale,99 yrs
TXN-00158,geylang  quay,14,Geylang Road,65,20,04,2,730 sqft, 918000 ,2025-08-02,sub sale,99 yrs
TXN-01645,novena  heights, 11 ,Thomson Road,16,13,18,4,"1,310 sq.ft",2163000,22/05/2025,new sale,99 yrs
TXN-01682,sixth avenue suites,10,Sixth Avenue,39,#37-19,19,3,971 sq.ft,"$2,349,000",23 Feb 2025,New Sale,99 yrs
TXN-01028,bishan green,d20,Bishan Street 22,7,14,03,3,971 sq ft,"S$ 2,294,000",26 Sep 2023,NEW SALE,99 yrs
TXN-01185,river  valley  court,D09,River Valley Road,2,31,09,2,67.8 sq m ,"$$ 1,502,000",02 Apr 2025,SUB SALE,99 yrs
TXN-00898,Buona  Vista  Court,5,North Buona Vista Road,11,33,07,4,1330 sq.ft,"S$ 2,846,000",2025-07-22,SUB SALE,99 yrs
TXN-01091,cuscaden residences,9,Cuscaden Road,36,32,04,3,92.1 sqm,2515000,07 Oct 2023,resale,Freehold
TXN-00830,hillview heights,D23,Hillview Avenue,41,#37-10,10,3,"1,091 sqft",2766000,03/01/2025,NEW SALE,99 yrs
TXN-01649,  Jurong Lake District  ,22,Yuan Ching Road,87,#35-16,16,1,500 sq.ft,"$$ 1,022,000",2025-05-21,sub sale,Freehold
TXN-01697,Beauty World Residences,21,Jalan Jurong Kechil,37,25,04,2,830 sq ft,"S$ 1,191,000",05/10/2022,Sub Sale,99 yrs
TXN-01692,balmoral  heights,d10,Balmoral Road,30,2,17,2,72.0 sqm,1273000,18/08/2020,RESALE,Freehold
TXN-00689,  Scotts Tower  ,9,Scotts Road,80,15,03,3,98.6 sq.m,"$$ 2,893,000",08 Jul 2025, Resale ,Freehold
TXN-00730,OPERA ESTATE,15,Fidelio Street,24,30,04,3,1061 sq.ft,1569000,08 Apr 2025,New Sale,99 yrs
TXN-01736,PUNGGOL WATERFRONT,D19,Punggol Central,6,#16-14,14,1,550 sqft,"$759,000",31 Jul 2022,Sub Sale,99 yrs
TXN-00766,tanjong  pagar  place, 2 ,Tanjong Pagar Road,50,18,18,3,"1,091 sqft","$$ 2,171,000",2022-12-25,new sale,99 yrs
TXN-01351,Holland Village Loft, 10 ,Holland Road,77,#34-03,03,3,991 sq ft,"$$ 1,371,000",2024-07-28,RESALE,Freehold
TXN-00389,Raffles  Place  Tower,d01,Raffles Place,75,26,02,2,72.0 sqm,"S$ 1,804,000",19 Oct 2024, Resale ,Freehold
TXN-01439,Little India Lofts,8,Serangoon Road,8,29,14,4,"1,430 sq ft","$3,020,000",23 May 2024,Sub Sale,Freehold
TXN-01409,Siglap  Villas,d15,Siglap Road,30,29,10,2,69.7 sq m, 925000 ,22 Jan 2025,Sub Sale,Freehold
TXN-01504,Marsiling  Grove,25,Marsiling Road,54,#15-13,13,2,830 sq ft,"S$ 1,512,000",28/04/2025,SUB SALE,Freehold
TXN-00789,ardmore  park,d10,Ardmore Park,64,33,15,2,830 sqft, 1866000 ,17/03/2021,Resale,Freehold
TXN-00113,Kallang Riverside,d07,Kallang Avenue,70,#14-05,05,3,n/a, 1512000 ,04 Apr 2025,SUB SALE,Freehold
TXN-00768,  Queenstown Vista  ,D3,Commonwealth Avenue,57,15,06,4,1330 sqft,"S$ 2,805,000",2024-11-25,new sale,99 yrs
TXN-00190,shenton  way  suites,d01,Shenton Way,67,16,12,2,67.8 sqm,1577000,05/08/2025,resale,Freehold
TXN-01110,Yishun Emerald,D27,Yishun Avenue 2,55,#05-19,19,3,101.4 sq m ,"S$ 2,078,000",22 Nov 2021,new sale,99 yrs
TXN-01657,Siglap  Villas,d15,Siglap Road,62,32,02,4,"1,400 sq.ft",312100,18 Jun 2020,Resale,Freehold
TXN-01629,Harbourfront Residences, 4 ,Harbourfront Avenue,78,#16-20,20,3,n/a,"$1,954,000",2024-05-16,Sub Sale,Freehold
TXN-00725,Punggol Waterfront,D19,Punggol Central,26,#29-02,02,1,525 sqft, 1392000 ,2021-12-04,SUB SALE,99 yrs
TXN-00603,  Tampines Grande  ,d18,Tampines Avenue 1,5,32,16,2,750 sq ft, 1344000 ,2024-09-03,resale,Freehold
TXN-00378,Outram  Park  Residences,D03,Outram Road,21,5,17,4,"1,400 sq.ft","$$ 3,171,000",29/12/2020,SUB SALE,Freehold
TXN-00141,JURONG LAKE DISTRICT,D22,Yuan Ching Road,1,22,04,4,125.4 sq.m, 2284000 ,2023-08-09,Resale,99 yrs
TXN-01073,farrer  road  court,D10,Farrer Road,41,31,16,3,90.2 sq.m,"$2,692,000",26/07/2024,NEW SALE,99 yrs
TXN-00217,The Orchid Residences,19,Hougang Avenue 2,84,32,16,3,991 sq ft,"S$ 1,916,000",2022-05-28,New Sale,Freehold
TXN-01460,  Cuscaden Residences  , 9 ,Cuscaden Road,60,#37-08,08,2,830 sq ft,n/a,2022-01-28, New Sale ,Freehold
TXN-01063,pasir panjang residences,5,Pasir Panjang Road,54,7,19,3,92.1 sq.m, 1870000 ,21 Dec 2024,sub sale,99 yrs
TXN-00396,the orchid residences,d19,Hougang Avenue 2,21,12,19,3,93.9 sq.m,"$1,545,000",15/02/2023,Resale,Freehold
TXN-00987,anson  residences, 2 ,Anson Road,81,29,05,3,"1,011 sqft", 2745000 ,04 Mar 2025, Resale ,99 yrs
TXN-00694,irrawaddy residences,11,Irrawaddy Road,59,6,07,2,830 sq ft,"$2,091,000",20/07/2021,Resale,Freehold
TXN-00343,Grange  Road  Residences, 9 ,Grange Road,64,17,10,2,66.0 sqm,1673000,09/10/2023,New Sale,99 yrs
TXN-00054,ARDMORE PARK, 10 ,Ardmore Park,58,#29-18,18,3,"1,091 sqft","S$ 2,327,000",10/07/2025,NEW SALE,Freehold
TXN-00001,Bedok Reservoir Views,16,Bedok Reservoir Road,18,#17-08,08,1,580 sqft,965000,23 Jun 2025,SUB SALE,99 yrs
TXN-00647,Orchard Heritage,D09,Orchard Boulevard,84,29,20,3,101.4 sq.m,1990000,27 Mar 2025,NEW SALE,Freehold
TXN-01165,shenton  way  suites,1,Shenton Way,59,20,01,3,1011 sq.ft, 1650000 ,24/05/2020,SUB SALE,99 yrs
TXN-01056,Bedok  Reservoir  Views,D16,Bedok Reservoir Road,37,16,04,3,991 sq ft,"$1,313,000",2023-11-12,new sale,99 yrs
TXN-01698,punggol  waterfront, 19 ,Punggol Central,35,17,03,2,66.0 sq m ,"$$ 785,000",30 Jan 2025,new sale,Freehold
TXN-00206,Redhill  Peak,d03,Redhill Close,54,23,04,4,121.7 sq m,2953000,18/12/2024, Sub Sale ,99 yrs
TXN-00937,Telok Blangah Ridge,D04,Telok Blangah Road,43,26,05,1,51.1 sqm,1190000,19/12/2021,NEW SALE,Freehold
TXN-00822,Toa Payoh Central, 12 ,Lorong 6 Toa Payoh,57,8,02,4,132.9 sq.m,"$$ 3,082,000",04 Sep 2025,RESALE,99 yrs
TXN-00852,Choa  Chu  Kang  Residences, 23 ,Choa Chu Kang Avenue 3,33,#22-13,13,3,971 sq.ft,"S$ 2,118,000",20 Feb 2021, Sub Sale ,99 yrs
TXN-01114,HOLLAND VILLAGE LOFT,d10,Holland Road,24,31,12,3,1091 sq.ft,n/a,24 Apr 2022,NEW SALE,99 yrs
TXN-00269,raffles  place  tower, 1 ,Raffles Place,32,7,18,3,96.2 sq.m,"$3,206,000",27 Mar 2024,SUB SALE,Freehold
TXN-00764,Buona  Vista  Court, 5 ,North Buona Vista Road,69,#05-16,16,3,96.2 sq.m,1678000,2023-02-27, New Sale ,Freehold
TXN-01712,Buona Vista Court,d05,North Buona Vista Road,71,#36-03,03,2,74.3 sqm,"S$ 2,116,000",11 Aug 2025, Sub Sale ,Freehold
TXN-01407,Pasir Ris Seaview,d18,Pasir Ris Drive 1,54,24,11,3,101.4 sq m ,"$$ 2,551,000",16 Feb 2022,SUB SALE,Freehold
TXN-01365,holland  village  loft,10,Holland Road,75,#21-05,05,4,1330 sq.ft,3051000,05/07/2020,SUB SALE,Freehold
TXN-01209,RAFFLES PLACE TOWER,d01,Raffles Place,85,32,04,2,74.3 sq m,"$1,851,000",08/05/2020, Sub Sale ,99 yrs
TXN-00643,clementi park residences,d05,Clementi Avenue 2,53,11,16,2,74.3 sq m ,"$2,226,000",2025-03-02,Sub Sale,Freehold
TXN-00252,Kim  Seng  Plaza,9,Kim Seng Road,18,24,06,2,77.1 sqm,"$2,264,000",06/05/2025, Resale ,99 yrs
TXN-01385,Marsiling Grove,D25,Marsiling Road,36,10,15,1,48.8 sq m, 958000 ,26/12/2020,Resale,99 yrs
TXN-00087,shenton  way  suites, 1 ,Shenton Way,64,#34-18,18,3,96.2 sq.m, 2131000 ,2023-11-03,Resale,Freehold
TXN-01180,pasir ris seaview,d18,Pasir Ris Drive 1,70,#13-08,08,2,775 sq.ft, 1620000 ,10 Nov 2022, Sub Sale ,Freehold
TXN-01154,little  india  lofts, 8 ,Serangoon Road,24,6,06,2,69.7 sq m ,"$1,871,000",2023-08-22,RESALE,99 yrs
TXN-00144,Raffles Place Tower, 1 ,Raffles Place,80,#22-06,06,1,48.8 sq.m,"$810,000",2023-12-20, New Sale ,99 yrs
TXN-01400,EAST COAST PARKVIEW,D15,Marine Parade Road,34,#29-05,05,1,44.6 sq m ,"S$ 845,000",30/05/2025, Sub Sale ,Freehold
TXN-00735,BISHAN GREEN,20,Bishan Street 22,9,#08-06,06,3,1036 sqft,2614000,12 Apr 2023,NEW SALE,99 yrs
TXN-01129,Farrer  Park  Residences,8,Farrer Park Road,28,20,20,3,90.2 sq.m,"$$ 1,834,000",22 Feb 2024,Sub Sale,Freehold
TXN-00720,BISHAN GREEN,d20,Bishan Street 22,63,20,12,1,480 sqft,"S$ 103,700",25 Mar 2023, Resale ,99 yrs
TXN-00642,  Grange Road Residences  ,D09,Grange Road,24,17,16,2,730 sq ft,"$1,194,000",09 Aug 2025, Resale ,Freehold
TXN-01454,Scotts Tower,d09,Scotts Road,6,16,15,3,90.2 sq.m,"$1,712,000",21 Mar 2022,sub sale,Freehold
TXN-01316,  Botanic Gardens Residences  ,d10,Cluny Park Road,12,23,02,4,"1,330 sq.ft", 1817000 ,14 Mar 2022,NEW SALE,Freehold
TXN-00487,  Tampines Grande  ,d18,Tampines Avenue 1,85,#02-07,07,3,96.2 sq.m,"S$ 2,071,000",13/05/2025,NEW SALE,99 yrs
TXN-00091,Maxwell  Chambers  Suites, 1 ,Maxwell Road,59,37,02,2,830 sqft,TBC,10 May 2021,NEW SALE,99 yrs
TXN-00693,Outram Park Residences,D03,Outram Road,69,#09-16,16,3,98.6 sq m,"$3,393,000",2024-09-29, New Sale ,Freehold
TXN-00238,chin swee heights,D3,Chin Swee Road,70,#30-08,08,3,90.2 sq m ,"$$ 2,256,000",29/01/2022,Resale,Freehold
TXN-00364,Raffles  Place  Tower,1,Raffles Place,13,32,07,4,1430 sqft,"S$ 3,975,000",28 Mar 2020,sub sale,Freehold
TXN-01622,NEWTON SUITES,D11,Newton Road,83,23,06,3,"1,091 sq.ft", 3055000 ,2025-04-06, Resale ,Freehold
TXN-00167,balestier  point,D12,Balestier Road,15,35,14,4,123.6 sq.m, 2957000 ,2025-03-02, New Sale ,99 yrs
TXN-01347,TAMPINES GRANDE,D18,Tampines Avenue 1,53,27,18,4,1330 sq.ft,"S$ 3,551,000",22 Apr 2023,New Sale,Freehold
TXN-00168,TANJONG PAGAR PLACE,2,Tanjong Pagar Road,15,#31-03,03,2,72.0 sqm, 2176000 ,08/05/2025,Sub Sale,99 yrs
TXN-01670,NOVENA HEIGHTS, 11 ,Thomson Road,56,#29-13,13,4,125.4 sq.m,"$$ 1,642,000",2021-08-31,resale,Freehold
TXN-01429,Pasir Panjang Residences, 5 ,Pasir Panjang Road,48,35,06,2,800 sq.ft,"$$ 1,257,000",2021-12-15,Resale,99 yrs
TXN-00942,harbourfront residences,4,Harbourfront Avenue,32,23,11,4,121.7 sq m, 2579000 ,2022-01-28,SUB SALE,99 yrs
TXN-01745,Sixth Avenue Suites,D10,Sixth Avenue,49,12,16,2,77.1 sq.m,1020000,2020-07-10,resale,99 yrs
TXN-00904,  Dover Parkview  ,d05,Dover Road,34,30,08,3,971 sq.ft,"$$ 1,424,000",2024-07-02,resale,Freehold
TXN-00532,Admiralty  Parkview,d25,Woodlands Drive 16,61,#04-19,19,4,1330 sq ft,"S$ 1,487,000",20 Mar 2024, New Sale ,99 yrs
TXN-00453,the  orchid  residences,d19,Hougang Avenue 2,11,#36-18,18,3,98.6 sqm,"S$ 2,023,000",2022-06-26, Resale ,Freehold
TXN-01733,yishun emerald,D27,Yishun Avenue 2,33,21,14,2, ,"$1,846,000",2024-05-19,sub sale,99 yrs
TXN-00435,tanjong pagar place,d02,Tanjong Pagar Road,7,#22-18,18,3,"1,036 sq.ft","$2,438,000",2020-05-08, Resale ,Freehold
TXN-00121,ADMIRALTY PARKVIEW,25,Woodlands Drive 16,85,31,03,2,67.8 sq m, 986000 ,24 Nov 2022,SUB SALE,99 yrs
TXN-00614,Ghim Moh Green, 10 ,Ghim Moh Road,32,20,19,2,750 sq.ft,"S$ 1,042,000",09 Jun 2021,Sub Sale,Freehold
TXN-01656,raffles place tower,D01,Raffles Place,84,#31-13,13,2,66.0 sq m , 1574000 ,2025-01-20,Sub Sale,Freehold
TXN-01750,BALMORAL HEIGHTS,d10,Balmoral Road,69,5,08,1,53.9 sqm,"$$ 788,000",29/01/2025, Sub Sale ,Freehold
TXN-00782,Orchard  Heritage,D09,Orchard Boulevard,61,#23-08,08,3,90.2 sq m ,1171000,05 Jun 2025, Sub Sale ,99 yrs
TXN-00596,  Ghim Moh Green  ,D10,Ghim Moh Road,36,#10-04,04,1,46.5 sq m , 1032000 ,2023-07-31,SUB SALE,99 yrs
TXN-00860,  Leng Kee Court  ,3,Leng Kee Road,81,26,12,2,74.3 sq m,"$1,610,000",19/09/2022, New Sale ,99 yrs
TXN-01423,KEMBANGAN COURT,14,Sims Avenue East,58,#38-13,13,2,77.1 sq.m,"$$ 2,302,000",2025-04-27,sub sale,Freehold
TXN-00677,Punggol  Waterfront,d19,Punggol Central,26,#22-14,14,2,77.1 sq.m,"S$ 1,668,000",2025-08-18,new sale,99 yrs
TXN-00048,tampines  grande,d18,Tampines Avenue 1,1,#27-18,18,3,"1,061 sqft","$$ 1,821,000",2022-04-18,NEW SALE,Freehold
TXN-01239,Woodlands  Cascade, 25 ,Woodlands Avenue 2,16,17,10,3,"1,091 sqft","$$ 2,444,000",22 Jun 2023,sub sale,99 yrs
TXN-01119,shenton way suites,d01,Shenton Way,5,#38-20,20,1,44.6 sq m , 1368000 ,25 Jun 2021,NEW SALE,Freehold
TXN-01068,Bishan  Green,D20,Bishan Street 22,54,2,19,1,480 sqft,603000,04 Apr 2021,new sale,99 yrs
TXN-01345,irrawaddy  residences,11,Irrawaddy Road,37,28,01,2,800 sqft,"S$ 1,586,000",2024-09-08, Resale ,Freehold
TXN-00131,redhill  peak,d03,Redhill Close,13,7,14,1,460 sq.ft, 770000 ,06/04/2025, Resale ,99 yrs
TXN-01353,Ghim  Moh  Green,10,Ghim Moh Road,31,#31-12,12,3,92.1 sq m ,1417000,31/12/2021,Resale,Freehold
TXN-01242,kim seng plaza, 9 ,Kim Seng Road,76,13,17,3,93.9 sqm,"$$ 2,020,000",19/02/2022, Resale ,Freehold
TXN-00482,botanic gardens residences,10,Cluny Park Road,53,27,07,2,74.3 sqm,1331000,2024-10-12, New Sale ,99 yrs
TXN-00066,serangoon gardens,d19,Serangoon Garden Way,51,#38-13,13,3,90.2 sq.m,"$1,688,000",20/02/2025,Resale,99 yrs
TXN-01275,katong seaview,D15,East Coast Road,44,28,10,4,127.7 sqm,"S$ 2,222,000",10/01/2025, New Sale ,Freehold
TXN-00729,Yishun  Emerald,27,Yishun Avenue 2,13,36,01,2,730 sqft,"S$ 1,930,000",24 Aug 2025,SUB SALE,Freehold
TXN-00210,jurong lake district,22,Yuan Ching Road,68,22,16,3,991 sqft,2228000,30 Mar 2023,New Sale,Freehold
TXN-00383,Geylang  Quay, 14 ,Geylang Road,3,28,17,3,991 sq ft,"$$ 1,636,000",16/07/2025,Sub Sale,99 yrs
TXN-00230,queenstown  vista,D03,Commonwealth Avenue,17,5,15,3,"1,036 sq.ft",3270000,2024-08-21, Sub Sale ,99 yrs
TXN-00363,orchard  heritage, 9 ,Orchard Boulevard,20,#37-16,16,1,525 sqft,"$1,192,000",02 Jan 2020, New Sale ,99 yrs
TXN-00676,macpherson  park,d13,MacPherson Road,69,#08-02,02,3,"1,036 sqft",1231000,2021-01-15,NEW SALE,99 yrs
TXN-01219,Woodlands Cascade,D25,Woodlands Avenue 2,32,#19-03,03,1,500 sqft,1368000,17/03/2025,NEW SALE,Freehold
TXN-00831,MARSILING GROVE,D25,Marsiling Road,80,36,20,3,101.4 sq.m,"$$ 1,658,000",23 Dec 2024,new sale,Freehold
TXN-01262,Woodlands  Cascade,D25,Woodlands Avenue 2,12,3,13,3,"1,061 sqft",1210000,27 Mar 2025, New Sale ,99 yrs
TXN-01598,telok  blangah  ridge,d04,Telok Blangah Road,23,35,16,3,971 sqft, 2844000 ,17/03/2025,Resale,99 yrs
TXN-01431,SEMBAWANG SPRINGS,D27,Sembawang Road,18,31,11,3,1036 sq ft,2150000,2025-03-18, Resale ,99 yrs
TXN-00476,Toa Payoh Central,12,Lorong 6 Toa Payoh,77,#32-20,20,3,971 sq.ft, 1421000 ,29 Sep 2020,Sub Sale,99 yrs
TXN-00611,MacPherson Park,D13,MacPherson Road,3,#35-10,10,3,971 sqft,1273000,2024-06-08, Sub Sale ,99 yrs
TXN-01525,ANSON RESIDENCES,d02,Anson Road,32,#10-04,04,1,460 sqft,"$$ 1,454,000",10 Jul 2020,resale,99 yrs
TXN-00544,Shenton Way Suites,d01,Shenton Way,30,8,04,1,44.6 sq m,"$1,230,000",07/04/2024, Resale ,99 yrs
TXN-00339,Serangoon  Gardens,D19,Serangoon Garden Way,29,2,02,4,"1,330 sq ft","S$ 1,793,000",2021-07-25,NEW SALE,99 yrs
TXN-00806,clementi  park  residences, 5 ,Clementi Avenue 2,69,8,14,3, , 1730000 ,2020-07-21,resale,99 yrs
TXN-00575,BISHAN GREEN,D20,Bishan Street 22,53,22,14,3,971 sq.ft, 2590000 ,23 Nov 2022,Sub Sale,Freehold
TXN-00799,  Beauty World Residences  ,D21,Jalan Jurong Kechil,81,#13-14,14,4,"1,350 sq.ft","$3,182,000",21 Jan 2023,SUB SALE,Freehold
TXN-01212,buona vista court, 5 ,North Buona Vista Road,40,35,08,1,44.6 sq.m,662000,2025-02-23, Resale ,Freehold
TXN-00308,marina  bay  suites,D01,Marina Boulevard,17,#09-14,14,1,580 sq.ft,"$$ 1,278,000",28 Apr 2023,New Sale,99 yrs
TXN-01048,kim seng plaza,D9,Kim Seng Road,24,38,16,2,67.8 sq m,"$$ 1,085,000",11/01/2024,New Sale,99 yrs
TXN-00093,  Irrawaddy Residences  ,d11,Irrawaddy Road,27,#30-02,02,4,"1,375 sq.ft","S$ 3,272,000",09 Mar 2022,New Sale,Freehold
TXN-00491,Kim Seng Plaza,d09,Kim Seng Road,53,18,06,3,98.6 sq m, 1177000 ,13/10/2024, Resale ,Freehold
TXN-01374,Pasir Panjang Residences,d05,Pasir Panjang Road,62,6,07,4,1310 sq ft,2296000,12/02/2021,New Sale,99 yrs
TXN-00119,NASSIM PARK, 10 ,Nassim Road,63,28,04,3,1091 sq.ft,"$$ 1,545,000",23/05/2024,RESALE,Freehold
TXN-00663,MAXWELL CHAMBERS SUITES, 1 ,Maxwell Road,8,#04-11,11,3,96.2 sqm,"S$ 1,588,000",22 Jan 2023,New Sale,99 yrs
TXN-00324,stevens  suites, 10 ,Stevens Road,1,16,17,3,101.4 sq.m,"S$ 1,458,000",07/01/2020,resale,99 yrs
TXN-01748,grange  road  residences,9,Grange Road,58,#38-07,07,2,74.3 sq m ,"S$ 1,753,000",09 Nov 2023, New Sale ,Freehold
TXN-00084,BUKIT BATOK WEST,D23,Bukit Batok West Avenue 8,5,32,10,3,101.4 sq m, 2527000 ,28 Dec 2022,NEW SALE,Freehold
TXN-01031,  Tanjong Pagar Place  ,D2,Tanjong Pagar Road,61,15,10,3,101.4 sqm,"$$ 2,354,000",07/11/2022,Resale,Freehold
TXN-00439,toa payoh central,D12,Lorong 6 Toa Payoh,85,5,20,1,44.6 sq.m,845000,2022-10-21,SUB SALE,Freehold
TXN-00654,sembawang springs,D27,Sembawang Road,57,#18-06,06,2,710 sq ft,"$1,156,000",2020-04-12,Sub Sale,Freehold
TXN-01041,Geylang  Quay,D14,Geylang Road,22,37,04,2,77.1 sq m, 1369000 ,2022-10-01,resale,Freehold
TXN-01450,ALEXANDRA CENTRAL,5,Alexandra Road,57,24,11,4,1430 sq ft,"S$ 2,994,000",2025-07-13, Resale ,99 yrs
TXN-01242,kim seng plaza, 9 ,Kim Seng Road,76,13,17,3,93.9 sqm,"$$ 2,020,000",19/02/2022, Resale ,Freehold
TXN-00089,Dover  Parkview,d05,Dover Road,67,13,16,3,971 sq.ft,2585000,2024-05-22, Resale ,Freehold
TXN-01637,Marsiling Grove,D25,Marsiling Road,36,24,13,2,730 sqft,n/a,29 May 2022, Resale ,Freehold
TXN-00541,  Outram Park Residences  ,D3,Outram Road,85,38,13,2,66.0 sqm,"$1,111,000",16 Nov 2023,SUB SALE,Freehold
TXN-00503,Newton  Suites,d11,Newton Road,52,#25-12,12,3,1091 sq.ft,"$$ 2,880,000",03 Apr 2022,sub sale,99 yrs
TXN-00561,  Bugis Junction Residences  ,7,Victoria Street,19,#30-20,20,2,69.7 sq m , 1772000 ,30/04/2023,resale,Freehold
TXN-00912,Geylang Quay,D14,Geylang Road,39,27,18,3,"1,036 sq ft","$$ 2,594,000",12/01/2023,sub sale,99 yrs
TXN-00485,ang mo kio grove,D20,Ang Mo Kio Avenue 6,61,7,05,3,101.4 sq m ,"$1,211,000",22/04/2025,Resale,99 yrs
TXN-01030,Opera  Estate,D15,Fidelio Street,41,28,08,2,69.7 sqm,1918000,16 Feb 2025, Resale ,99 yrs
TXN-01285,Kembangan Court,14,Sims Avenue East,55,19,10,3,90.2 sq.m,"$$ 1,451,000",2024-06-05, New Sale ,Freehold
TXN-01083,botanic gardens residences,D10,Cluny Park Road,40,2,05,3,96.2 sq.m,"$$ 1,346,000",2024-02-14,new sale,99 yrs
TXN-01660,ardmore  park,10,Ardmore Park,86,#34-02,02,4,127.7 sq m ,"$2,732,000",06/07/2025,sub sale,99 yrs
TXN-00186,Opera Estate,D15,Fidelio Street,31,14,05,3,92.1 sq.m,"$1,336,000",2025-01-07,New Sale,Freehold
TXN-01269,cuscaden residences,D09,Cuscaden Road,66,22,14,4,125.4 sqm, 3654000 ,19 Mar 2025,New Sale,Freehold
TXN-00921,HARBOURFRONT RESIDENCES,D04,Harbourfront Avenue,79,#21-13,13,3,96.2 sq.m,"$$ 2,290,000",06/08/2025,RESALE,Freehold
TXN-00621,pasir  panjang  residences,5,Pasir Panjang Road,80,28,08,3,96.2 sq.m,"$$ 2,392,000",23 Mar 2022,new sale,Freehold
TXN-01111,Marsiling Grove,25,Marsiling Road,13,29,08,2,800 sq.ft,"$$ 1,139,000",05/03/2024,Sub Sale,99 yrs
TXN-00907,  Yishun Emerald  ,27,Yishun Avenue 2,2,36,09,3,98.6 sq.m,"S$ 1,466,000",14 Mar 2025,NEW SALE,Freehold
TXN-01590,yishun  emerald,D27,Yishun Avenue 2,27,#20-04,04,1,42.7 sq m ,"$$ 535,000",15/12/2022,Resale,99 yrs
TXN-01133,Harbourfront Residences,D04,Harbourfront Avenue,6,36,17,2,775 sq ft,"$1,221,000",09/01/2023,Resale,Freehold
TXN-00180,  Opera Estate  , 15 ,Fidelio Street,19,12,01,3,1091 sq.ft,"$$ 2,718,000",23 Jun 2025, New Sale ,99 yrs
TXN-00707,Sentosa  Cove  Villas,d04,Ocean Drive,66,30,03,1,42.7 sq m ,1197000,09/09/2023,NEW SALE,99 yrs
TXN-00895,upper thomson residences,D26,Upper Thomson Road,80,#12-17,17,4,1350 sq ft,3312000,13/08/2025,SUB SALE,99 yrs
TXN-01709,PUNGGOL WATERFRONT,D19,Punggol Central,39,33,10,3,-,"$$ 1,267,000",2023-01-14,New Sale,Freehold
TXN-01515,Chin  Swee  Heights,D03,Chin Swee Road,6,#30-04,04,1,580 sq.ft,"$$ 1,044,000",15 Jul 2021, New Sale ,Freehold
TXN-01463,Holland  Village  Loft,D10,Holland Road,51,#29-05,05,3,1061 sqft,"$2,233,000",2022-08-20,New Sale,Freehold
TXN-01173,TION BAHRU LOFT,d03,Tiong Bahru Road,18,28,03,1,51.1 sq m, 855000 ,03 Jun 2024,RESALE,Freehold
TXN-01027,  Yishun Emerald  ,d27,Yishun Avenue 2,16,11,08,4,"1,400 sq.ft","S$ 3,343,000",20/01/2021, New Sale ,99 yrs
TXN-00268,serangoon gardens,19,Serangoon Garden Way,77,37,03,1,460 sqft,"$$ 839,000",15/06/2024,new sale,99 yrs
TXN-01533,LITTLE INDIA LOFTS, 8 ,Serangoon Road,21,18,10,3,90.2 sq.m,"$2,370,000",02 Feb 2020,NEW SALE,Freehold
TXN-00117,  Scotts Tower  ,9,Scotts Road,84,31,10,2,77.1 sqm,"$$ 1,020,000",2023-03-13,RESALE,99 yrs
TXN-01384,BUGIS JUNCTION RESIDENCES,7,Victoria Street,40,22,15,2,830 sq.ft,1514000,2023-07-21,new sale,99 yrs
TXN-00903,TION BAHRU LOFT, 3 ,Tiong Bahru Road,60,#29-15,15,3,1061 sqft,"S$ 2,321,000",08 Jul 2023,New Sale,Freehold
TXN-01106,HILLVIEW HEIGHTS, 23 ,Hillview Avenue,49,31,18,2,,"$1,964,000",2021-08-29,Resale,Freehold
TXN-00479,Beauty World Residences,D21,Jalan Jurong Kechil,37,#16-03,03,2,69.7 sq.m,1558000,05 Oct 2024, New Sale ,Freehold
TXN-00318,    Clementi  Park  Residences    ,5,Clementi Avenue 2,69,#15-05,05,2,710 sq.ft,1524000,28 Oct 2023,SUB SALE,99 yrs
TXN-01012,pasir  panjang  residences, 5 ,Pasir Panjang Road,6,#35-20,20,3,93.9 sq.m,"S$ 1,618,000",27/03/2024,Sub Sale,99 yrs
TXN-00523,pasir  panjang  residences, 5 ,Pasir Panjang Road,24,14,03,4,125.4 sqm,2626000,26 Feb 2021, Sub Sale ,Freehold
TXN-00615,one-north  loft,D05,One-North Crescent,87,3,16,3,971 sq ft,"S$ 1,326,000",2020-07-15, Resale ,99 yrs
TXN-01177,Keppel Bay View,d04,Keppel Bay Drive,29,#33-05,05,2,74.3 sqm,"$$ 2,413,000",2025-06-13,Resale,Freehold
TXN-01411,woodlands cascade,d25,Woodlands Avenue 2,8,32,02,3,92.1 sq m ,"$1,375,000",2024-04-17,sub sale,Freehold
TXN-00858,  Grange Road Residences  ,D09,Grange Road,48,15,05,1,580 sq ft,"$$ 1,232,000",27/03/2024,resale,Freehold
TXN-01676,Scotts Tower, 9 ,Scotts Road,63,#12-13,13,1,44.6 sqm,1304000,2021-10-31, New Sale ,99 yrs
TXN-01435,newton suites,11,Newton Road,2,19,11,3,991 sqft,"$2,454,000",23 Sep 2024,NEW SALE,99 yrs
TXN-01006,alexandra  central, 5 ,Alexandra Road,19,#11-05,05,1,580 sq ft,"S$ 1,248,000",17 May 2023, Resale ,Freehold
TXN-01731,Marsiling Grove,d25,Marsiling Road,37,8,08,1,460 sq.ft,1040000,06/05/2022,sub sale,99 yrs
TXN-00585,cecil  street  tower,D01,Cecil Street,51,36,05,1,44.6 sq.m,"$14,850,000",19/08/2023,RESALE,99 yrs
TXN-00030,irrawaddy residences, 11 ,Irrawaddy Road,41,38,17,1,48.8 sq.m,"$1,284,000",2025-02-22,Sub Sale,Freehold
TXN-00221,  Jurong Lake District  ,D22,Yuan Ching Road,15,19,07,4,130.1 sq m,"$2,881,000",2023-08-23,Sub Sale,Freehold
TXN-01433,jurong  lake  district,22,Yuan Ching Road,51,12,08,2,72.0 sqm,2158000,15 Jun 2025,New Sale,Freehold
TXN-00750,EUNOS VILLE,D14,Eunos Road 2,79,23,06,3,1061 sq ft, 2929000 ,12 Aug 2022,Resale,Freehold
TXN-00600,Pasir Ris Seaview,D18,Pasir Ris Drive 1,79,9,07,1,48.8 sqm,"$$ 1,250,000",2025-04-16, Resale ,Freehold
TXN-01389,katong  seaview,15,East Coast Road,69,#23-09,09,1,460 sq ft, 1108000 ,2023-05-26, Resale ,Freehold
TXN-00199,Admiralty Parkview, 25 ,Woodlands Drive 16,46,15,19,3,96.2 sq m , 1650000 ,24/05/2020,new sale,Freehold
TXN-01016,  Tion Bahru Loft  ,d03,Tiong Bahru Road,79,#24-01,01,3,"1,036 sq ft", 1675000 ,02/06/2023,new sale,99 yrs
TXN-01511,  Scotts Tower  ,9,Scotts Road,9,#04-04,04,4,130.1 sqm, ,2021-01-05, Resale ,Freehold
TXN-01228,kallang  riverside,D07,Kallang Avenue,61,#28-12,12,3,93.9 sq.m,1806000,2025-03-17,SUB SALE,99 yrs
TXN-00048,tampines  grande,d18,Tampines Avenue 1,1,#27-18,18,3,"1,061 sqft","$$ 1,821,000",2022-04-18,NEW SALE,Freehold
TXN-01263,Tanjong Pagar Place,2,Tanjong Pagar Road,21,36,07,3,92.1 sq m,"$2,221,000",12 Apr 2025, Sub Sale ,99 yrs
TXN-01380,orchard heritage,D09,Orchard Boulevard,25,36,06,4,127.7 sqm,"S$ 2,476,000",2025-07-15,Resale,99 yrs
TXN-01335,Bishan Green,20,Bishan Street 22,66,#08-13,13,3,"1,091 sq ft","$26,250,000",21 Jan 2025,NEW SALE,Freehold
TXN-00992,east coast parkview, 15 ,Marine Parade Road,63,36,17,3,"1,061 sq.ft","$$ 2,943,000",26/10/2020,sub sale,99 yrs
TXN-00188,  Bukit Batok West  , 23 ,Bukit Batok West Avenue 8,83,10,11,4, ,"S$ 1,751,000",26 Aug 2020,Sub Sale,Freehold
TXN-00573,JURONG LAKE DISTRICT,D22,Yuan Ching Road,40,14,05,3,1061 sq.ft,2652000,2024-09-25,resale,Freehold
TXN-01291,siglap villas, 15 ,Siglap Road,78,35,03,2,74.3 sq.m,"S$ 1,399,000",02/09/2025,Resale,Freehold
TXN-01467,maxwell  chambers  suites,d01,Maxwell Road,52,#07-04,04,3,971 sq.ft,2116000,16/12/2024,NEW SALE,Freehold
TXN-01258,  Lavender Street Loft  , 7 ,Lavender Street,62,#27-05,05,3,90.2 sq.m, 1758000 ,10 Aug 2025, New Sale ,Freehold
TXN-00732,harbourfront  residences,4,Harbourfront Avenue,64,7,11,3,"1,091 sq.ft", 1727000 ,2021-05-26,NEW SALE,Freehold
TXN-01053,BUGIS JUNCTION RESIDENCES,D7,Victoria Street,70,17,02,2,72.0 sq m , 1097000 ,17 Nov 2024,SUB SALE,99 yrs
TXN-01513,balmoral heights, 10 ,Balmoral Road,38,23,06,4,n/a,2849000,15/10/2022,Resale,99 yrs
TXN-00151,tion  bahru  loft, 3 ,Tiong Bahru Road,74,4,15,3,1061 sqft,"S$ 3,311,000",13/06/2024, Sub Sale ,Freehold
TXN-01287,Alexandra Central,D5,Alexandra Road,83,35,19,3,971 sqft,"$1,320,000",2025-03-26, Sub Sale ,Freehold
TXN-00199,admiralty  parkview,D25,Woodlands Drive 16,46,15,19,3,96.2 sq m , 1650000 ,24/05/2020,new sale,Freehold
TXN-01666,Kallang Riverside, 7 ,Kallang Avenue,77,#35-09,09,3,991 sq ft,"S$ 2,445,000",2025-03-04, Resale ,99 yrs
TXN-00917,BUKIT BATOK WEST,D23,Bukit Batok West Avenue 8,54,10,18,3,92.1 sqm,"$1,314,000",2023-02-05,NEW SALE,99 yrs
TXN-00677,Punggol  Waterfront, 19 ,Punggol Central,26,#22-14,14,2,77.1 sq.m,"S$ 1,668,000",2025-08-18,new sale,99 yrs
TXN-00634,  Stevens Suites  ,10,Stevens Road,53,#34-09,09,3,1091 sq ft,1728000,2025-05-28,NEW SALE,99 yrs
TXN-00847,SEMBAWANG SPRINGS, 27 ,Sembawang Road,86,36,02,2,775 sq.ft,1390000,08/07/2025, New Sale ,99 yrs
TXN-00316,NASSIM PARK,d10,Nassim Road,8,15,02,1,42.7 sqm,"$753,000",12/04/2025,SUB SALE,Freehold
TXN-01599,raffles  place  tower,1,Raffles Place,10,9,05,3,1011 sq ft,"$$ 2,399,000",06 Sep 2022,RESALE,99 yrs
TXN-00906,  One-North Loft  , 5 ,One-North Crescent,39,23,09,2,69.7 sq m,"$1,126,000",2025-07-16,SUB SALE,Freehold
TXN-01246,ALEXANDRA CENTRAL, 5 ,Alexandra Road,13,19,05,3,971 sq ft,"$$ 1,528,000",2022-09-18, Resale ,99 yrs
TXN-01459,chin swee heights,d03,Chin Swee Road,65,10,04,4,1400 sq.ft,"$$ 3,759,000",01/10/2024, New Sale ,99 yrs
TXN-00883,marina bay suites, 1 ,Marina Boulevard,17,#14-19,19,3,101.4 sq.m,"S$ 1,787,000",2024-05-11,New Sale,Freehold
TXN-01064,queenstown  vista,3,Commonwealth Avenue,47,#15-01,01,2,750 sq.ft,1129000,09/03/2024, Resale ,99 yrs
TXN-01124,admiralty parkview,D25,Woodlands Drive 16,27,#21-06,06,1,-,1498000,05/05/2025, New Sale ,Freehold
TXN-01588,  Bukit Batok West  , 23 ,Bukit Batok West Avenue 8,25,31,05,3,971 sqft, 1517000 ,15/09/2024,resale,Freehold
TXN-00022,Chin  Swee  Heights,D3,Chin Swee Road,13,28,07,4,127.7 sq m , 4335000 ,09/08/2021,new sale,Freehold
TXN-01492,REDHILL PEAK,D03,Redhill Close,50,16,02,3,90.2 sqm,"S$ 1,678,000",22/12/2022,resale,99 yrs
TXN-00069,  Toa Payoh Central  , 12 ,Lorong 6 Toa Payoh,79,#35-09,09,3,92.1 sq.m,2579000,2025-05-18,New Sale,Freehold
TXN-01585,NEWTON SUITES,D11,Newton Road,15,7,14,4,"1,430 sqft",2733000,2025-05-20, Resale ,99 yrs
TXN-01189,nassim park,d10,Nassim Road,6,27,03,3,93.9 sqm,"S$ 2,322,000",2020-03-22, Resale ,99 yrs
TXN-01531,Alexandra Central,d05,Alexandra Road,10,14,04,2,800 sq ft,"$1,822,000",2022-06-14,Resale,99 yrs
TXN-00011,balmoral  heights,10,Balmoral Road,18,25,08,3,"1,061 sq.ft","S$ 2,034,000",16 Feb 2024,RESALE,99 yrs
TXN-00802,  Keppel Bay View  , 4 ,Keppel Bay Drive,10,5,18,3, ,2693000,2025-05-12,Resale,Freehold
TXN-00873,Tanjong  Pagar  Place,D02,Tanjong Pagar Road,16,28,09,4,125.4 sq.m,3220000,26 Aug 2024,New Sale,Freehold
TXN-00134,serangoon gardens,d19,Serangoon Garden Way,74,#09-09,09,2,74.3 sq m, 1482000 ,2022-08-08,sub sale,99 yrs
TXN-01226,paterson residences,9,Paterson Road,57,#06-17,17,2,69.7 sq.m,"$992,000",09 Feb 2021,RESALE,99 yrs
TXN-01497,farrer  road  court, 10 ,Farrer Road,15,22,02,2,730 sq ft,"$1,621,000",28 Jul 2024,Sub Sale,99 yrs
TXN-01156,Redhill Peak, 3 ,Redhill Close,15,17,16,3,971 sq.ft,"$$ 2,428,000",09/01/2020,SUB SALE,Freehold
TXN-00549,bukit  timah  grove,d21,Upper Bukit Timah Road,39,#35-05,05,2,74.3 sqm,"$906,000",23 Apr 2020,Resale,Freehold
TXN-00926,springleaf  green,d26,Springleaf Avenue,5,14,13,2,830 sqft,"S$ 1,591,000",28/02/2020,SUB SALE,99 yrs
TXN-01035,yishun emerald,d27,Yishun Avenue 2,80,6,18,3,96.2 sq.m,"$1,349,000",2023-08-31,RESALE,99 yrs
TXN-00584,SENGKANG RIVIERA,D19,Sengkang East Avenue,19,5,17,3,1011 sqft,"$$ 2,381,000",2023-11-27,new sale,99 yrs
TXN-01503,Ang  Mo  Kio  Grove, 20 ,Ang Mo Kio Avenue 6,19,29,10,2,830 sq.ft, 948000 ,29/07/2020,SUB SALE,99 yrs
TXN-00349,siglap villas,D15,Siglap Road,64,#38-07,07,3,"1,061 sqft","$$ 1,476,000",30 Mar 2024,NEW SALE,99 yrs
TXN-01719,kembangan  court,D14,Sims Avenue East,37,28,19,2,72.0 sqm, 1789000 ,12/11/2022,resale,Freehold
TXN-00420,  Pasir Ris Seaview  , 18 ,Pasir Ris Drive 1,52,#03-04,04,3,101.4 sq m ,"$2,660,000",13/10/2023,sub sale,99 yrs
TXN-00945,  Cecil Street Tower  , 1 ,Cecil Street,22,31,10,1,48.8 sq m ,"$$ 1,567,000",2025-03-04, New Sale ,99 yrs
TXN-01346,pasir  panjang  residences,d05,Pasir Panjang Road,51,9,04,2,775 sq ft,"S$ 1,816,000",26/02/2022,Sub Sale,Freehold
TXN-00800,tion bahru loft,d03,Tiong Bahru Road,68,11,16,3,991 sq.ft,"S$ 2,801,000",25 Sep 2024,RESALE,Freehold
TXN-00719,one-north loft, 5 ,One-North Crescent,88,21,09,2,750 sq ft,"S$ 2,095,000",04/07/2024,Resale,Freehold
TXN-00344,queenstown vista, 3 ,Commonwealth Avenue,83,#28-07,07,2,72.0 sq.m,"$1,380,000",15/05/2025,Resale,99 yrs
TXN-00454,ANSON RESIDENCES, 2 ,Anson Road,33,16,20,2,67.8 sq.m, 1369000 ,03 Apr 2022,SUB SALE,99 yrs
TXN-00771,kim  seng  plaza,D9,Kim Seng Road,81,#05-06,06,3,90.2 sq m,2583000,25 Nov 2023,Resale,99 yrs
TXN-00779,harbourfront  residences,d04,Harbourfront Avenue,53,#28-06,06,3,101.4 sq m,"S$ 2,059,000",08/01/2025, New Sale ,Freehold
TXN-00418,  Sengkang Riviera  ,19,Sengkang East Avenue,36,17,11,1,525 sq ft, 922000 ,24/04/2020,sub sale,Freehold
TXN-00958,DOVER PARKVIEW, 5 ,Dover Road,1,#27-10,10,3,991 sq.ft,"$$ 2,608,000",2025-07-28,new sale,99 yrs
TXN-00300,woodlands cascade, 25 ,Woodlands Avenue 2,87,22,08,2,67.8 sqm,"$1,866,000",2023-03-14,sub sale,Freehold
TXN-01406,  Springleaf Green  , 26 ,Springleaf Avenue,75,#13-17,17,3,971 sq.ft,1253000,01 Feb 2025, Resale ,99 yrs
TXN-00033,Chin  Swee  Heights,3,Chin Swee Road,39,#30-18,18,2,750 sq ft,"$1,367,000",30 Nov 2024,Sub Sale,99 yrs
TXN-00187,tion bahru loft,D3,Tiong Bahru Road,40,7,03,4,130.1 sq.m, 2471000 ,2023-09-03,Sub Sale,Freehold
TXN-01639,SEMBAWANG SPRINGS, 27 ,Sembawang Road,63,#26-01,01,3,93.9 sq m, 1856000 ,2023-08-17,New Sale,99 yrs
TXN-00110,ADMIRALTY PARKVIEW,25,Woodlands Drive 16,64,#05-20,20,2,710 sq ft, 1604000 ,20 Aug 2025,NEW SALE,99 yrs
TXN-00065,Botanic  Gardens  Residences,10,Cluny Park Road,22,18,12,2,775 sqft,1962000,2024-02-28,RESALE,Freehold
TXN-01642,telok  blangah  ridge, 4 ,Telok Blangah Road,38,#30-05,05,1,550 sq ft,N/A,12/08/2021,New Sale,99 yrs
TXN-01005,Lavender Street Loft,D7,Lavender Street,71,#24-18,18,4,1375 sq ft,"S$ 2,021,000",2024-07-25,New Sale,99 yrs
TXN-01052,Serangoon  Gardens, 19 ,Serangoon Garden Way,26,23,03,3,101.4 sq.m,3028000,16/10/2021,new sale,99 yrs
TXN-01713,  Ghim Moh Green  ,10,Ghim Moh Road,40,27,02,3,1011 sqft,"S$ 1,319,000",2025-04-18,resale,Freehold
TXN-00963,  Holland Village Loft  ,d10,Holland Road,2,#33-04,04,3,991 sq.ft, 2059000 ,04 Jan 2020, Sub Sale ,99 yrs
TXN-00153,ardmore  park,D10,Ardmore Park,48,12,12,3,1061 sq.ft,"$$ 2,302,000",10/04/2025,New Sale,Freehold
TXN-00407,raffles  place  tower,1,Raffles Place,62,#33-07,07,2,66.0 sq m ,"$$ 1,862,000",02/01/2023,resale,99 yrs
TXN-01671,  Upper Thomson Residences  ,d26,Upper Thomson Road,51,#33-16,16,1,46.5 sqm,"S$ 791,000",26/07/2024,NEW SALE,99 yrs
TXN-01338,choa  chu  kang  residences, 23 ,Choa Chu Kang Avenue 3,52,4,20,2,-,"S$ 1,980,000",2025-06-23,new sale,Freehold
TXN-01357,Hillview Heights,23,Hillview Avenue,83,9,20,2,77.1 sq m ,"$$ 1,826,000",02 Jul 2025, Resale ,Freehold
TXN-01520,  Sengkang Riviera  ,d19,Sengkang East Avenue,58,21,09,1,53.9 sqm,922000,2025-03-28,Resale,Freehold
TXN-00742,farrer  road  court,D10,Farrer Road,56,12,16,3,93.9 sqm,"$2,574,000",19/07/2021,new sale,99 yrs
TXN-01405,Springleaf Green,D26,Springleaf Avenue,7,15,13,1,525 sqft,"$1,377,000",24/07/2023,RESALE,99 yrs
TXN-00586,  Kim Seng Plaza  ,D9,Kim Seng Road,33,31,03,3,"1,091 sq ft",1651000,2023-11-29, Sub Sale ,99 yrs
TXN-00657,the orchid residences,d19,Hougang Avenue 2,43,19,05,1,580 sqft,"$1,101,000",2025-05-28,Resale,Freehold
TXN-00713,Maxwell Chambers Suites,D1,Maxwell Road,1,16,01,3,101.4 sqm,"S$ 2,672,000",03 Jun 2021,Sub Sale,Freehold
TXN-01153,Paterson  Residences,9,Paterson Road,65,8,06,2,830 sq ft,"$$ 918,000",2025-06-09,new sale,Freehold
TXN-01140,Pasir Ris Seaview,d18,Pasir Ris Drive 1,85,38,16,3,"1,061 sq ft",1689000,2023-05-24,new sale,Freehold
TXN-00412,UPPER THOMSON RESIDENCES,D26,Upper Thomson Road,52,9,13,4,125.4 sq.m,"$$ 1,990,000",11/03/2025,New Sale,Freehold
TXN-01606,  Bedok Reservoir Views  , 16 ,Bedok Reservoir Road,39,14,05,3,971 sq ft,"S$ 1,529,000",26/12/2021,new sale,99 yrs
TXN-00592,chin swee heights,D03,Chin Swee Road,7,#37-07,07,3,n/a, 2799000 ,29 Jan 2022, Sub Sale ,Freehold
TXN-01608,shenton way suites,d01,Shenton Way,28,17,16,4,"1,330 sq ft",2865000,01 Sep 2022,NEW SALE,Freehold
TXN-00690,Tanjong  Pagar  Place,D02,Tanjong Pagar Road,6,#31-20,20,1,525 sq ft, 1180000 ,31 Mar 2023,SUB SALE,99 yrs
TXN-01260,Bukit  Batok  West,d23,Bukit Batok West Avenue 8,7,27,09,3,96.2 sq m,2041000,23/04/2022,New Sale,99 yrs
TXN-00527,Bishan  Green,d20,Bishan Street 22,70,#27-03,03,1, , 1344000 ,09 Apr 2023,New Sale,Freehold
TXN-01237,marina bay suites, 1 ,Marina Boulevard,61,18,18,2,n/a,"S$ 1,673,000",2025-02-02,Resale,Freehold
TXN-01222,BUKIT TIMAH GROVE,D21,Upper Bukit Timah Road,53,#37-07,07,2,72.0 sq.m,1865000,2020-02-10,New Sale,Freehold
TXN-00467,Opera Estate,d15,Fidelio Street,49,35,09,3,-,"S$ 1,374,000",2025-02-27,sub sale,Freehold
TXN-00850,Pasir Ris Seaview,D18,Pasir Ris Drive 1,27,#03-09,09,3,1061 sqft, 1558000 ,28 Dec 2022,SUB SALE,Freehold
TXN-01386,telok blangah ridge,d04,Telok Blangah Road,49,#22-14,14,2,69.7 sq m,1161000,14 Oct 2023,SUB SALE,99 yrs
TXN-01174,Woodlands  Cascade,D25,Woodlands Avenue 2,51,#20-02,02,3,98.6 sq m,"$2,396,000",10/12/2021,Resale,Freehold
TXN-00422,Opera Estate,D15,Fidelio Street,43,16,15,4,121.7 sq m,"$$ 3,631,000",2024-11-13,SUB SALE,Freehold
TXN-00605,NEWTON SUITES, 11 ,Newton Road,20,24,03,3,"1,091 sq.ft","$$ 1,941,000",2022-01-16, New Sale ,Freehold
TXN-01007,Chin Swee Heights,3,Chin Swee Road,57,31,06,3,1061 sq ft, 2500000 ,24/07/2025,new sale,Freehold
TXN-01687,HILLVIEW HEIGHTS, 23 ,Hillview Avenue,79,25,11,1,460 sq ft,"$$ 1,101,000",2023-01-02, Resale ,Freehold
TXN-00496,siglap villas,d15,Siglap Road,64,#13-07,07,2,800 sq ft,"$1,321,000",02/03/2025, Sub Sale ,99 yrs
TXN-00821,Pasir Ris Seaview,D18,Pasir Ris Drive 1,46,18,11,3,991 sq.ft,"$$ 2,077,000",2025-07-17,sub sale,Freehold
TXN-01160,  Bukit Batok West  ,D23,Bukit Batok West Avenue 8,64,11,12,4,123.6 sq m ,"$3,258,000",22 Oct 2020,sub sale,Freehold
TXN-00722,Hillview Heights,D23,Hillview Avenue,62,10,01,3,971 sqft,"$$ 1,299,000",20 Dec 2023,New Sale,99 yrs
TXN-00667,SERANGOON GARDENS,19,Serangoon Garden Way,26,16,03,1,525 sqft, 1217000 ,2023-12-14,NEW SALE,Freehold
TXN-00212,  Geylang Quay  ,d14,Geylang Road,41,#15-16,16,2,69.7 sqm,1907000,2023-10-14,SUB SALE,Freehold
TXN-00313,holland village loft,D10,Holland Road,78,#15-17,17,4,1430 sq.ft,"$24,550,000",19 Jul 2024,new sale,99 yrs
TXN-00346,Sembawang Springs,27,Sembawang Road,29,22,20,2,67.8 sq m,"$842,000",23/05/2020,Resale,Freehold
TXN-01686,MacPherson  Park, 13 ,MacPherson Road,78,#17-17,17,2,710 sq ft, 985000 ,23 May 2023, Resale ,99 yrs
TXN-00962,Irrawaddy  Residences,d11,Irrawaddy Road,11,#07-10,10,1,580 sq.ft,"$835,000",22/05/2023, Resale ,Freehold
TXN-01679,Grange Road Residences,d09,Grange Road,54,#20-13,13,2,74.3 sq.m,"$1,382,000",2025-03-02,New Sale,Freehold
TXN-00636,West Coast Vale,5,West Coast Vale,67,35,03,4,"1,350 sq ft",2770000,2025-01-23, Resale ,Freehold
TXN-00380,Bukit Timah Grove,d21,Upper Bukit Timah Road,48,#14-09,09,3,971 sq.ft,"S$ 1,785,000",2025-05-10,NEW SALE,99 yrs
TXN-00686,  Siglap Villas  ,D15,Siglap Road,62,7,01,2,67.8 sq m,"S$ 1,771,000",23 Mar 2024, Sub Sale ,Freehold
TXN-00405,IRRAWADDY RESIDENCES,11,Irrawaddy Road,66,#28-04,04,3,1091 sq.ft,"$$ 1,506,000",01 Mar 2024,new sale,99 yrs
TXN-00474,Balmoral  Heights,D10,Balmoral Road,22,34,09,4,-,"S$ 3,160,000",29 Mar 2025,new sale,99 yrs
TXN-00002,Nassim  Park,10,Nassim Road,30,7,07,3,971 sq.ft, 1127000 ,2024-01-14,SUB SALE,99 yrs
TXN-00183,chin swee heights,D03,Chin Swee Road,67,13,16,1,460 sq ft,"S$ 1,383,000",15 Oct 2023,RESALE,Freehold
TXN-00375,BUKIT  TIMAH  GROVE, 21 ,Upper Bukit Timah Road,61,#17-02,02,3,1011 sq ft, 2542000 ,18 Aug 2025,New Sale,99 yrs
TXN-01655,Upper Thomson Residences,D26,Upper Thomson Road,32,#28-02,02,2,72.0 sq.m,"$1,059,000",18/08/2025, Sub Sale ,99 yrs
TXN-01196,YISHUN EMERALD,D27,Yishun Avenue 2,46,32,17,4,123.6 sq m,3016000,2023-10-14,resale,99 yrs
TXN-01024,toa  payoh  central,D12,Lorong 6 Toa Payoh,87,#17-02,02,2,74.3 sqm,902000,20 Apr 2025,SUB SALE,99 yrs
TXN-01601,farrer  park  residences, 8 ,Farrer Park Road,22,9,04,3,1036 sq ft,"S$ 2,854,000",06/11/2021,Sub Sale,99 yrs
TXN-00506,Outram  Park  Residences,D3,Outram Road,51,38,02,2,69.7 sq.m,"$1,988,000",2021-03-25,resale,99 yrs
TXN-01508,Tanjong Pagar Place, 2 ,Tanjong Pagar Road,85,37,06,2,67.8 sq m ,1599000,22 Sep 2023,new sale,99 yrs
TXN-01090,Clementi  Park  Residences,5,Clementi Avenue 2,26,27,14,2,830 sqft,"S$ 1,096,000",2023-02-03,new sale,Freehold
TXN-01390,JURONG LAKE DISTRICT, 22 ,Yuan Ching Road,20,28,05,3,n/a,"$$ 1,713,000",2024-10-20, Resale ,99 yrs
TXN-01182,anson  residences,D02,Anson Road,62,14,16,3,101.4 sq.m,"$$ 2,857,000",08 Dec 2022,Resale,Freehold
TXN-01164,Harbourfront Residences,d04,Harbourfront Avenue,88,11,15,1,460 sqft,"$$ 1,160,000",2021-05-29,SUB SALE,99 yrs
TXN-01620,YISHUN EMERALD,27,Yishun Avenue 2,25,10,10,4,130.1 sq.m, 3795000 ,04/07/2024,sub sale,Freehold
TXN-00192,nassim park,D10,Nassim Road,6,#23-19,19,3,991 sqft,1437000,08/01/2025, Resale ,99 yrs
TXN-01749,Lavender  Street  Loft,d07,Lavender Street,52,3,07,2,74.3 sq m ,"S$ 1,230,000",2022-10-02,New Sale,99 yrs
TXN-00856,bedok reservoir views,d16,Bedok Reservoir Road,53,31,18,2,-,"S$ 1,243,000",15/01/2020, New Sale ,99 yrs
TXN-01013,TAMPINES GRANDE,D18,Tampines Avenue 1,7,34,12,1,500 sqft,"$686,000",14/07/2023,RESALE,Freehold
TXN-00610,NEWTON SUITES,11,Newton Road,15,26,17,3,971 sqft,"$1,981,000",2020-01-23,sub sale,99 yrs
TXN-00458,SENGKANG RIVIERA,d19,Sengkang East Avenue,36,16,14,1,500 sqft,802000,2025-02-04,SUB SALE,Freehold
TXN-00938,novena heights,d11,Thomson Road,66,30,13,2,n/a,1666000,29/04/2024, Sub Sale ,99 yrs
TXN-01324,Sembawang  Springs,D27,Sembawang Road,40,#11-10,10,3,92.1 sq.m,unknown,04/09/2023,Resale,Freehold
TXN-00826,eunos  ville,D14,Eunos Road 2,48,#07-09,09,2,74.3 sq m,"$1,160,000",2024-07-31,NEW SALE,99 yrs
TXN-00076,lavender street loft,D07,Lavender Street,28,13,07,1,53.9 sq m,"$1,274,000",2025-03-12, Sub Sale ,Freehold
TXN-01375,Orchard Heritage,D9,Orchard Boulevard,73,#33-10,10,3,98.6 sq m,"$1,634,000",2020-08-08, Resale ,Freehold
TXN-01307,alexandra  central, 5 ,Alexandra Road,46,7,16,3,"1,036 sq.ft", 1700000 ,27 Jun 2024,SUB SALE,Freehold
TXN-00830,hillview heights,D23,Hillview Avenue,41,#37-10,10,3,"1,091 sqft",2766000,03/01/2025,NEW SALE,99 yrs
TXN-01074,TANJONG PAGAR PLACE, 2 ,Tanjong Pagar Road,35,29,07,4,"1,350 sq ft","$$ 3,812,000",09 Feb 2021,NEW SALE,Freehold
TXN-01330,  Tanjong Pagar Place  ,D2,Tanjong Pagar Road,59,9,16,3,1011 sq ft,"$$ 1,598,000",2023-11-03, Sub Sale ,Freehold
TXN-01644,harbourfront  residences,D04,Harbourfront Avenue,3,#12-08,08,3,"1,036 sq ft",2451000,2025-02-20,sub sale,99 yrs
TXN-00893,ALEXANDRA CENTRAL,D05,Alexandra Road,23,#37-08,08,3,991 sq.ft,"$1,779,000",2022-04-01, New Sale ,99 yrs
TXN-00812,marina  bay  suites,1,Marina Boulevard,64,#29-14,14,1,, 1717000 ,02 Jun 2025,Sub Sale,Freehold
TXN-00024,Yishun  Emerald,D27,Yishun Avenue 2,24,10,14,2,-,161400,08 May 2022,resale,Freehold
TXN-00680,kim seng plaza,d09,Kim Seng Road,26,24,09,3,92.1 sq m ,"S$ 2,372,000",17/01/2023, Sub Sale ,99 yrs
TXN-01572,marina bay suites,D01,Marina Boulevard,73,30,13,2,, 1506000 ,25/01/2025, Resale ,Freehold
TXN-01518,Toa Payoh Central,D12,Lorong 6 Toa Payoh,11,22,10,1,580 sq.ft,"$$ 872,000",11/09/2023,resale,Freehold
TXN-01403,one-north loft,d05,One-North Crescent,85,22,08,2,710 sq.ft,"S$ 1,257,000",05/06/2022,Resale,Freehold
TXN-01395,  Anson Residences  ,d02,Anson Road,65,29,02,2,710 sqft,"S$ 1,887,000",25 Mar 2025,Sub Sale,Freehold
TXN-00166,harbourfront residences,4,Harbourfront Avenue,58,10,16,4,1375 sqft,4022000,10 Feb 2024, Resale ,Freehold
TXN-00744,ADMIRALTY PARKVIEW,25,Woodlands Drive 16,87,26,20,2,775 sqft,"$$ 1,790,000",2023-05-26,New Sale,99 yrs
TXN-01706,JURONG LAKE DISTRICT,D22,Yuan Ching Road,15,35,18,4,,"$3,035,000",30 Aug 2024,New Sale,Freehold
TXN-00862,sixth  avenue  suites,d10,Sixth Avenue,82,#22-11,11,2,800 sqft,1706000,29/12/2022,new sale,Freehold
TXN-01624,Pasir  Ris  Seaview, 18 ,Pasir Ris Drive 1,25,#02-03,03,3,98.6 sqm, 2021000 ,07/03/2025, New Sale ,Freehold
TXN-01192,cuscaden  residences, 9 ,Cuscaden Road,58,22,04,3,90.2 sq m,"$$ 1,414,000",23 Nov 2023,SUB SALE,99 yrs
TXN-00767,pasir panjang residences,5,Pasir Panjang Road,51,#26-01,01,4,1330 sq ft,"$2,668,000",23 Aug 2025,new sale,Freehold
TXN-01741,orchard  heritage,9,Orchard Boulevard,36,16,19,1,550 sq.ft,1261000,22 Dec 2020,New Sale,Freehold
TXN-01370,  MacPherson Park  , 13 ,MacPherson Road,69,37,18,3,971 sq ft,"S$ 1,607,000",24/07/2025, Resale ,Freehold
TXN-00194,Shenton  Way  Suites,D1,Shenton Way,59,#27-10,10,3,92.1 sqm,"$3,120,000",31 Jan 2020, Resale ,Freehold
TXN-00338,shenton  way  suites,1,Shenton Way,72,27,15,2,67.8 sq m,"S$ 1,141,000",05/03/2025,Resale,Freehold
TXN-00488,bukit  timah  grove,d21,Upper Bukit Timah Road,79,#35-08,08,4,"1,400 sqft","S$ 3,003,000",2021-01-19,New Sale,99 yrs
TXN-00047,CECIL STREET TOWER,D1,Cecil Street,38,#22-13,13,2,830 sq.ft,1939000,08/04/2024,new sale,Freehold
TXN-00763,LAVENDER STREET LOFT,D07,Lavender Street,55,26,08,2,800 sq.ft,"$$ 2,087,000",24 Feb 2022,Resale,99 yrs
TXN-01421,upper thomson residences,d26,Upper Thomson Road,81,#04-13,13,3,991 sq ft, 2265000 ,11/04/2020,Resale,99 yrs
TXN-00165,clementi park residences,D05,Clementi Avenue 2,84,22,04,2,67.8 sq.m, 845000 ,2023-03-16,resale,99 yrs
TXN-00433,SENTOSA COVE VILLAS,d04,Ocean Drive,8,18,05,2,730 sq.ft,"$1,523,000",2024-05-31, Resale ,99 yrs
TXN-01552,beauty  world  residences,D21,Jalan Jurong Kechil,19,18,07,3,90.2 sq m ,1660000,2022-01-15,Sub Sale,Freehold
TXN-00446,Novena Heights,11,Thomson Road,14,15,14,2,77.1 sq m,1983000,26 Dec 2022,SUB SALE,Freehold
TXN-01061,kallang riverside, 7 ,Kallang Avenue,41,26,12,2,67.8 sqm,,2023-09-04,SUB SALE,Freehold
TXN-01377,tampines grande, 18 ,Tampines Avenue 1,83,34,10,2,800 sq ft,1671000,30 Sep 2022,resale,Freehold
TXN-00648,Orchard  Heritage,D9,Orchard Boulevard,87,27,15,2,830 sq ft,"$$ 1,906,000",07/07/2025,sub sale,99 yrs
TXN-00960,upper thomson residences,26,Upper Thomson Road,24,#14-16,16,2,830 sq.ft,1141000,26 Feb 2024,NEW SALE,99 yrs
TXN-01244,sembawang  springs, 27 ,Sembawang Road,56,#04-07,07,2,730 sqft,"S$ 1,017,000",21/10/2024,Sub Sale,Freehold
TXN-01257,BEDOK RESERVOIR VIEWS,d16,Bedok Reservoir Road,32,30,11,4,125.4 sq m ,"$$ 2,645,000",29/02/2024,Resale,Freehold
TXN-00936,IRRAWADDY RESIDENCES,11,Irrawaddy Road,39,#15-14,14,2,710 sq.ft,"S$ 878,000",08 May 2025,resale,99 yrs
TXN-01236,  Clementi Park Residences  ,D05,Clementi Avenue 2,64,#11-19,19,3,"1,036 sq ft",2211000,11/04/2024,Resale,Freehold
TXN-00453,the  orchid  residences,d19,Hougang Avenue 2,11,#36-18,18,3,98.6 sqm,"S$ 2,023,000",2022-06-26, Resale ,Freehold
TXN-00078,Buona Vista Court,D05,North Buona Vista Road,82,20,05,1,42.7 sq m,1027000,06 May 2025,RESALE,99 yrs
TXN-01172,west  coast  vale,D5,West Coast Vale,60,#34-12,12,3,"1,091 sq.ft",1899000,27 Aug 2023,NEW SALE,Freehold
TXN-01302,CECIL STREET TOWER,1,Cecil Street,36,#02-10,10,3,991 sqft,"$2,776,000",01 Mar 2024,New Sale,Freehold
TXN-00438,Beauty World Residences,d21,Jalan Jurong Kechil,75,#10-06,06,2,74.3 sq m,1313000,02/01/2025,New Sale,Freehold
TXN-01139,  Jurong Lake District  ,D22,Yuan Ching Road,19,10,11,3,1036 sq.ft,"$$ 1,393,000",16/08/2025,NEW SALE,Freehold
TXN-01078,  Lavender Street Loft  ,D07,Lavender Street,87,#24-05,05,4,"1,375 sq ft","$3,556,000",28 Jul 2021, Sub Sale ,99 yrs
TXN-01723,marina bay suites,D1,Marina Boulevard,19,15,15,3,971 sq.ft,"S$ 2,135,000",28/11/2021,resale,Freehold
TXN-01487,Beauty  World  Residences,21,Jalan Jurong Kechil,84,#21-07,07,3,98.6 sq.m, 2710000 ,11/03/2025,New Sale,99 yrs
TXN-00539,west  coast  vale,d05,West Coast Vale,79,37,05,3,"1,036 sqft","$2,764,000",29/07/2022, Sub Sale ,Freehold
TXN-01596,ghim moh green,d10,Ghim Moh Road,53,#15-20,20,4,1430 sq.ft, 28940000 ,17 Dec 2021,Resale,99 yrs
TXN-01264,Raffles Place Tower,D01,Raffles Place,28,#23-14,14,4,"1,330 sq.ft","$$ 3,012,000",07/05/2024,RESALE,99 yrs
TXN-00743,botanic gardens residences,d10,Cluny Park Road,74,#37-18,18,3,96.2 sq.m,2539000,15/10/2023,resale,99 yrs
TXN-01189,nassim park,d10,Nassim Road,6,27,03,3,93.9 sqm,"S$ 2,322,000",2020-03-22, Resale ,99 yrs
TXN-01070,Bedok  Reservoir  Views,16,Bedok Reservoir Road,23,#04-20,20,2,66.0 sq m ,1715000,2024-01-06,New Sale,Freehold
TXN-00878,macpherson park,d13,MacPherson Road,81,#30-04,04,3,-,"$1,238,000",05 Mar 2023,RESALE,99 yrs
TXN-01234,opera estate,d15,Fidelio Street,54,#16-15,15,3,1036 sq ft,"$2,423,000",06 Mar 2022, Sub Sale ,99 yrs
TXN-01327,outram  park  residences,d03,Outram Road,39,29,02,3,"1,091 sq.ft","S$ 2,533,000",21 Nov 2023,RESALE,Freehold
TXN-00406,serangoon gardens, 19 ,Serangoon Garden Way,67,14,09,3,991 sqft, 2326000 ,02/04/2025,Sub Sale,Freehold
TXN-00923,Admiralty Parkview,d25,Woodlands Drive 16,81,12,09,3,90.2 sq m,"$1,544,000",07/12/2024,Resale,99 yrs
TXN-01289,bishan green,D20,Bishan Street 22,7,22,03,2,72.0 sqm,852000,14/08/2021,NEW SALE,Freehold
TXN-00298,newton  suites,11,Newton Road,36,24,18,4,1310 sqft,"$2,970,000",27/03/2024, New Sale ,Freehold
TXN-01461,  Maxwell Chambers Suites  ,D1,Maxwell Road,72,12,01,3,1036 sq.ft,"S$ 1,691,000",2023-11-29,Resale,Freehold
TXN-00423,Opera  Estate, 15 ,Fidelio Street,1,8,08,3,96.2 sq m,1381000,2023-11-21,new sale,Freehold
TXN-00662,jurong lake district, 22 ,Yuan Ching Road,50,#17-16,16,1,44.6 sq m,"$$ 552,000",2020-10-03,sub sale,Freehold
TXN-00062,  Alexandra Central  ,5,Alexandra Road,44,31,11,3,1011 sq ft,"$$ 155,000",2025-04-08,NEW SALE,Freehold
TXN-00593,bukit timah grove,d21,Upper Bukit Timah Road,39,38,20,2,66.0 sq.m,"S$ 1,751,000",14/02/2023,resale,99 yrs
TXN-00657,  the orchid residences  ,D19,Hougang Avenue 2,43,19,05,1,580 sqft,"$1,101,000",2025-05-28,Resale,Freehold
TXN-00323,Maxwell  Chambers  Suites,d01,Maxwell Road,73,5,16,3,"1,061 sq.ft","$$ 2,373,000",2021-03-22,new sale,99 yrs
TXN-00790,Queenstown Vista,D03,Commonwealth Avenue,35,12,17,2,69.7 sq m , 1402000 ,05 Dec 2024,sub sale,99 yrs
TXN-01272,upper thomson residences, 26 ,Upper Thomson Road,29,8,15,4,1400 sq.ft,"$3,588,000",2024-01-13,NEW SALE,99 yrs
TXN-00950,Jurong  Lake  District,D22,Yuan Ching Road,1,#11-07,07,3,"1,036 sq ft", 1554000 ,13 Sep 2020, Sub Sale ,Freehold
TXN-00456,MACPHERSON PARK,d13,MacPherson Road,37,17,04,2,730 sq.ft,"$1,806,000",09 Apr 2024,New Sale,Freehold
TXN-01105,maxwell chambers suites,D01,Maxwell Road,65,8,15,3,98.6 sqm,"$2,775,000",17/01/2024,Sub Sale,Freehold
TXN-01427,  Bugis Junction Residences  ,D07,Victoria Street,24,#07-17,17,3,"1,036 sq.ft",2313000,2023-09-19, Resale ,99 yrs
TXN-00028,  lavender street loft  ,7,Lavender Street,68,32,17,1,460 sq.ft,1056000,18 Sep 2021,Resale,99 yrs
TXN-01003,Orchard Heritage,D9,Orchard Boulevard,23,8,04,3,991 sq.ft,"$1,858,000",2024-06-05,Sub Sale,Freehold
TXN-00753,beauty world residences,D21,Jalan Jurong Kechil,65,6,10,2,750 sq.ft,2047000,2025-04-21,Sub Sale,Freehold
TXN-00197,Chin  Swee  Heights,d03,Chin Swee Road,79,20,13,2,66.0 sq m ,"S$ 1,138,000",23/03/2023,new sale,Freehold
TXN-00296,ONE-NORTH LOFT,D05,One-North Crescent,5,#17-10,10,2,775 sqft,"$$ 1,014,000",2023-06-28,Resale,Freehold
TXN-01416,hillview heights,D23,Hillview Avenue,69,31,14,1,460 sq ft,"S$ 954,000",05/11/2023, Sub Sale ,99 yrs
TXN-01305,    chin  swee  heights    ,D03,Chin Swee Road,40,14,05,2,830 sq ft,"S$ 2,336,000",2020-12-27,new sale,99 yrs
TXN-00620,Cuscaden  Residences,D09,Cuscaden Road,14,8,13,3,991 sqft,2121000,2023-11-29, Resale ,Freehold
TXN-01726,the  orchid  residences,19,Hougang Avenue 2,59,5,02,3,1036 sqft,1475000,14/04/2024, New Sale ,99 yrs
TXN-00731,Anson Residences,d02,Anson Road,60,#22-04,04,2,72.0 sqm,1342000,11/03/2021,NEW SALE,Freehold
TXN-01446,Telok Blangah Ridge,4,Telok Blangah Road,36,24,08,2,77.1 sqm,"$$ 1,829,000",25 Jan 2023, New Sale ,Freehold
TXN-00757,  Bukit Batok West  , 23 ,Bukit Batok West Avenue 8,35,15,14,2,710 sq.ft,"$$ 1,703,000",15/06/2025,RESALE,Freehold
TXN-00606,PASIR PANJANG RESIDENCES,D05,Pasir Panjang Road,77,26,06,4,1330 sqft,3018000,07 Jun 2021, Sub Sale ,Freehold
TXN-00791,BALMORAL HEIGHTS,d10,Balmoral Road,54,#38-06,06,1,51.1 sq m ,"S$ 1,468,000",05 Mar 2025,New Sale,99 yrs
TXN-01286,TELOK BLANGAH RIDGE, 4 ,Telok Blangah Road,76,14,03,3,"1,061 sq.ft","S$ 2,985,000",21 Apr 2021,New Sale,99 yrs
TXN-01337,  Shenton Way Suites  ,D1,Shenton Way,48,17,02,3,1061 sq ft,"$$ 2,763,000",2024-04-20,New Sale,Freehold
TXN-00034,Ghim Moh Green,10,Ghim Moh Road,15,10,09,2,830 sq ft,"$$ 1,089,000",10/07/2025,Sub Sale,99 yrs
TXN-01107,tion  bahru  loft,3,Tiong Bahru Road,48,#27-01,01,3,"1,091 sq ft","S$ 3,209,000",10/05/2025,new sale,Freehold
TXN-00790,Queenstown Vista,D03,Commonwealth Avenue,35,12,17,2,69.7 sq m , 1402000 ,05 Dec 2024,sub sale,99 yrs
TXN-01350,TION BAHRU LOFT,D3,Tiong Bahru Road,75,8,13,3,991 sqft, 2873000 ,02/08/2024,New Sale,99 yrs
TXN-01157,Farrer Park Residences,8,Farrer Park Road,13,11,04,3,98.6 sq m, 1530000 ,21 Jun 2022,new sale,Freehold
TXN-00863,CHIN SWEE HEIGHTS,d03,Chin Swee Road,77,#15-15,15,3,93.9 sq.m,"$2,223,000",2023-12-21,Resale,99 yrs
TXN-00978,Keppel Bay View,4,Keppel Bay Drive,51,#16-04,04,3,1061 sq ft,2874000,2020-08-23,NEW SALE,99 yrs
TXN-00233,  Bukit Timah Grove  ,d21,Upper Bukit Timah Road,48,10,14,2,775 sq ft,"$1,138,000",08/04/2025,New Sale,Freehold
TXN-01388,NASSIM PARK,10,Nassim Road,32,26,16,3,971 sq.ft,"$$ 2,621,000",07/11/2022, Sub Sale ,Freehold
TXN-01408,Leng Kee Court,d03,Leng Kee Road,1,#31-01,01,2,800 sq ft,1383000,04 Aug 2023,New Sale,99 yrs
TXN-00665,  Punggol Waterfront  ,D19,Punggol Central,61,33,01,1,580 sqft,"$$ 806,000",08 Jun 2025,resale,99 yrs
TXN-00762,  Keppel Bay View  ,d04,Keppel Bay Drive,64,35,09,3,1061 sqft, 3275000 ,02 Mar 2025,SUB SALE,99 yrs
TXN-01283,  Hillview Heights  ,D23,Hillview Avenue,40,6,01,2,730 sq ft,"S$ 1,506,000",12 Apr 2024,SUB SALE,99 yrs
TXN-01315,Hillview  Heights,23,Hillview Avenue,4,27,19,3,1011 sq.ft, 2307000 ,27 Mar 2021,New Sale,99 yrs
TXN-01456,raffles place tower,D1,Raffles Place,54,#32-15,15,2,710 sq.ft,1955000,17/10/2024, Resale ,Freehold
TXN-01073,farrer  road  court,D10,Farrer Road,41,31,16,3,90.2 sq.m,"$2,692,000",26/07/2024,NEW SALE,99 yrs
TXN-01214,nassim  park,D10,Nassim Road,36,7,02,3,"1,011 sq.ft","S$ 2,825,000",09/04/2025,New Sale,99 yrs
TXN-00207,Paterson  Residences,D09,Paterson Road,7,38,08,3,"1,011 sq ft","S$ 2,469,000",28/03/2024,SUB SALE,Freehold
TXN-00901,Newton Suites,D11,Newton Road,28,17,13,2,67.8 sq m , 1478000 ,13/07/2022,sub sale,99 yrs
TXN-01626,  Paterson Residences  ,9,Paterson Road,16,#26-11,11,1,525 sq ft, 1047000 ,2021-03-04,New Sale,99 yrs
TXN-00952,Bukit Timah Grove,D21,Upper Bukit Timah Road,56,#12-07,07,1,525 sq ft,"$1,185,000",17 Jul 2025, Sub Sale ,Freehold
TXN-00552,Shenton  Way  Suites, 1 ,Shenton Way,10,#38-07,07,1,550 sq.ft,1275000,2025-07-22,New Sale,99 yrs
TXN-00026,bukit  batok  west, 23 ,Bukit Batok West Avenue 8,22,27,02,3, ,"$1,592,000",2023-07-19,new sale,Freehold
TXN-01282,  Newton Suites  , 11 ,Newton Road,68,10,06,2,830 sq.ft,2136000,2024-08-30,Resale,Freehold
TXN-01122,Jurong Lake District, 22 ,Yuan Ching Road,36,#10-09,09,2,710 sq ft, 1839000 ,17/02/2023, New Sale ,Freehold
TXN-00998,NASSIM PARK,D10,Nassim Road,71,29,03,2,750 sq ft,"$$ 1,022,000",2022-07-15,SUB SALE,99 yrs
TXN-01323,Punggol Waterfront,D19,Punggol Central,6,33,07,3,92.1 sqm, 1370000 ,11 Aug 2022,Resale,Freehold
TXN-00738,telok blangah ridge,D04,Telok Blangah Road,13,#10-01,01,3,96.2 sq.m,"$2,043,000",01 Aug 2025, Resale ,Freehold
TXN-00262,punggol  waterfront,D19,Punggol Central,50,17,19,2,730 sq ft,1645000,2024-10-03,new sale,Freehold
TXN-00169,Anson  Residences, 2 ,Anson Road,55,11,10,3,92.1 sqm,"$29,440,000",29/06/2020,Resale,Freehold
TXN-01569,FARRER PARK RESIDENCES,D8,Farrer Park Road,40,#34-01,01,3,93.9 sq m ,1561000,02 Apr 2020, New Sale ,99 yrs
TXN-01300,sengkang riviera,19,Sengkang East Avenue,86,35,01,3,"1,091 sq ft", 2018000 ,08/12/2023,SUB SALE,99 yrs
TXN-00817,  Woodlands Cascade  ,25,Woodlands Avenue 2,87,26,14,2,77.1 sq m,2121000,2024-07-03,New Sale,99 yrs
TXN-00752,IRRAWADDY RESIDENCES,d11,Irrawaddy Road,44,8,19,3,971 sqft,"$$ 2,494,000",18/10/2022,SUB SALE,Freehold
TXN-00576,Toa Payoh Central, 12 ,Lorong 6 Toa Payoh,4,#10-06,06,4,n/a,"S$ 1,753,000",06 Jun 2025,sub sale,Freehold
TXN-01093,redhill  peak,D3,Redhill Close,35,#03-14,14,2,710 sq ft,1372000,01 Apr 2022,RESALE,99 yrs
TXN-00432,pasir panjang residences,D5,Pasir Panjang Road,14,#02-17,17,2,775 sq.ft,"S$ 2,135,000",2020-03-15, Resale ,99 yrs
TXN-01054,EAST COAST PARKVIEW,D15,Marine Parade Road,14,36,10,4,121.7 sqm, 1716000 ,31 Jul 2024, Resale ,99 yrs
TXN-01101,Upper  Thomson  Residences, 26 ,Upper Thomson Road,65,21,10,4,125.4 sqm,1530000,2025-02-01,sub sale,Freehold
TXN-01284,PASIR PANJANG RESIDENCES, 5 ,Pasir Panjang Road,60,#05-20,20,3,"1,011 sq.ft",1307000,04 Feb 2024,new sale,99 yrs
TXN-01295,Orchard Heritage,d09,Orchard Boulevard,35,2,20,2,69.7 sq m,"$1,597,000",20 May 2020, Sub Sale ,Freehold
TXN-00254,toa  payoh  central,D12,Lorong 6 Toa Payoh,8,31,12,1,480 sq.ft,"S$ 1,025,000",2024-12-07,Sub Sale,Freehold
TXN-01302,CECIL STREET TOWER,1,Cecil Street,36,#02-10,10,3,991 sqft,"$2,776,000",01 Mar 2024,New Sale,Freehold
TXN-00403,paterson  residences, 9 ,Paterson Road,15,3,02,1,53.9 sq m,"$766,000",14/07/2023,RESALE,Freehold
TXN-01560,GHIM MOH GREEN,D10,Ghim Moh Road,21,#15-15,15,4,121.7 sqm,"$3,625,000",14 May 2021, Resale ,99 yrs
TXN-01615,  Admiralty Parkview  ,D25,Woodlands Drive 16,69,#23-10,10,2,775 sqft,1884000,2024-06-06,New Sale,Freehold
TXN-00392,geylang quay,D14,Geylang Road,43,21,14,2,730 sq.ft,"$1,916,000",27 Oct 2023, New Sale ,Freehold
TXN-00405,IRRAWADDY RESIDENCES,11,Irrawaddy Road,66,#28-04,04,3,1091 sq.ft,"$$ 1,506,000",01 Mar 2024,new sale,99 yrs
TXN-00548,  Botanic Gardens Residences  ,D10,Cluny Park Road,47,#37-09,09,3,991 sqft,"$1,851,000",25/04/2025,New Sale,99 yrs
TXN-00023,bukit  batok  west,23,Bukit Batok West Avenue 8,52,8,02,3,1091 sqft,"$$ 1,320,000",2025-07-24,RESALE,99 yrs
TXN-00913,Jurong Lake District, 22 ,Yuan Ching Road,49,#38-13,13,2,750 sq ft,1697000,20 Jul 2022,RESALE,Freehold
TXN-01522,  Stevens Suites  ,10,Stevens Road,49,#14-16,16,1,500 sq.ft,"S$ 940,000",22 Dec 2023,Sub Sale,Freehold
TXN-00419,Marsiling  Grove,d25,Marsiling Road,74,#31-15,15,4,123.6 sq m,"S$ 1,677,000",2023-09-13,New Sale,Freehold
TXN-00070,SIXTH AVENUE SUITES,D10,Sixth Avenue,32,19,11,4,1430 sq ft,"$$ 3,308,000",23 Jan 2025,NEW SALE,Freehold
TXN-00515,sembawang springs, 27 ,Sembawang Road,81,20,15,2,730 sqft,1172000,27/09/2021,Resale,99 yrs
TXN-01618,Dover  Parkview,5,Dover Road,41,34,08,4,125.4 sq m ,3128000,2025-03-24,RESALE,99 yrs
TXN-01342,  Eunos Ville  ,d14,Eunos Road 2,60,30,05,2,750 sqft,"$$ 2,088,000",2025-05-08, Resale ,99 yrs
TXN-00292,Marina  Bay  Suites,1,Marina Boulevard,65,#26-18,18,3,991 sqft,1882000,28/07/2024,Sub Sale,Freehold
TXN-00640,STEVENS SUITES,10,Stevens Road,63,3,10,1,53.9 sqm,"$984,000",16/09/2021, Resale ,Freehold
TXN-01197,Ardmore  Park, 10 ,Ardmore Park,11,6,19,3,1091 sq ft,"S$ 2,040,000",22 Sep 2021,New Sale,99 yrs
TXN-01420,tion  bahru  loft,d03,Tiong Bahru Road,35,#35-19,19,3,98.6 sq m,"$2,720,000",2025-02-03,NEW SALE,Freehold
TXN-01113,holland village loft,10,Holland Road,80,11,01,3,971 sq ft,"$$ 2,318,000",2024-02-10,SUB SALE,Freehold
TXN-00015,Cecil  Street  Tower,D1,Cecil Street,70,25,06,3,991 sq ft,"S$ 1,797,000",2025-08-25,Sub Sale,99 yrs
TXN-00109,leng  kee  court,D3,Leng Kee Road,74,#38-12,12,1,480 sqft, ,25/12/2022,new sale,99 yrs
TXN-01464,  MacPherson Park  ,13,MacPherson Road,19,34,14,2,800 sqft, 2188000 ,24 Jun 2025, Sub Sale ,Freehold
TXN-01432,  Telok Blangah Ridge  ,d04,Telok Blangah Road,79,21,07,3,98.6 sq m ,30430000,04/02/2024, Resale ,Freehold
TXN-00992,EAST COAST PARKVIEW,D15,Marine Parade Road,63,36,17,3,"1,061 sq.ft","$$ 2,943,000",26/10/2020,sub sale,99 yrs
TXN-01651,SENGKANG RIVIERA,D19,Sengkang East Avenue,10,4,07,3,96.2 sq m, 1407000 ,2024-07-07,new sale,99 yrs
TXN-00966,Springleaf  Green, 26 ,Springleaf Avenue,1,#23-04,04,3,971 sq ft,1776000,2023-12-24, New Sale ,99 yrs
TXN-01470,EUNOS VILLE,D14,Eunos Road 2,78,18,01,3,971 sq ft, 2109000 ,12/10/2020,resale,Freehold
TXN-00470,Farrer Park Residences, 8 ,Farrer Park Road,87,9,16,3,93.9 sq m, 2603000 ,18 Apr 2023, Sub Sale ,99 yrs
TXN-00478,river valley court,D9,River Valley Road,49,#16-16,16,3,98.6 sq m ,2099000,23 Dec 2023, Sub Sale ,99 yrs
TXN-00073,LITTLE INDIA LOFTS,d08,Serangoon Road,61,37,08,3,"1,036 sqft", 2176000 ,2024-09-08, New Sale ,99 yrs
TXN-00209,Toa  Payoh  Central,d12,Lorong 6 Toa Payoh,79,28,17,3,101.4 sq m ,"S$ 1,655,000",12 Aug 2025, Sub Sale ,99 yrs
TXN-00426,  Grange Road Residences  ,9,Grange Road,64,34,05,3,101.4 sq.m,"$2,516,000",25 Jan 2020, Sub Sale ,Freehold
TXN-00468,Siglap  Villas,D15,Siglap Road,1,32,20,4,"1,350 sq ft",2831000,12/03/2024,New Sale,99 yrs
TXN-01316,    Botanic Gardens Residences    ,d10,Cluny Park Road,12,23,02,4,"1,330 sq.ft", 1817000 ,14 Mar 2022,NEW SALE,Freehold
TXN-00691,Farrer Road Court, 10 ,Farrer Road,70,#23-08,08,3,991 sq ft,TBC,02/09/2021,SUB SALE,99 yrs
TXN-00382,  Alexandra Central  ,D05,Alexandra Road,50,20,01,3,"1,091 sq.ft",1402000,2020-10-19,RESALE,99 yrs
TXN-00362,ORCHARD HERITAGE,D9,Orchard Boulevard,70,28,18,2,730 sq ft,"S$ 1,087,000",2022-05-25, New Sale ,99 yrs
TXN-01381,bugis  junction  residences,D7,Victoria Street,14,#35-16,16,3,"1,011 sq ft","S$ 1,774,000",08/11/2024, Resale ,99 yrs
TXN-01019,redhill  peak,d03,Redhill Close,24,#25-14,14,3,"1,011 sq ft","$$ 2,135,000",2024-05-17,resale,Freehold
TXN-00449,lavender  street  loft, 7 ,Lavender Street,1,9,18,1,48.8 sq m , 1301000 ,12/11/2024,RESALE,99 yrs
TXN-01611,geylang  quay, 14 ,Geylang Road,6,5,14,4,1350 sqft,"$2,608,000",2025-07-19,new sale,99 yrs
TXN-00287,PASIR PANJANG RESIDENCES,d05,Pasir Panjang Road,15,14,15,2,69.7 sq.m,1325000,2022-09-08,sub sale,Freehold
TXN-00954,  Chin Swee Heights  ,3,Chin Swee Road,86,#25-01,01,3,971 sq.ft,"$$ 3,073,000",2024-05-13,SUB SALE,Freehold
TXN-01643,farrer  park  residences,D08,Farrer Park Road,30,35,03,3,"1,011 sqft","$1,457,000",08/06/2025,RESALE,99 yrs
TXN-01065,Kembangan Court,14,Sims Avenue East,71,#31-05,05,2,67.8 sq.m,"$$ 1,243,000",22/08/2025, New Sale ,99 yrs
TXN-00514,ghim  moh  green,D10,Ghim Moh Road,11,#27-17,17,1,460 sq ft,"S$ 1,232,000",13 Nov 2021,resale,99 yrs
TXN-01743,  Tampines Grande  ,D18,Tampines Avenue 1,26,4,06,4,"1,330 sq.ft","$2,100,000",2025-02-20,Resale,Freehold
TXN-00327,TAMPINES GRANDE,d18,Tampines Avenue 1,60,27,03,2,74.3 sq m,"S$ 955,000",2025-07-18,New Sale,Freehold
TXN-00820,  Siglap Villas  ,d15,Siglap Road,9,34,02,3,92.1 sq.m,"S$ 1,444,000",2023-02-28,sub sale,99 yrs
TXN-01428,Geylang  Quay,d14,Geylang Road,77,#24-17,17,4,"1,310 sqft","S$ 1,973,000",2025-05-25,Sub Sale,99 yrs
TXN-00727,nassim  park,d10,Nassim Road,12,24,01,2,67.8 sq.m, 1805000 ,2021-05-23,Sub Sale,Freehold
TXN-01092,BISHAN GREEN,d20,Bishan Street 22,77,#38-02,02,3,92.1 sq.m,"$$ 1,739,000",16/01/2025,New Sale,Freehold
TXN-00307,Queenstown Vista,3,Commonwealth Avenue,10,15,16,3,90.2 sqm, 1458000 ,26/04/2021,SUB SALE,Freehold
TXN-00266,punggol  waterfront,D19,Punggol Central,50,26,05,1,46.5 sqm,"S$ 708,000",2022-02-24,Resale,99 yrs
TXN-01715,opera  estate,d15,Fidelio Street,76,#18-06,06,3,98.6 sq.m,"S$ 1,398,000",18/08/2025,RESALE,99 yrs
TXN-00445,RIVER VALLEY COURT,D09,River Valley Road,11,22,17,2,830 sq ft,"$$ 1,240,000",12 Feb 2025, Sub Sale ,99 yrs
TXN-00473,Harbourfront Residences, 4 ,Harbourfront Avenue,22,32,16,1,44.6 sq m,1161000,2022-07-30,SUB SALE,99 yrs
TXN-00890,geylang quay,d14,Geylang Road,80,#16-15,15,1,580 sq.ft,902000,2022-09-04,sub sale,Freehold
TXN-01009,Lavender  Street  Loft,D07,Lavender Street,31,7,03,4,"1,310 sq ft",3143000,2025-02-12,Sub Sale,99 yrs
TXN-00279,Serangoon Gardens,19,Serangoon Garden Way,83,24,06,4,123.6 sq.m,3253000,2024-10-15,Sub Sale,Freehold
TXN-00398,  West Coast Vale  , 5 ,West Coast Vale,29,2,08,2,710 sq.ft,"$1,764,000",25 Jun 2024,new sale,99 yrs
TXN-00428,PATERSON RESIDENCES,D9,Paterson Road,78,26,14,3,93.9 sq.m,TBC,2025-07-15,resale,Freehold
TXN-01230,Balestier  Point,d12,Balestier Road,84,11,13,3,98.6 sq m ,"$1,237,000",2020-02-09, Resale ,Freehold
TXN-00836,Little  India  Lofts,d08,Serangoon Road,77,#38-18,18,4,132.9 sqm,"$$ 3,276,000",03/06/2022, New Sale ,99 yrs
TXN-01571,FARRER ROAD COURT,d10,Farrer Road,79,#17-03,03,3,"1,011 sq ft",2758000,01 Jan 2021,resale,99 yrs
TXN-01482,LAVENDER STREET LOFT,7,Lavender Street,39,3,02,3,90.2 sq.m,"$$ 2,130,000",2023-06-30,SUB SALE,99 yrs
TXN-01674,Tanjong  Pagar  Place,D02,Tanjong Pagar Road,38,4,05,1,48.8 sq m, 978000 ,04 Apr 2025,SUB SALE,Freehold
TXN-00430,Ghim Moh Green,10,Ghim Moh Road,38,15,20,3,92.1 sq.m,"S$ 1,497,000",10/12/2024,Resale,99 yrs
TXN-00734,Tampines  Grande,18,Tampines Avenue 1,57,8,13,1,53.9 sq.m,"$1,221,000",12/12/2024, Resale ,99 yrs
TXN-00472,stevens  suites,10,Stevens Road,67,18,06,2,66.0 sq.m,1022000,03 Jun 2025,SUB SALE,99 yrs
TXN-01475,  Orchard Heritage  ,D9,Orchard Boulevard,44,#11-20,20,3,991 sq ft,"$$ 2,314,000",26 Aug 2025,Sub Sale,Freehold
TXN-00127,MARSILING GROVE,d25,Marsiling Road,10,33,15,3,"1,091 sq.ft","$1,441,000",24/03/2025,sub sale,99 yrs
TXN-00051,Holland Village Loft,10,Holland Road,54,6,15,1,480 sqft, 995000 ,2025-05-28,Resale,Freehold
TXN-01028,bishan  green, 20 ,Bishan Street 22,7,14,03,3,971 sq ft,"S$ 2,294,000",26 Sep 2023,NEW SALE,99 yrs
TXN-01178,bugis  junction  residences,7,Victoria Street,26,33,20,3,971 sq ft,"$$ 2,669,000",2021-01-01,resale,99 yrs
TXN-01297,  Cuscaden Residences  ,d09,Cuscaden Road,83,#13-16,16,3,1036 sq ft,"$2,180,000",2025-07-26,RESALE,99 yrs
TXN-01557,  Kallang Riverside  ,D07,Kallang Avenue,17,34,02,3,1061 sq ft,"$1,252,000",04/02/2023,Resale,99 yrs
TXN-00988,Little  India  Lofts,d08,Serangoon Road,86,#13-13,13,3,96.2 sq.m,"S$ 1,781,000",25 Aug 2024, Sub Sale ,Freehold
TXN-00410,Opera  Estate,D15,Fidelio Street,13,#29-04,04,4,1430 sqft,"$2,488,000",2025-08-16,RESALE,99 yrs
TXN-01143,SERANGOON GARDENS,19,Serangoon Garden Way,41,#35-17,17,2,67.8 sq m,TBC,21/03/2025, Sub Sale ,Freehold
TXN-01451,Kallang  Riverside,D07,Kallang Avenue,83,21,17,1,42.7 sqm,684000,13 Oct 2024, Sub Sale ,99 yrs
TXN-00702,  Farrer Road Court  ,d10,Farrer Road,19,#22-12,12,3,971 sqft,"$$ 2,392,000",04/10/2023,RESALE,Freehold
TXN-01711,  Alexandra Central  ,d05,Alexandra Road,74,#09-06,06,4,1350 sqft,"S$ 2,364,000",10/02/2022,RESALE,99 yrs
TXN-00251,maxwell  chambers  suites,1,Maxwell Road,63,23,09,3,"1,091 sq ft",3166000,14 Jun 2025,Sub Sale,Freehold
TXN-00754,Sentosa Cove Villas,d04,Ocean Drive,86,#34-15,15,3,96.2 sq m ,"S$ 2,087,000",2025-02-16, Resale ,99 yrs
TXN-00981,SPRINGLEAF GREEN, 26 ,Springleaf Avenue,7,15,08,1,500 sq.ft,706000,18 Jul 2025,Resale,Freehold
TXN-01341,nassim  park,D10,Nassim Road,50,#23-18,18,3,1091 sq.ft,"S$ 2,530,000",13 Oct 2023,Resale,Freehold
TXN-00819,orchard  heritage,9,Orchard Boulevard,27,21,08,4,127.7 sq m,"$2,903,000",10 Jan 2024, New Sale ,Freehold
TXN-00953,Anson Residences,D2,Anson Road,84,#25-02,02,3,1036 sq ft,"$$ 2,901,000",06 Aug 2023,SUB SALE,99 yrs
TXN-00557,RAFFLES PLACE TOWER,d01,Raffles Place,11,#10-11,11,4,1375 sq ft,"$2,479,000",2023-01-26, Sub Sale ,Freehold
TXN-00305,the orchid residences,d19,Hougang Avenue 2,21,#10-10,10,3,991 sq.ft,2487000,2025-08-13,NEW SALE,99 yrs
TXN-01326,  Marsiling Grove  , 25 ,Marsiling Road,74,22,05,4,121.7 sq m,1872000,2024-12-17, New Sale ,99 yrs
TXN-00301,Hillview  Heights,d23,Hillview Avenue,66,7,13,3,"1,036 sq.ft","S$ 1,299,000",27/06/2025, New Sale ,Freehold
TXN-00703,Pasir  Ris  Seaview,D18,Pasir Ris Drive 1,41,#11-15,15,1,525 sq.ft,"S$ 1,114,000",2021-10-07,Sub Sale,Freehold
TXN-01593,lavender street loft,d07,Lavender Street,69,#32-13,13,2,710 sq.ft, 1152000 ,19/04/2025,sub sale,Freehold
TXN-00887,katong  seaview, 15 ,East Coast Road,55,37,02,2,74.3 sq m,22220000,13 Apr 2023,Sub Sale,99 yrs
TXN-00833,  Balestier Point  ,D12,Balestier Road,44,21,17,1,51.1 sq m ,"S$ 1,226,000",10/02/2025,resale,99 yrs
TXN-00687,Stevens Suites, 10 ,Stevens Road,18,31,15,3,1061 sq ft, 1219000 ,14/04/2025,Resale,Freehold
TXN-00466,KEPPEL BAY VIEW,D04,Keppel Bay Drive,70,18,19,3,"1,011 sq ft","$3,052,000",11 Jul 2024, Sub Sale ,Freehold
TXN-00781,Jurong  Lake  District, 22 ,Yuan Ching Road,50,27,07,4,125.4 sqm,3401000,01 Nov 2024,New Sale,99 yrs
TXN-01501,grange  road  residences, 9 ,Grange Road,33,33,20,3,92.1 sq m, 2476000 ,2023-11-22, New Sale ,Freehold
TXN-00081,chin swee heights, 3 ,Chin Swee Road,77,28,20,1,550 sq.ft, 1686000 ,27 Feb 2025, Sub Sale ,Freehold
TXN-01558,serangoon  gardens,19,Serangoon Garden Way,47,#17-03,03,3,92.1 sq m,2538000,28 Mar 2025, Resale ,Freehold
TXN-01589,  Bishan Green  ,D20,Bishan Street 22,39,#17-13,13,1,53.9 sq.m,"S$ 1,002,000",19 May 2025, Sub Sale ,99 yrs
TXN-00529,  Orchard Heritage  ,D09,Orchard Boulevard,88,#32-13,13,3,101.4 sqm,1665000,28 Aug 2025,New Sale,99 yrs
TXN-01680,newton suites,D11,Newton Road,11,11,02,2,775 sqft,"$1,088,000",01/03/2020,RESALE,99 yrs
TXN-01588,  Bukit Batok West  , 23 ,Bukit Batok West Avenue 8,25,31,05,3,971 sqft, 1517000 ,15/09/2024,resale,Freehold
TXN-01544,Upper Thomson Residences,d26,Upper Thomson Road,61,25,19,4,1430 sq.ft, 1948000 ,16/08/2020,New Sale,Freehold
TXN-00946,CUSCADEN RESIDENCES,9,Cuscaden Road,82,38,15,2,69.7 sq m ,"$$ 1,263,000",04 Sep 2022,Resale,Freehold
TXN-00068,  Novena Heights  ,D11,Thomson Road,63,2,14,3,101.4 sq.m,196200,2021-07-05,Sub Sale,Freehold
TXN-01555,kallang  riverside,7,Kallang Avenue,62,22,18,1,42.7 sq m,"$555,000",2023-06-11,Sub Sale,Freehold
TXN-01466,WEST COAST VALE,D5,West Coast Vale,77,14,08,3,"1,091 sqft","S$ 1,560,000",15/02/2025, Resale ,99 yrs
TXN-01715,opera  estate,D15,Fidelio Street,76,#18-06,06,3,98.6 sq.m,"S$ 1,398,000",18/08/2025,RESALE,99 yrs
TXN-00021,ANSON RESIDENCES,D2,Anson Road,70,#33-07,07,2,69.7 sq.m, 2152000 ,20/10/2021,sub sale,Freehold
TXN-00495,  Alexandra Central  ,D05,Alexandra Road,10,27,11,2,750 sqft, ,01/04/2024, New Sale ,Freehold
TXN-00457,Grange Road Residences,D9,Grange Road,20,#21-19,19,2,800 sq ft,1960000,05 Jul 2024,New Sale,Freehold
TXN-00908,marsiling  grove,d25,Marsiling Road,84,2,16,4,-,"$3,711,000",17/03/2024, New Sale ,99 yrs
TXN-00761,novena heights,d11,Thomson Road,18,7,13,3,1011 sq.ft,"$$ 2,502,000",2022-10-20,SUB SALE,99 yrs
TXN-00352,West  Coast  Vale,D5,West Coast Vale,76,25,13,4,125.4 sq.m,"S$ 1,685,000",04 Jun 2021,NEW SALE,99 yrs
TXN-00708,  Opera Estate  , 15 ,Fidelio Street,50,#29-12,12,3,92.1 sq.m,"$$ 2,543,000",2023-05-26,New Sale,Freehold
TXN-00524,irrawaddy  residences,D11,Irrawaddy Road,42,33,07,3,"1,011 sq ft","S$ 2,562,000",26/01/2020,SUB SALE,99 yrs
TXN-01359,Beauty  World  Residences,D21,Jalan Jurong Kechil,75,#11-09,09,4,1310 sq.ft, 1719000 ,29 Jan 2025,Sub Sale,99 yrs
TXN-00797,  Pasir Ris Seaview  ,D18,Pasir Ris Drive 1,88,29,10,2,775 sq.ft,"$$ 2,124,000",2024-07-02, Sub Sale ,99 yrs
TXN-01523,Springleaf Green, 26 ,Springleaf Avenue,53,34,14,2,750 sq ft,2058000,08 Mar 2024,NEW SALE,Freehold
TXN-00257,Yishun  Emerald,D27,Yishun Avenue 2,51,#24-09,09,3,"1,061 sq.ft",1715000,26/07/2020,new sale,99 yrs
TXN-00444,TELOK BLANGAH RIDGE,4,Telok Blangah Road,48,#03-17,17,3,1091 sq ft,"$$ 2,268,000",17 Sep 2024,New Sale,Freehold
TXN-00120,Balestier Point,12,Balestier Road,88,25,04,3,96.2 sq m ,1640000,27 Nov 2023,New Sale,99 yrs
TXN-00463,cecil  street  tower,1,Cecil Street,18,12,17,1,580 sqft, 1154000 ,02 Apr 2023, Sub Sale ,99 yrs
TXN-01253,CHOA CHU KANG RESIDENCES,23,Choa Chu Kang Avenue 3,82,10,07,3,96.2 sq.m,"S$ 1,738,000",2025-09-01, Sub Sale ,99 yrs
TXN-00814,KATONG SEAVIEW, 15 ,East Coast Road,71,38,11,3,90.2 sq m ,1907000,27/11/2020,New Sale,Freehold
TXN-00368,GHIM MOH GREEN,d10,Ghim Moh Road,69,35,14,1,48.8 sq m ,"$1,457,000",31 Aug 2024,Sub Sale,99 yrs
TXN-00896,Pasir Ris Seaview,18,Pasir Ris Drive 1,69,14,07,2,730 sq.ft,"S$ 1,991,000",11 Jul 2023, New Sale ,Freehold
TXN-00381,holland village loft,D10,Holland Road,61,#30-06,06,2,69.7 sqm,"S$ 1,576,000",28/06/2024,New Sale,99 yrs
TXN-00013,Ghim  Moh  Green,D10,Ghim Moh Road,35,#09-18,18,4,121.7 sq m , 3266000 ,29 Mar 2025, Resale ,Freehold
TXN-00306,Opera  Estate,D15,Fidelio Street,51,#12-02,02,2,710 sq ft, 1321000 ,2024-12-24,Resale,Freehold
TXN-01546,Stevens Suites,d10,Stevens Road,42,14,05,4,1350 sq ft,"S$ 3,416,000",27 May 2025,Resale,99 yrs
TXN-00272,SERANGOON GARDENS,D19,Serangoon Garden Way,80,27,11,2,750 sqft,835000,18/06/2023, New Sale ,Freehold
TXN-01567,Harbourfront Residences, 4 ,Harbourfront Avenue,27,#34-13,13,3,971 sqft,2342000,2022-01-22,New Sale,99 yrs
TXN-00684,stevens suites,D10,Stevens Road,65,#04-16,16,1,525 sq.ft,625000,28/09/2020,NEW SALE,Freehold
TXN-01367,sengkang riviera,19,Sengkang East Avenue,49,#13-16,16,4,1400 sq.ft,2922000,2020-02-03,New Sale,99 yrs
TXN-00397,  Beauty World Residences  ,D21,Jalan Jurong Kechil,5,26,01,3,"1,036 sqft",2152000,2024-07-10, Resale ,Freehold
TXN-00083,Newton Suites,11,Newton Road,31,#07-06,06,3,991 sqft,"$$ 1,626,000",2021-02-08, Resale ,99 yrs
TXN-01652,cuscaden residences,9,Cuscaden Road,4,21,12,3,"1,036 sq.ft", 1936000 ,12/04/2022, Resale ,99 yrs
TXN-00008,  Cuscaden Residences  ,9,Cuscaden Road,60,17,06,3,991 sqft, 2173000 ,24 Nov 2023,sub sale,99 yrs
TXN-00717,bishan  green,20,Bishan Street 22,21,#10-12,12,2,72.0 sq m ,1952000,03/07/2020,NEW SALE,Freehold
TXN-01183,UPPER THOMSON RESIDENCES, 26 ,Upper Thomson Road,60,26,04,3,1011 sq ft,"$$ 1,922,000",06/08/2023,resale,99 yrs
TXN-00977,BUGIS JUNCTION RESIDENCES,D7,Victoria Street,55,14,13,1,550 sqft,"$1,208,000",06/07/2022,Sub Sale,99 yrs
TXN-01021,yishun emerald,d27,Yishun Avenue 2,43,27,14,2,66.0 sqm,"S$ 975,000",11 Feb 2025,SUB SALE,99 yrs
TXN-00598,beauty  world  residences,D21,Jalan Jurong Kechil,80,35,19,3,1011 sqft,"S$ 1,649,000",2023-03-08,Sub Sale,Freehold
TXN-01201,Bukit  Timah  Grove,D21,Upper Bukit Timah Road,8,14,11,2,775 sq ft,"$1,266,000",2021-10-08,Sub Sale,Freehold
TXN-00915,Ghim Moh Green,D10,Ghim Moh Road,24,33,01,2,710 sq ft,"$1,982,000",2022-07-17,NEW SALE,99 yrs
TXN-00211,ONE-NORTH LOFT,D5,One-North Crescent,62,#18-20,20,2,77.1 sq m ,"$$ 2,225,000",07/05/2022,New Sale,Freehold
TXN-01029,GEYLANG QUAY,D14,Geylang Road,55,#05-17,17,2,775 sq.ft,1613000,04/06/2024, Resale ,Freehold
TXN-00329,tion bahru loft, 3 ,Tiong Bahru Road,32,14,18,2,800 sq ft, 2008000 ,29 Jul 2021,resale,99 yrs
TXN-01045,  Buona Vista Court  ,d05,North Buona Vista Road,14,36,19,2,69.7 sq m , 849000 ,26/06/2025,New Sale,Freehold
TXN-01225,  River Valley Court  ,D9,River Valley Road,33,#05-09,09,3,101.4 sqm, 1709000 ,2020-06-29,Sub Sale,99 yrs
TXN-01584,Cecil  Street  Tower,d01,Cecil Street,81,23,18,4,1430 sq.ft,"S$ 2,570,000",10/02/2025,Sub Sale,99 yrs
TXN-00184,  Alexandra Central  ,d05,Alexandra Road,26,20,16,3,1036 sq.ft,"$$ 1,594,000",2021-02-07, New Sale ,99 yrs
TXN-00566,tanjong pagar place, 2 ,Tanjong Pagar Road,85,6,13,3,1091 sq.ft,1655000,04 Dec 2022,new sale,99 yrs
TXN-01387,Balestier Point,d12,Balestier Road,10,19,04,3,98.6 sq m,"$$ 2,123,000",2022-06-16,SUB SALE,Freehold
TXN-00421,QUEENSTOWN VISTA,D3,Commonwealth Avenue,72,#21-17,17,4,1400 sq ft,"$$ 3,874,000",10/12/2022, New Sale ,Freehold
TXN-00810,shenton way suites,D1,Shenton Way,3,32,14,4,1375 sq ft,"S$ 2,479,000",20/03/2021, Sub Sale ,Freehold
TXN-00965,Eunos Ville,d14,Eunos Road 2,41,25,11,3,96.2 sq m ,"$$ 1,853,000",29 Aug 2025,new sale,Freehold
TXN-00875,the  orchid  residences,D19,Hougang Avenue 2,4,7,19,3,92.1 sq.m,1769000,27 Feb 2025,Sub Sale,Freehold
TXN-00273,sixth avenue suites,D10,Sixth Avenue,42,10,10,4,"1,430 sqft",3313000,21/12/2024, Resale ,Freehold
TXN-00905,cecil  street  tower,d01,Cecil Street,30,7,09,3,98.6 sqm,"$2,990,000",06 Feb 2021,new sale,99 yrs
TXN-00649,  Keppel Bay View  ,D4,Keppel Bay Drive,71,13,11,2,77.1 sqm,"$$ 2,418,000",05 Jan 2020,Resale,99 yrs
TXN-00809,newton suites, 11 ,Newton Road,81,17,14,3,101.4 sqm,n/a,18 May 2025,Resale,99 yrs
TXN-00697,yishun  emerald,d27,Yishun Avenue 2,83,16,17,1,42.7 sq m,"$$ 1,261,000",24/10/2023,new sale,Freehold
TXN-01664,ang  mo  kio  grove, 20 ,Ang Mo Kio Avenue 6,29,32,03,4,121.7 sq m,"$2,152,000",2023-03-26,SUB SALE,Freehold
TXN-00551,Bukit Timah Grove,D21,Upper Bukit Timah Road,47,#10-09,09,3,93.9 sqm,1435000,05/03/2025,Resale,Freehold
TXN-01379,the orchid residences,d19,Hougang Avenue 2,23,33,06,2,800 sqft,1650000,09/08/2020,SUB SALE,Freehold
TXN-00587,pasir ris seaview,D18,Pasir Ris Drive 1,11,30,12,1,460 sq.ft,"S$ 1,171,000",2024-07-15,sub sale,99 yrs
TXN-01636,Ardmore Park,D10,Ardmore Park,77,11,03,3,92.1 sq m ,"$1,846,000",24/06/2025,New Sale,99 yrs
TXN-00973,sembawang  springs,27,Sembawang Road,86,18,16,4,"1,350 sq ft","$2,094,000",2021-03-11,SUB SALE,Freehold
TXN-01746,hillview  heights,d23,Hillview Avenue,10,12,07,1,460 sqft,"$1,226,000",25/02/2021,New Sale,99 yrs
TXN-00122,tanjong pagar place,D02,Tanjong Pagar Road,27,#10-19,19,4,1350 sqft,"$$ 2,697,000",2020-10-10,resale,99 yrs
TXN-00712,botanic  gardens  residences,D10,Cluny Park Road,38,13,13,4,123.6 sq.m,"S$ 2,006,000",22 Jan 2024, New Sale ,Freehold
TXN-01058,TOA PAYOH CENTRAL,d12,Lorong 6 Toa Payoh,14,20,12,3,"1,091 sqft","$$ 1,873,000",13/09/2022,Sub Sale,Freehold
TXN-01261,Bugis  Junction  Residences,D07,Victoria Street,69,#38-06,06,3,96.2 sq.m,1609000,2022-11-17, Resale ,Freehold
TXN-00361,Eunos  Ville,d14,Eunos Road 2,84,#03-14,14,3,98.6 sq m,"$2,215,000",2021-08-11,RESALE,99 yrs
TXN-01402,Yishun Emerald,D27,Yishun Avenue 2,13,21,06,4,"1,330 sq ft","S$ 2,024,000",2020-11-04,Resale,99 yrs
TXN-00839,Grange Road Residences,d09,Grange Road,76,35,13,1,46.5 sq m ,"S$ 1,243,000",2024-07-21,New Sale,Freehold
TXN-00902,UPPER THOMSON RESIDENCES,d26,Upper Thomson Road,38,10,03,2,74.3 sqm,1018000,30/06/2023,RESALE,99 yrs
TXN-01108,  Alexandra Central  ,D5,Alexandra Road,54,#17-01,01,2,775 sq ft, 1920000 ,2020-01-14,RESALE,Freehold
TXN-00624,ardmore  park,D10,Ardmore Park,14,6,20,2,750 sq ft,"S$ 1,448,000",2024-11-01,New Sale,Freehold
TXN-01480,Outram  Park  Residences, 3 ,Outram Road,62,#22-18,18,1,48.8 sq m ,"S$ 899,000",05/06/2024,NEW SALE,Freehold
TXN-01008,Buona Vista Court,D05,North Buona Vista Road,82,16,10,3,1061 sqft,"$$ 2,728,000",2025-08-31,new sale,Freehold
TXN-00892,BISHAN GREEN,D20,Bishan Street 22,4,25,02,2,775 sq ft, 1161000 ,26/05/2022,resale,99 yrs
TXN-01417,  Bugis Junction Residences  , 7 ,Victoria Street,85,10,11,3,96.2 sqm, 1685000 ,10 Nov 2024,sub sale,99 yrs
TXN-01424,One-North  Loft, 5 ,One-North Crescent,44,19,17,3,90.2 sq m,"$2,549,000",2023-04-06,new sale,Freehold
TXN-01378,Buona  Vista  Court,d05,North Buona Vista Road,15,21,15,3,98.6 sq m ,"$$ 2,260,000",2025-08-31, Resale ,Freehold
TXN-00317,cecil street tower,D1,Cecil Street,82,27,03,4,"1,375 sq ft","$3,255,000",2024-11-11,resale,Freehold
TXN-01217,HOLLAND VILLAGE LOFT, 10 ,Holland Road,8,29,14,2,830 sqft,2322000,22/05/2025,NEW SALE,Freehold
TXN-00556,toa payoh central, 12 ,Lorong 6 Toa Payoh,77,#27-15,15,1,580 sqft,"$$ 1,507,000",16/02/2024, Resale ,Freehold
TXN-01034,Newton Suites, 11 ,Newton Road,81,#08-05,05,3,96.2 sqm,"$$ 1,324,000",31/01/2025,Resale,99 yrs
TXN-00560,Bedok  Reservoir  Views,D16,Bedok Reservoir Road,25,25,12,3, ,"$$ 2,038,000",01 Nov 2023, Sub Sale ,99 yrs
TXN-00481,lavender  street  loft,d07,Lavender Street,84,11,14,3,1011 sqft,"$$ 1,332,000",13 May 2024,sub sale,Freehold
TXN-01055,  Geylang Quay  ,14,Geylang Road,46,26,05,1,44.6 sq m ,948000,25/04/2024,SUB SALE,Freehold
TXN-01169,beauty world residences,D21,Jalan Jurong Kechil,40,#21-20,20,3,971 sqft,"$$ 1,588,000",12 Aug 2021,SUB SALE,Freehold
TXN-00072,balestier point,D12,Balestier Road,36,#19-20,20,2,69.7 sq.m,"$$ 1,348,000",21 Sep 2024,Resale,99 yrs
TXN-01447,Alexandra  Central,D5,Alexandra Road,83,37,18,4,"1,330 sq.ft","$2,032,000",2023-07-25, New Sale ,99 yrs
TXN-01542,Cuscaden  Residences,9,Cuscaden Road,28,35,16,2,730 sq ft, 1154000 ,07 Jan 2023,new sale,99 yrs
TXN-01628,Newton Suites,D11,Newton Road,15,5,01,1,580 sqft, 1311000 ,2023-11-16,Sub Sale,Freehold
TXN-01722,PUNGGOL WATERFRONT,D19,Punggol Central,15,15,09,3,96.2 sqm, 1421000 ,29 Nov 2024,resale,99 yrs
TXN-01640,Sixth Avenue Suites,10,Sixth Avenue,34,19,12,2,69.7 sq m ,1176000,2023-03-28, Resale ,99 yrs
TXN-01022,leng  kee  court,D3,Leng Kee Road,71,28,16,3,93.9 sqm,"$$ 1,762,000",2023-12-16,SUB SALE,99 yrs
TXN-00075,Beauty  World  Residences,21,Jalan Jurong Kechil,35,24,15,3,98.6 sq m ,"$1,885,000",29/04/2022,RESALE,99 yrs
TXN-00337,  Cuscaden Residences  ,D9,Cuscaden Road,32,#11-03,03,1,44.6 sqm, 850000 ,12/04/2025, Sub Sale ,99 yrs
TXN-00461,Balmoral  Heights,d10,Balmoral Road,71,#15-02,02,3,1036 sq.ft,"$2,771,000",2022-10-04,new sale,99 yrs
TXN-01188,  Redhill Peak  ,d03,Redhill Close,85,38,17,3,101.4 sq m,2039000,07/03/2024,sub sale,Freehold
TXN-01654,admiralty  parkview,d25,Woodlands Drive 16,33,16,15,2,730 sq ft, 827000 ,27 Aug 2023, Sub Sale ,Freehold
TXN-01539,nassim park,D10,Nassim Road,61,3,13,2,730 sqft, 945000 ,22/06/2021,Resale,99 yrs
TXN-00891,Springleaf  Green, 26 ,Springleaf Avenue,2,#02-12,12,2,72.0 sq m,"$$ 1,145,000",16 Jan 2020,SUB SALE,99 yrs
TXN-01565,ADMIRALTY PARKVIEW,D25,Woodlands Drive 16,37,2,20,2,730 sqft,1605000,11 Jul 2022,sub sale,Freehold
TXN-01444,  River Valley Court  ,d09,River Valley Road,74,30,15,2,77.1 sqm,"$2,253,000",10 Jan 2025,new sale,Freehold
TXN-01462,leng  kee  court,D3,Leng Kee Road,9,#06-12,12,4,1430 sqft,"$2,577,000",2025-03-12,sub sale,Freehold
TXN-00854,scotts  tower,d09,Scotts Road,50,5,10,2,730 sqft, 843000 ,2021-03-14,new sale,Freehold
TXN-01502,toa payoh central,d12,Lorong 6 Toa Payoh,37,16,05,3,"1,061 sqft","$1,949,000",30 Mar 2024,NEW SALE,Freehold
TXN-01540,Maxwell Chambers Suites, 1 ,Maxwell Road,30,37,09,3,92.1 sqm,"S$ 2,102,000",2022-11-07,SUB SALE,Freehold
TXN-01049,TAMPINES GRANDE, 18 ,Tampines Avenue 1,19,14,03,4,1375 sq.ft,"$3,447,000",05/05/2020, New Sale ,Freehold
TXN-01294,Tampines  Grande,D18,Tampines Avenue 1,68,30,12,3,971 sqft,"$$ 1,457,000",2022-10-28,New Sale,Freehold
TXN-01081,Cecil  Street  Tower,1,Cecil Street,58,#35-11,11,3,101.4 sq.m,"$2,996,000",28 Mar 2025,New Sale,Freehold
TXN-00125,  Tanjong Pagar Place  ,d02,Tanjong Pagar Road,9,#35-04,04,2,830 sq ft,"$1,960,000",2023-07-05,Sub Sale,99 yrs
TXN-01591,Telok  Blangah  Ridge, 4 ,Telok Blangah Road,2,24,13,3,90.2 sq m,"$$ 2,295,000",02 Jun 2024,NEW SALE,Freehold
TXN-01066,newton suites,D11,Newton Road,19,10,04,4,"1,330 sq.ft","$1,615,000",14/01/2023, Sub Sale ,Freehold
TXN-00999,Marsiling Grove, 25 ,Marsiling Road,69,29,05,3,90.2 sq m ,"S$ 1,573,000",2022-11-19, Sub Sale ,Freehold
TXN-00504,  Stevens Suites  ,D10,Stevens Road,31,#08-09,09,3,991 sq ft,"$$ 2,742,000",14/07/2024, Resale ,99 yrs
TXN-01661,Toa Payoh Central,D12,Lorong 6 Toa Payoh,19,30,09,4,127.7 sq m ,"$2,442,000",2021-04-11, Resale ,Freehold
TXN-00096,Hillview Heights,d23,Hillview Avenue,71,17,15,4,1375 sqft, 2842000 ,08/04/2021,Sub Sale,99 yrs
TXN-00916,Farrer  Park  Residences,d08,Farrer Park Road,8,6,15,2,830 sq ft,"$$ 1,804,000",2023-01-06,resale,Freehold
TXN-00044,Bukit Timah Grove,D21,Upper Bukit Timah Road,56,24,11,1,550 sq.ft,"$$ 1,094,000",2024-09-18, Resale ,Freehold
TXN-01727,harbourfront  residences,4,Harbourfront Avenue,2,#13-14,14,2,750 sq.ft, 1554000 ,29 Sep 2023,resale,Freehold
TXN-01216,Bugis Junction Residences,D7,Victoria Street,78,#24-01,01,1,550 sq.ft,1464000,2025-03-28,NEW SALE,99 yrs
TXN-01535,botanic gardens residences,d10,Cluny Park Road,62,30,12,2,830 sq ft,"S$ 1,455,000",03 Jun 2023,new sale,Freehold
TXN-01551,PATERSON RESIDENCES,D9,Paterson Road,68,#05-07,07,3,90.2 sq m,"$1,656,000",14/03/2025,RESALE,Freehold
TXN-01704,  Sembawang Springs  , 27 ,Sembawang Road,5,14,02,2,77.1 sq m,"$$ 1,540,000",02/01/2023,sub sale,Freehold
TXN-00020,Nassim  Park, 10 ,Nassim Road,9,5,08,2,710 sq.ft,884000,09/08/2025,NEW SALE,99 yrs
TXN-00968,ANSON RESIDENCES,D2,Anson Road,3,#02-11,11,3,101.4 sq m ,"$$ 2,055,000",24 Jan 2024,SUB SALE,Freehold
TXN-01526,stevens suites,10,Stevens Road,2,7,03,4,1330 sqft,"S$ 3,584,000",08 Jul 2025,new sale,99 yrs
TXN-01399,West Coast Vale, 5 ,West Coast Vale,52,29,01,4,1430 sqft,"$$ 3,738,000",2024-01-04,sub sale,Freehold
TXN-00387,leng kee court,3,Leng Kee Road,34,22,09,1,46.5 sq m ,"$1,033,000",29/11/2024,NEW SALE,99 yrs
TXN-00029,novena heights, 11 ,Thomson Road,16,17,13,3,971 sqft,2410000,26/05/2025,resale,99 yrs
TXN-01699,  Pasir Ris Seaview  ,18,Pasir Ris Drive 1,62,#34-04,04,3,1061 sqft,"S$ 2,177,000",22 May 2024,Resale,Freehold
TXN-00003,  One-North Loft  ,D05,One-North Crescent,21,19,01,3,991 sq ft,"S$ 2,001,000",2024-06-23,new sale,99 yrs
TXN-01469,TELOK BLANGAH RIDGE,D04,Telok Blangah Road,26,#18-13,13,3,90.2 sq m , 1823000 ,2022-11-28,sub sale,99 yrs
TXN-01574,pasir ris seaview,d18,Pasir Ris Drive 1,16,#31-07,07,2,67.8 sq m,1196000,10 Jul 2025,SUB SALE,99 yrs
TXN-00223,Beauty  World  Residences,D21,Jalan Jurong Kechil,24,#27-04,04,3,1011 sq ft,"$1,291,000",2025-05-03,NEW SALE,99 yrs
TXN-00274,LAVENDER STREET LOFT,D07,Lavender Street,74,20,16,2,775 sqft,"$$ 1,359,000",25 Mar 2025,new sale,Freehold
TXN-01085,tampines grande, 18 ,Tampines Avenue 1,57,32,09,3,96.2 sq m ,"S$ 1,687,000",12/03/2024,Resale,Freehold
TXN-01370,  MacPherson Park  , 13 ,MacPherson Road,69,37,18,3,971 sq ft,"S$ 1,607,000",24/07/2025, Resale ,Freehold
TXN-01691,LAVENDER STREET LOFT,d07,Lavender Street,39,#30-09,09,4,130.1 sqm,"$2,178,000",2025-08-07,resale,99 yrs
TXN-01553,clementi  park  residences,D5,Clementi Avenue 2,81,11,15,2,775 sqft,"$2,083,000",22/03/2023,SUB SALE,Freehold
TXN-00825,MacPherson Park,d13,MacPherson Road,54,14,15,4,123.6 sq.m,"$1,797,000",2025-01-02,resale,Freehold
TXN-00630,springleaf green,D26,Springleaf Avenue,18,#13-16,16,3,98.6 sq.m, 1625000 ,16/07/2022, New Sale ,Freehold
TXN-00840,Beauty  World  Residences,D21,Jalan Jurong Kechil,19,28,06,3,101.4 sq.m, 2293000 ,2024-09-05,Sub Sale,Freehold
TXN-00130,KIM SENG PLAZA,D09,Kim Seng Road,55,8,11,3,1036 sqft,2687000,2022-05-11, New Sale ,99 yrs
TXN-00941,paterson  residences,D9,Paterson Road,41,#10-09,09,3,101.4 sq m,1934000,2024-01-21,sub sale,Freehold
TXN-00740,Tion  Bahru  Loft,d03,Tiong Bahru Road,65,33,16,2,69.7 sq m ,"S$ 2,141,000",25 Jun 2022,SUB SALE,99 yrs
TXN-01325,  Hillview Heights  ,23,Hillview Avenue,60,35,04,2,730 sq.ft,1398000,2025-03-30,SUB SALE,99 yrs
TXN-01170,balmoral  heights,d10,Balmoral Road,18,14,09,2, ,"S$ 2,218,000",13 Apr 2023, New Sale ,Freehold
TXN-01698,punggol  waterfront, 19 ,Punggol Central,35,17,03,2,66.0 sq m ,"$$ 785,000",30 Jan 2025,new sale,Freehold
TXN-00441,one-north loft,5,One-North Crescent,28,#24-08,08,3,"1,036 sqft","S$ 1,334,000",18 Jun 2024, New Sale ,Freehold
TXN-01125,BEAUTY WORLD RESIDENCES, 21 ,Jalan Jurong Kechil,14,22,20,3,n/a,"$1,807,000",2024-08-07,RESALE,Freehold
TXN-00417,toa payoh central, 12 ,Lorong 6 Toa Payoh,83,5,01,4,"1,400 sq ft","$3,297,000",2025-05-10,NEW SALE,Freehold
TXN-01728,kembangan  court,d14,Sims Avenue East,36,30,07,2,77.1 sq m,1294000,04 Sep 2025,new sale,Freehold
TXN-01473,Paterson  Residences,9,Paterson Road,65,30,06,2,800 sq.ft,"S$ 1,170,000",16 Aug 2021,Resale,99 yrs
TXN-00739,Holland Village Loft,D10,Holland Road,39,22,05,2,775 sq.ft,1812000,19/02/2024,resale,Freehold
TXN-00882,EUNOS VILLE,D14,Eunos Road 2,67,#03-15,15,3,"1,091 sq ft","S$ 2,949,000",09/04/2023,Resale,99 yrs
TXN-01109,keppel bay view, 4 ,Keppel Bay Drive,22,22,11,4,1430 sq ft,"$3,901,000",2025-04-21,resale,Freehold
TXN-00304,Eunos  Ville,D14,Eunos Road 2,3,8,15,3,90.2 sq m ,1159000,22 Mar 2021,NEW SALE,Freehold
TXN-00040,tampines  grande,18,Tampines Avenue 1,86,23,14,3,971 sqft,"$$ 1,424,000",27 Jul 2025,RESALE,Freehold
TXN-01159,Keppel  Bay  View,D04,Keppel Bay Drive,35,32,04,4,132.9 sq m,"$3,890,000",2024-11-23,RESALE,99 yrs
TXN-00844,tanjong  pagar  place,2,Tanjong Pagar Road,1,#13-16,16,2,750 sq.ft, 1456000 ,28/06/2021, Resale ,99 yrs
TXN-01243,  Maxwell Chambers Suites  , 1 ,Maxwell Road,75,35,17,2,66.0 sq m, ,06 Aug 2024,New Sale,Freehold
TXN-01364,Raffles  Place  Tower,d01,Raffles Place,78,10,05,2,77.1 sq m ,"$$ 2,614,000",2022-07-16, New Sale ,99 yrs
TXN-00838,bishan green,D20,Bishan Street 22,12,28,03,3,"1,036 sq.ft","S$ 2,897,000",2020-03-07,new sale,99 yrs
TXN-01259,LITTLE INDIA LOFTS, 8 ,Serangoon Road,53,34,07,1,500 sqft,"$824,000",14/06/2020,New Sale,Freehold
TXN-00124,BEDOK RESERVOIR VIEWS,D16,Bedok Reservoir Road,31,#02-12,12,3,971 sq.ft,"$1,329,000",09/01/2024, Resale ,Freehold
TXN-01200,  Marsiling Grove  ,d25,Marsiling Road,61,9,19,3,971 sqft,2154000,09/03/2025,sub sale,99 yrs
TXN-01171,clementi park residences,D5,Clementi Avenue 2,24,31,18,2,800 sqft,1909000,12/08/2023,resale,99 yrs
TXN-00990,east coast parkview,D15,Marine Parade Road,13,32,09,3,,2411000,2025-02-16, New Sale ,Freehold
TXN-00832,sentosa  cove  villas, 4 ,Ocean Drive,50,36,11,2,66.0 sq m ,"S$ 1,118,000",09/07/2025,resale,Freehold
TXN-00340,  Balmoral Heights  , 10 ,Balmoral Road,9,6,01,3,93.9 sq.m,2794000,27 Nov 2022, New Sale ,99 yrs
TXN-01547,chin swee heights, 3 ,Chin Swee Road,66,#03-11,11,3,1061 sqft,"$2,612,000",2025-04-09,Resale,Freehold
TXN-00335,jurong  lake  district,D22,Yuan Ching Road,22,11,04,4,"1,400 sqft","S$ 1,852,000",2023-06-10,New Sale,99 yrs
TXN-01128,Upper Thomson Residences,d26,Upper Thomson Road,2,#02-11,11,2,750 sq ft,"S$ 1,012,000",2024-04-19, New Sale ,Freehold
TXN-00064,RIVER VALLEY COURT,d09,River Valley Road,80,#14-01,01,4,"1,310 sq.ft","$2,104,000",2021-03-06, New Sale ,99 yrs
TXN-01697,Beauty World Residences,D21,Jalan Jurong Kechil,37,25,04,2,830 sq ft,"S$ 1,191,000",05/10/2022,Sub Sale,99 yrs
TXN-01137,  Geylang Quay  ,14,Geylang Road,1,25,18,2,66.0 sqm,"S$ 1,059,000",11 Aug 2025,resale,Freehold
TXN-01579,grange road residences,d09,Grange Road,56,#04-19,19,4,"1,310 sq.ft", 3185000 ,25/12/2024, New Sale ,99 yrs
TXN-01490,Choa  Chu  Kang  Residences,D23,Choa Chu Kang Avenue 3,37,#18-13,13,3,93.9 sq m ,1458000,25 May 2024,SUB SALE,Freehold
TXN-01331,  Telok Blangah Ridge  ,D04,Telok Blangah Road,70,#20-01,01,3,93.9 sq m, ,2022-05-31,New Sale,Freehold
TXN-01538,Springleaf  Green,D26,Springleaf Avenue,2,27,12,4,"1,430 sq ft","S$ 2,009,000",05/12/2023,Resale,99 yrs
TXN-00178,kallang  riverside,d07,Kallang Avenue,58,20,10,1,460 sqft,815000,06/08/2024,resale,Freehold
TXN-00322,HOLLAND VILLAGE LOFT,10,Holland Road,34,35,03,2,,"S$ 1,284,000",22/10/2024, Sub Sale ,99 yrs
TXN-00195,  Hillview Heights  ,23,Hillview Avenue,19,23,20,3,"1,036 sq.ft","$$ 1,572,000",13 Jun 2022,sub sale,Freehold
TXN-00685,Orchard Heritage,9,Orchard Boulevard,2,7,18,3,"1,036 sqft","S$ 1,649,000",27/07/2024,RESALE,99 yrs
TXN-00354,GEYLANG QUAY,D14,Geylang Road,40,13,13,3,1061 sqft,"$2,937,000",2025-03-17,RESALE,99 yrs
TXN-00497,alexandra  central,D5,Alexandra Road,46,#17-20,20,2,730 sqft,1106000,24 Feb 2021,RESALE,99 yrs
TXN-00698,  Outram Park Residences  ,D03,Outram Road,57,35,18,3,"1,091 sqft",3193000,18/10/2023, Resale ,Freehold
TXN-00302,outram  park  residences, 3 ,Outram Road,82,7,15,2,74.3 sq m,1204000,2024-07-02,Resale,Freehold
TXN-01296,ADMIRALTY PARKVIEW,25,Woodlands Drive 16,81,18,09,1,580 sqft,1474000,19 Oct 2020,Resale,Freehold
TXN-00248,pasir  panjang  residences, 5 ,Pasir Panjang Road,66,#18-12,12,3,"1,011 sq.ft","$1,750,000",30/04/2025,RESALE,Freehold
TXN-01696,Leng  Kee  Court,D3,Leng Kee Road,85,18,06,1,42.7 sq.m,"$$ 812,000",2022-05-12, New Sale ,99 yrs
TXN-01629,Harbourfront Residences, 4 ,Harbourfront Avenue,78,#16-20,20,3,n/a,"$1,954,000",2024-05-16,Sub Sale,Freehold
TXN-01148,  Balestier Point  ,d12,Balestier Road,43,29,17,2,775 sq.ft,"$1,649,000",19/05/2020,new sale,99 yrs
TXN-00961,Choa  Chu  Kang  Residences,D23,Choa Chu Kang Avenue 3,34,13,07,2,710 sq ft,"$1,871,000",12 Aug 2025, New Sale ,Freehold
TXN-00116,alexandra central,d05,Alexandra Road,87,25,04,3,"1,036 sq ft","$2,884,000",2022-01-13,Sub Sale,Freehold
TXN-00010,balestier  point, 12 ,Balestier Road,34,#31-05,05,3,96.2 sqm,1979000,15/10/2021, Sub Sale ,Freehold
TXN-00939,Farrer Park Residences, 8 ,Farrer Park Road,31,9,10,1,-,"$$ 1,460,000",2025-07-13,RESALE,99 yrs
TXN-01015,The Orchid Residences,D19,Hougang Avenue 2,40,#27-07,07,3,101.4 sqm,"S$ 2,470,000",03 Sep 2025, Sub Sale ,99 yrs
TXN-01491,Serangoon  Gardens,19,Serangoon Garden Way,72,14,03,4,"1,310 sqft","$2,499,000",21/02/2025,resale,99 yrs
TXN-01718,Maxwell Chambers Suites,D1,Maxwell Road,79,#29-07,07,3,991 sq ft,"S$ 1,606,000",2024-04-08,SUB SALE,Freehold
TXN-01382,kallang  riverside,d07,Kallang Avenue,21,27,06,2,730 sq ft,"$1,948,000",21 Mar 2024,new sale,Freehold
TXN-01146,bishan  green,d20,Bishan Street 22,3,9,08,3,90.2 sq.m,2549000,17 Feb 2025,new sale,99 yrs
TXN-00599,Keppel  Bay  View, 4 ,Keppel Bay Drive,79,33,06,3,101.4 sq.m,"$$ 2,748,000",29/05/2022,resale,99 yrs
TXN-00989,BUONA VISTA COURT,D5,North Buona Vista Road,16,25,01,3,"1,091 sqft","S$ 2,194,000",04/03/2021, New Sale ,99 yrs
TXN-01371,Botanic Gardens Residences,D10,Cluny Park Road,84,#18-06,06,3,92.1 sq.m,1587000,2025-02-28,sub sale,Freehold
TXN-01478,West  Coast  Vale, 5 ,West Coast Vale,51,36,17,3,"1,061 sq ft","$$ 2,693,000",14 Jun 2025,resale,Freehold
TXN-01018,west  coast  vale,D05,West Coast Vale,1,9,16,3,92.1 sq m,1924000,03/12/2021,NEW SALE,99 yrs
TXN-00494,novena heights, 11 ,Thomson Road,41,16,08,3,101.4 sqm,"S$ 2,962,000",30/06/2023,Sub Sale,99 yrs
TXN-00379,Jurong Lake District,D22,Yuan Ching Road,25,3,06,4,1400 sq ft,"$3,170,000",2025-02-21,resale,99 yrs
TXN-01455,HOLLAND VILLAGE LOFT,D10,Holland Road,29,16,08,3,991 sqft,"$$ 2,500,000",21/04/2023,resale,99 yrs
