transaction_id,project_name,district,street,block,floor,unit,bedrooms,area,price,sale_date,sale_type,tenure
T1266,Parc Meridian,D19,Hougang Ave 8,25B,12,12,3,93.5 sq m,"2,082,000",14/01/2024,Resale,99 yrs
T1172,Lakeshore Grand,D22,Lakeside Drive,21B,#21-06,6,3,1011 sqft,"$1,474,000",2020-01-08,resale,99 yrs
T2762,Westwood Gardens,D22,Westwood Ave,56B,23,10,2,800 sqft,1349000,22/01/2025,Resale,99 yrs
T1242,Parc Meridian,D19,Hougang Ave 8,23A,30,6,4,120.6 sqm,2879000,16/11/2023,Resale,99 yrs
T1252,Parc Meridian,D19,Hougang Ave 8,59B,23,1,4,1289 sqft,2823000,2024-02-16,Resale,99 yrs
T1085,Lakeshore Grand,D22,Lakeside Drive,21B,30,2,4,1453 sqft,2264000,2021-03-24,new sale,99 yrs
T1489,The Orchid Residences,D10,Orchard Boulevard,52A,25,3,1,577 sqft,"1,806,000",07/10/2020,Resale,Freehold
T1770,Marina Vue,D01,Marina Way,86B,18,6,4,1453 sqft,3372000,2020-05-05,Resale,99 yrs
T2234,SENGKANG TERRACE,D19,Compassvale Bow,86A,29,10,3,1087 sqft,1632000,07 Jan 2021,Resale,99 yrs
T1738,Marina Vue,D01,Marina Way,20,14,9,4,1450 sqft,4373000,2025-12-17,Resale,99 yrs
T2430,Pasir View Residences,D18,Pasir Ris Drive 3,58,2,1,3,977 sqft,1517000,2021-10-27,Sub Sale,99 yrs
T2320,SENGKANG TERRACE,19,Compassvale Bow,86A,10,12,2,63.8 sqm,"$1,296,000",2024-06-15,Resale,99 yrs
T1509,The Orchid Residences,D10,Orchard Boulevard,74B,#22-02,2,2,72.2 sqm,"$2,112,000",2022-01-06,SUB SALE,Freehold
T2513,Pasir View Residences,18,Pasir Ris Drive 3,90B,9,6,1,567 sqft,936000,20/03/2022,New Sale,99 yrs
T1479,The Orchid Residences,D10,Orchard Boulevard,52A,7,1,1,520 sqft,"$1,322,000",03/03/2020,Resale,Freehold
T1867,BUKIT VERDE,23,Bukit Batok West Ave 5,49A,#03-04,4,2,,"$1,070,000",28 Aug 2022,Resale,99 yrs
T1655,Riverbend Suites,D05,West Coast Crescent,53,7,9,1,47.5 sq m,1008000,10/10/2020,Resale,99 yrs
T2759,WESTWOOD GARDENS,D22,Westwood Ave,56B,27,6,3,92.6 sqm,1803000,2023-12-23,Resale,99 yrs
T2690,Queens Parkview,D03,Queensway,88,26,9,2,783 sqft,2029000,2025-01-05,Resale,99 yrs
T2820,Westwood Gardens,D22,Westwood Ave,54B,#28-06,6,3,1002 sqft,"S$ 1,868,000",2025-07-23,Resale,99 yrs
T2582,Pasir View Residences,D18,Pasir Ris Drive 3,58,30,5,4,1418 sqft,"$2,232,000",2021-02-02,RESALE,99 yrs
T1126,Lakeshore Grand,D22,Lakeside Drive,21B,#20-05,5,2,792 sq ft,1581000,27/06/2024,Resale,99 yrs
T2290,SENGKANG TERRACE,D19,Compassvale Bow,78A,7,5,3,100.0 sq m,1573000,20/08/2020,Resale,99 yrs
T2420,Holland Crest,D10,Holland Road,87A,29,5,2,660 sqft,2231000,30 Nov 2022,resale,Freehold
T1927,Bukit Verde,D23,Bukit Batok West Ave 5,80B,20,5,2,800 sqft,1686000,22/05/2025,Sub Sale,99 yrs
T2001,Bukit Verde,D23,Bukit Batok West Ave 5,49A,10,6,2,683 sqft,1215000,2024-02-13,Resale,99 yrs
T2638,Queens Parkview,D03,Queensway,24B,18,10,1,555 sqft,"$1,232,000",14 Apr 2021,RESALE,99 yrs
T1682,RIVERBEND SUITES,D05,West Coast Crescent,53,27,1,1,564 sqft,"S$ 1,291,000",2023-09-08,Resale,99 yrs
T2624,Queens Parkview,D03,Queensway,88,26,3,4,1309 sqft,2998000,2021-06-03,RESALE,99 yrs
T1306,PARC MERIDIAN,D19,Hougang Ave 8,25B,5,9,1,487 sqft,874000,2023-05-27,RESALE,99 yrs
T2190,Sengkang Terrace,D19,Compassvale Bow,78A,7,11,3,90.8 sq m,1672000,2023-01-30,Sub Sale,99 yrs
T2531,Pasir View Residences,D18,Pasir Ris Drive 3,90B,#25-11,11,2,707 sqft,1107000,07/09/2020,Sub Sale,99 yrs
T2491,Pasir View Residences,D18,Pasir Ris Drive 3,66,19,3,1,518 sqft,1157000,2025-12-28,resale,99 yrs
T1241,Parc Meridian,D19,Hougang Ave 8,23A,26,5,3,969 sq ft,"$1,817,000",25/11/2021,Resale,99 yrs
T1519,The Orchid Residences,D10,Orchard Boulevard,29B,23,6,2,664 sqft,2204000,2025-11-06,Sub Sale,Freehold
T2545,PASIR VIEW RESIDENCES,D18,Pasir Ris Drive 3,58,#02-06,6,4,133.7 sq m,2300000,2022-07-12,Resale,99 yrs
T1978,Bukit Verde,D23,Bukit Batok West Ave 5,80B,29,10,2,72.4 sqm,"$1,394,000",2023-02-11,Resale,99 yrs
T2351,Holland Crest,10,Holland Road,87A,28,7,3,"1,095 sq ft","S$ 3,491,000",24 Jan 2023,resale,Freehold
T1685,Riverbend Suites,D05,West Coast Crescent,54,9,1,1,47.1 sqm,"$1,137,000",2025-05-19,RESALE,99 yrs
T1547,Riverbend Suites,5,West Coast Crescent,16B,24,7,2,61.6 sqm,1371000,10/06/2021,Resale,99 yrs
T2651,Queens Parkview,D03,Queensway,24B,11,4,1,531 sqft,1068000,2020-03-01,NEW SALE,99 yrs
T1524,Riverbend Suites,D05,West Coast Crescent,54,6,2,4,1408 sqft,3381000,05/12/2025,Resale,99 yrs
T2495,Pasir View Residences,D18,Pasir Ris Drive 3,58,25,4,2,676 sq ft,"$1,107,000",2023-07-23,new sale,99 yrs
T2210,Sengkang Terrace,D19,Compassvale Bow,53A,18,7,4,,2860000,2025-08-11,Resale,99 yrs
T1935,Bukit Verde,D23,Bukit Batok West Ave 5,26B,16,9,2,736 sqft,1303000,2022-09-19,resale,99 yrs
T1508,The Orchid Residences,D10,Orchard Boulevard,29B,20,6,3,1091 sqft,3024000,2021-01-24,Resale,Freehold
T1762,Marina Vue,D01,Marina Way,20,25,8,2,68.3 sqm,2076000,21 Sep 2024,Resale,99 yrs
T2022,Tanjong Heights,D15,Tanjong Katong Road,49B,#14-11,11,4,138.7 sqm,3141000,03/06/2020,Resale,Freehold
T2289,Sengkang Terrace,D19,Compassvale Bow,78A,27,8,3,105.2 sq m,"$2,068,000",09 Apr 2023,New Sale,99 yrs
T1070,LAKESHORE GRAND,D22,Lakeside Drive,61A,17,10,3,926 sq ft,1448000,2021-04-11,Resale,99 yrs
T2675,QUEENS PARKVIEW,D03,Queensway,24B,12,2,4,1449 sqft,3896000,21/05/2024,New Sale,99 yrs
T2202,Sengkang Terrace,D19,Compassvale Bow,86A,#26-06,6,1,521 sqft,"814,000",2021-03-24,RESALE,99 yrs
T2549,Pasir View Residences,D18,Pasir Ris Drive 3,90B,8,7,2,,1608000,29/05/2026,New Sale,99 yrs
T2470,Pasir View Residences,18,Pasir Ris Drive 3,58,13,1,3,102.0 sqm,"$1,700,000",2022-02-05,Resale,99 yrs
T2724,Queens Parkview,3,Queensway,88,28,9,3,1102 sqft,"$2,983,000",26/04/2024,RESALE,99 yrs
T2381,Holland Crest,D10,Holland Road,87A,#17-01,1,1,564 sqft,1849000,10/04/2022,new sale,Freehold
T1945,Bukit Verde,23,Bukit Batok West Ave 5,26B,2,10,4,"1,398 sq ft","$1,950,000",2021-01-31,new sale,99 yrs
T2370,holland crest,D10,Holland Road,28,#18-07,7,3,983 sq ft,2793000,10/02/2023,New Sale,Freehold
T2616,Queens Parkview,3,Queensway,88,6,1,2,756 sqft,1910000,03 Jun 2024,Resale,99 yrs
T1819,Bukit Verde,D23,Bukit Batok West Ave 5,80B,18,2,2,747 sqft,"S$ 1,510,000",02 May 2025,Resale,99 yrs
T1888,Bukit Verde,D23,Bukit Batok West Ave 5,49A,15,11,3,954 sqft,1707000,2024-10-17,resale,99 yrs
T1151,Lakeshore Grand,D22,Lakeside Drive,61A,9,1,4,1460 sqft,"S$ 2,422,000",15/03/2023,resale,99 yrs
T2489,Pasir View Residences,18,Pasir Ris Drive 3,90B,11,1,2,789 sqft,"1,381,000",16/03/2022,Sub Sale,99 yrs
T2241,Sengkang Terrace,D19,Compassvale Bow,86A,8,9,1,511 sqft,6960000,2020-03-09,Resale,99 yrs
T2308,Sengkang Terrace,D19,Compassvale Bow,78A,26,9,2,789 sqft,"$1,544,000",27 Feb 2024,new sale,99 yrs
T2331,Sengkang Terrace,D19,Compassvale Bow,86A,16,1,2,725 sqft,1435000,08/12/2025,Sub Sale,99 yrs
T2096,Tanjong Heights,D15,Tanjong Katong Road,65A,25,1,2,797 sqft,2331000,2026-02-12,RESALE,Freehold
T1658,Riverbend Suites,D05,West Coast Crescent,53,26,12,2,735 sq ft,"1,593,000",2023-12-18,new sale,99 yrs
T2227,Sengkang Terrace,D19,Compassvale Bow,53A,6,4,2,61.6 sqm,1244000,10/04/2025,Resale,99 yrs
T2763,Westwood Gardens,D22,Westwood Ave,54B,2,2,1,45.6 sqm,"$786,000",2024-09-01,SUB SALE,99 yrs
T1141,Lakeshore Grand,22,Lakeside Drive,31A,7,4,2,71.9 sqm,"$1,210,000",2022-03-22,Resale,99 yrs
T1572,Riverbend Suites,5,West Coast Crescent,16B,29,9,2,716 sqft,"$2,003,000",20/04/2026,Resale,99 yrs
T1058,lakeshore grand,D22,Lakeside Drive,61A,#30-12,12,2,796 sqft,"1,620,000",16/03/2024,RESALE,99 yrs
T1599,Riverbend Suites,D05,West Coast Crescent,54,29,7,4,1498 sqft,"$4,055,000",2026-07-13,Resale,99 yrs
T1801,Bukit Verde,D23,Bukit Batok West Ave 5,26B,28,8,3,954 sqft,"$1,562,000",2022-05-08,New Sale,99 yrs
T1450,the orchid residences,D10,Orchard Boulevard,52A,#19-12,12,3,942 sqft,2539000,2022-01-22,Resale,Freehold
T2268,Sengkang Terrace,19,Compassvale Bow,78A,#05-04,4,3,937 sq ft,1728000,07/06/2024,Resale,99 yrs
T1148,Lakeshore Grand,22,Lakeside Drive,61A,#21-05,5,2,675 sqft,"S$ 1,134,000",2021-09-12,Resale,99 yrs
T2595,Pasir View Residences,D18,Pasir Ris Drive 3,66,#14-11,11,1,500 sq ft,830000,06 Aug 2022,New Sale,99 yrs
T1672,Riverbend Suites,D05,West Coast Crescent,16B,14,4,4,120.9 sqm,"S$ 2,493,000",2021-03-21,Resale,99 yrs
T1473,the orchid residences,10,Orchard Boulevard,52A,12,12,2,791 sqft,2352000,09/02/2023,Resale,Freehold
T2402,Holland Crest,D10,Holland Road,48,11,3,1,519 sqft,"$1,815,000",13 May 2025,Sub Sale,Freehold
T2543,Pasir View Residences,D18,Pasir Ris Drive 3,90B,28,8,3,98.7 sq m,"S$ 2,334,000",2025-08-02,New Sale,99 yrs
T2533,Pasir View Residences,D18,Pasir Ris Drive 3,66,18,4,3,1065 sqft,1943000,2022-02-13,Sub Sale,99 yrs
T1914,Bukit Verde,D23,Bukit Batok West Ave 5,49A,#04-03,3,2,62.4 sqm,1089000,11 Jun 2022,New Sale,99 yrs
T1122,Lakeshore Grand,D22,Lakeside Drive,21B,26,10,2,70.2 sq m,"$1,804,000",2026-07-18,Resale,99 yrs
T1118,Lakeshore Grand,D22,Lakeside Drive,21B,27,1,2,74.0 sqm,1367000,2022-05-20,Resale,99 yrs
T2187,Sengkang Terrace,D19,Compassvale Bow,78A,18,1,3,88.7 sqm,1820000,11 May 2024,New Sale,99 yrs
T1631,Riverbend Suites,D05,West Coast Crescent,53,25,1,3,1054 sqft,1743000,2020-08-25,Resale,99 yrs
T2723,Queens Parkview,D03,Queensway,24B,20,2,3,905 sqft,"$2,062,000",2022-11-17,Resale,99 yrs
T1273,Parc Meridian,D19,Hougang Ave 8,23A,17,10,4,1354 sqft,"$2,368,000",01/10/2021,Sub Sale,99 yrs
T2596,pasir view residences,D18,Pasir Ris Drive 3,58,26,10,3,1123 sqft,1982000,2022-09-17,Resale,99 yrs
T1725,Marina Vue,D01,Marina Way,81B,19,2,2,737 sqft,"$1,712,000",2020-01-17,Resale,99 yrs
T2052,Tanjong Heights,D15,Tanjong Katong Road,49B,26,3,4,120.5 sqm,"$3,945,000",2026-06-21,Resale,Freehold
T2361,Holland Crest,D10,Holland Road,48,11,12,4,1319 sqft,3780000,2021-11-01,New Sale,Freehold
T2555,Pasir View Residences,D18,Pasir Ris Drive 3,66,27,8,3,1124 sqft,2055000,15/04/2024,resale,99 yrs
T1482,The Orchid Residences,D10,Orchard Boulevard,29B,5,5,2,65.3 sq m,1893000,12/11/2020,Resale,Freehold
T1923,Bukit Verde,D23,Bukit Batok West Ave 5,26B,27,12,4,1357 sqft,"$1,992,000",14/08/2020,Sub Sale,99 yrs
T2006,Bukit Verde,D23,Bukit Batok West Ave 5,80B,#07-08,8,4,1374 sqft,1937000,2021-07-23,Resale,99 yrs
T2245,SENGKANG TERRACE,D19,Compassvale Bow,86A,21,10,4,"1,412 sq ft","$2,525,000",26/10/2022,RESALE,99 yrs
T1659,Riverbend Suites,D05,West Coast Crescent,16B,27,6,3,89.1 sq m,1861000,2020-10-01,Resale,99 yrs
T2557,pasir view residences,D18,Pasir Ris Drive 3,66,6,1,2,797 sqft,"1,315,000",2022-06-09,Sub Sale,99 yrs
T1179,Lakeshore Grand,D22,Lakeside Drive,61A,25,4,1,578 sqft,990000,2022-05-04,RESALE,99 yrs
T1580,Riverbend Suites,D05,West Coast Crescent,53,#28-08,8,3,985 sqft,"2,625,000",06/01/2025,resale,99 yrs
T1373,Parc Meridian,D19,Hougang Ave 8,25B,15,10,3,911 sqft,"$1,906,000",2024-08-07,Resale,99 yrs
T1698,Marina Vue,D01,Marina Way,20,5,12,3,912 sqft,2276000,2022-05-31,Resale,99 yrs
T2524,Pasir View Residences,D18,Pasir Ris Drive 3,58,30,11,2,62.6 sq m,981000,16/06/2020,Resale,99 yrs
T1037,Lakeshore Grand,D22,Lakeside Drive,31A,8,2,1,535 sq ft,"$956,000",2024-09-02,Resale,99 yrs
T2238,Sengkang Terrace,D19,Compassvale Bow,78A,5,5,2,724 sqft,1009000,2022-01-06,RESALE,99 yrs
T1415,The Orchid Residences,D10,Orchard Boulevard,74B,#26-05,5,3,87.4 sqm,3296000,14/07/2026,Resale,Freehold
T1719,Marina Vue,D01,Marina Way,20,20,5,1,509 sqft,"$1,436,000",2021-11-02,Resale,99 yrs
T1221,Parc Meridian,D19,Hougang Ave 8,59B,7,2,2,655 sqft,1026000,07/11/2020,Resale,99 yrs
T2427,Holland Crest,D10,Holland Road,87A,13,10,4,122.9 sq m,3756000,01 Apr 2020,New Sale,Freehold
T1074,Lakeshore Grand,22,Lakeside Drive,61A,10,6,2,651 sqft,"1,036,000",2021-12-17,Resale,99 yrs
T2837,WESTWOOD GARDENS,D22,Westwood Ave,56B,5,2,3,1048 sqft,"1,622,000",28 Jul 2025,resale,99 yrs
T1540,Riverbend Suites,5,West Coast Crescent,53,12,9,1,510 sq ft,"$1,174,000",02/03/2023,Resale,99 yrs
T1794,Bukit Verde,D23,Bukit Batok West Ave 5,49A,10,10,3,1066 sqft,"$2,049,000",27 May 2025,Resale,99 yrs
T2375,Holland Crest,D10,Holland Road,87A,#02-10,10,2,70.0 sq m,2092000,2020-05-29,Resale,Freehold
T1218,Parc Meridian,D19,Hougang Ave 8,23A,24,2,3,1005 sqft,1893000,2023-07-25,Resale,99 yrs
T2062,TANJONG HEIGHTS,D15,Tanjong Katong Road,4A,27,3,3,84.4 sq m,2044000,2020-11-04,New Sale,Freehold
T1440,The Orchid Residences,D10,Orchard Boulevard,52A,13,11,2,62.7 sqm,2317000,10 Nov 2025,Resale,Freehold
T2478,Pasir View Residences,D18,Pasir Ris Drive 3,66,30,8,3,904 sqft,1944000,13/03/2025,resale,99 yrs
T2775,Westwood Gardens,D22,Westwood Ave,33A,28,5,2,,"1,213,000",18/01/2026,Resale,99 yrs
T1449,THE ORCHID RESIDENCES,D10,Orchard Boulevard,52A,14,5,2,745 sqft,"$1,929,000",2021-02-01,Resale,Freehold
T2177,Sengkang Terrace,D19,Compassvale Bow,78A,20,8,2,746 sqft,"1,032,000",2020-07-07,Resale,99 yrs
T1950,BUKIT VERDE,23,Bukit Batok West Ave 5,80B,4,2,3,"1,065 sq ft",1926000,2024-06-14,RESALE,99 yrs
T2223,Sengkang Terrace,D19,Compassvale Bow,86A,17,5,3,930 sq ft,2036000,2026-05-08,New Sale,99 yrs
T1448,the orchid residences,10,Orchard Boulevard,29B,#09-06,6,2,651 sqft,"$2,079,000",2024-08-16,New Sale,Freehold
T1735,MARINA VUE,D01,Marina Way,86B,8,12,2,61.6 sqm,1797000,10/11/2022,RESALE,99 yrs
T2606,Pasir View Residences,D18,Pasir Ris Drive 3,66,6,2,4,1383 sqft,2091000,2022-03-23,New Sale,99 yrs
T2394,Holland Crest,D10,Holland Road,87A,28,5,2,68.6 sq m,"$2,828,000",2025-06-21,New Sale,Freehold
T1108,Lakeshore Grand,D22,Lakeside Drive,31A,10,2,4,131.6 sqm,1958000,2020-09-19,RESALE,99 yrs
T1127,LAKESHORE GRAND,D22,Lakeside Drive,61A,9,2,3,975 sqft,"$1,927,000",2024-12-14,Resale,99 yrs
T2475,Pasir View Residences,D18,Pasir Ris Drive 3,58,12,6,2,70.7 sqm,"$1,192,000",2021-08-18,Resale,99 yrs
T1829,Bukit Verde,D23,Bukit Batok West Ave 5,80B,30,2,1,491 sqft,"$958,000",2025-08-11,New Sale,99 yrs
T2148,TANJONG HEIGHTS,D15,Tanjong Katong Road,49B,29,8,3,1135 sqft,2557000,2020-01-25,RESALE,Freehold
T2181,Sengkang Terrace,D19,Compassvale Bow,53A,3,8,4,137.0 sqm,2328000,2021-10-06,Resale,99 yrs
T2729,Queens Parkview,D03,Queensway,24B,3,8,2,64.0 sqm,"$1,783,000",2025-08-30,Resale,99 yrs
T1671,Riverbend Suites,D05,West Coast Crescent,54,17,6,4,"1,407 sq ft",3593000,02/03/2025,RESALE,99 yrs
T2500,Pasir View Residences,D18,Pasir Ris Drive 3,90B,28,11,2,731 sqft,"$1,586,000",2024-11-23,resale,99 yrs
T1365,Parc Meridian,D19,Hougang Ave 8,23A,20,5,4,1290 sqft,2479000,07 Apr 2023,New Sale,99 yrs
T1818,Bukit Verde,D23,Bukit Batok West Ave 5,26B,15,5,3,"1,019 sq ft","$2,022,000",22/09/2024,Resale,99 yrs
T2311,Sengkang Terrace,D19,Compassvale Bow,86A,#11-04,4,2,660 sqft,1063000,2020-02-05,Sub Sale,99 yrs
T1324,Parc Meridian,D19,Hougang Ave 8,25B,23,9,3,912 sqft,1565000,2021-04-15,Resale,99 yrs
T2521,Pasir View Residences,D18,Pasir Ris Drive 3,66,18,8,1,528 sqft,799000,27/03/2021,New Sale,99 yrs
T1418,the orchid residences,D10,Orchard Boulevard,52A,22,2,3,1030 sqft,"2,892,000",07/06/2020,Resale,Freehold
T2660,Queens Parkview,D03,Queensway,88,#12-07,7,2,675 sqft,"1,694,000",2024-02-05,Resale,99 yrs
T2196,Sengkang Terrace,D19,Compassvale Bow,86A,23,3,3,"1,030 sq ft","$1,824,000",2023-03-05,Resale,99 yrs
T2786,Westwood Gardens,22,Westwood Ave,54B,19,2,3,946 sq ft,1224000,2020-12-13,Resale,99 yrs
T2717,queens parkview,D03,Queensway,52B,8,6,2,668 sqft,"1,535,000",2021-08-14,Resale,99 yrs
T1304,Parc Meridian,D19,Hougang Ave 8,25B,16,9,3,"1,019 sq ft",2073000,2023-05-16,Resale,99 yrs
T1633,Riverbend Suites,D05,West Coast Crescent,16B,4,11,2,68.9 sqm,1345000,2021-02-07,SUB SALE,99 yrs
T1692,Marina Vue,D01,Marina Way,20,22,12,4,1334 sqft,"$3,707,000",2022-10-26,Resale,99 yrs
T1539,Riverbend Suites,D05,West Coast Crescent,54,17,10,2,659 sqft,1305000,01/10/2021,New Sale,99 yrs
T1977,Bukit Verde,D23,Bukit Batok West Ave 5,80B,#20-08,8,2,776 sqft,1042000,10/10/2020,New Sale,99 yrs
T1021,Lakeshore Grand,D22,Lakeside Drive,21B,5,5,2,697 sqft,999000,17 Jul 2021,resale,99 yrs
T1932,Bukit Verde,D23,Bukit Batok West Ave 5,26B,23,3,3,928 sqft,1604000,2024-05-04,Resale,99 yrs
T1050,Lakeshore Grand,D22,Lakeside Drive,61A,8,4,3,1008 sqft,1939000,05 Apr 2026,Resale,99 yrs
T1101,lakeshore grand,D22,Lakeside Drive,21B,#17-09,9,4,"1,303 sq ft","$2,537,000",22/11/2024,RESALE,99 yrs
T2297,Sengkang Terrace,D19,Compassvale Bow,86A,21,8,1,52.4 sqm,883000,07/06/2022,Resale,99 yrs
T1931,Bukit Verde,D23,Bukit Batok West Ave 5,80B,23,10,3,1149 sqft,2199000,2025-11-22,RESALE,99 yrs
T2039,Tanjong Heights,D15,Tanjong Katong Road,65A,8,4,3,930 sqft,2147000,2022-01-15,Resale,Freehold
T2781,westwood gardens,D22,Westwood Ave,33A,#16-04,4,3,1137 sqft,2130000,2024-11-25,Resale,99 yrs
T2695,Queens Parkview,D03,Queensway,24B,#14-09,9,3,1066 sqft,2734000,29/08/2024,Resale,99 yrs
T2031,Tanjong Heights,D15,Tanjong Katong Road,4A,#30-07,7,2,67.5 sqm,2432000,02/02/2026,Resale,Freehold
T1353,Parc Meridian,D19,Hougang Ave 8,23A,#11-01,1,3,971 sqft,1605000,2021-10-24,New Sale,99 yrs
T1031,LAKESHORE GRAND,D22,Lakeside Drive,21B,12,4,1,483 sqft,781000,2021-04-26,Resale,99 yrs
T1113,Lakeshore Grand,D22,Lakeside Drive,21B,20,1,1,488 sqft,856000,14 Jan 2022,Resale,99 yrs
T1603,riverbend suites,D05,West Coast Crescent,54,7,4,4,1448 sqft,3103000,22 Mar 2022,Sub Sale,99 yrs
T1061,LAKESHORE GRAND,D22,Lakeside Drive,61A,28,12,2,780 sqft,1547000,19 Jun 2024,Resale,99 yrs
T1399,Parc Meridian,D19,Hougang Ave 8,25B,6,12,2,716 sq ft,1240000,2023-10-03,resale,99 yrs
T2170,Sengkang Terrace,D19,Compassvale Bow,53A,#18-10,10,2,750 sqft,"$1,429,000",2025-04-17,Resale,99 yrs
T1000,Lakeshore Grand,D22,Lakeside Drive,61A,6,11,2,735 sqft,1211000,2023-11-24,Resale,99 yrs
T2197,Sengkang Terrace,D19,Compassvale Bow,78A,#23-08,8,3,96.1 sq m,"1,813,000",2022-04-05,New Sale,99 yrs
T1102,Lakeshore Grand,D22,Lakeside Drive,31A,29,3,4,120.8 sqm,"$2,335,000",25/06/2023,RESALE,99 yrs
T1688,Riverbend Suites,D05,West Coast Crescent,53,26,11,2,726 sq ft,"$1,491,000",14 Aug 2021,sub sale,99 yrs
T2612,Queens Parkview,D03,Queensway,52B,24,8,2,69.0 sqm,1965000,2026-01-25,Resale,99 yrs
T1058,Lakeshore Grand,D22,Lakeside Drive,61A,#30-12,12,2,74.0 sqm,"$1,620,000",2024-03-16,RESALE,99 yrs
T2695,Queens Parkview,D03,Queensway,24B,#14-09,9,3,1066 sqft,2734000,29/08/2024,Resale,99 yrs
T1889,Bukit Verde,D23,Bukit Batok West Ave 5,80B,#24-06,6,4,1271 sqft,2234000,2023-06-16,Resale,99 yrs
T2823,Westwood Gardens,D22,Westwood Ave,54B,6,1,2,791 sqft,1119000,2020-11-29,NEW SALE,99 yrs
T2609,Pasir View Residences,D18,Pasir Ris Drive 3,90B,22,4,3,"1,026 sq ft",1586000,21/01/2021,New Sale,99 yrs
T2788,Westwood Gardens,D22,Westwood Ave,54B,9,2,3,1090 sqft,1610000,2023-02-20,Resale,99 yrs
T1930,Bukit Verde,D23,Bukit Batok West Ave 5,26B,25,5,3,974 sqft,1758000,17 Jan 2023,Resale,99 yrs
T2740,Westwood Gardens,D22,Westwood Ave,33A,15,5,2,781 sqft,1130000,2022-10-16,Resale,99 yrs
T2343,Sengkang Terrace,D19,Compassvale Bow,78A,30,5,1,504 sq ft,"S$ 711,000",19 Jun 2020,resale,99 yrs
T1234,PARC MERIDIAN,D19,Hougang Ave 8,59B,23,12,1,48.1 sq m,1162000,2024-09-20,Sub Sale,99 yrs
T2015,Tanjong Heights,D15,Tanjong Katong Road,4A,29,1,1,580 sqft,1723000,2023-10-26,Resale,Freehold
T1076,Lakeshore Grand,D22,Lakeside Drive,21B,21,12,2,675 sqft,1303000,11/10/2025,Resale,99 yrs
T1110,Lakeshore Grand,D22,Lakeside Drive,61A,10,3,2,72.4 sqm,"1,250,000",15/05/2023,Resale,99 yrs
T2490,Pasir View Residences,D18,Pasir Ris Drive 3,90B,22,7,2,752 sqft,1228000,2021-06-14,RESALE,99 yrs
T1942,Bukit Verde,D23,Bukit Batok West Ave 5,49A,26,7,3,99.5 sqm,"1,588,000",27/03/2021,New Sale,99 yrs
T2162,SENGKANG TERRACE,D19,Compassvale Bow,78A,19,3,4,1463 sqft,"$2,938,000",25/10/2025,RESALE,99 yrs
T2658,Queens Parkview,D03,Queensway,88,23,8,3,968 sqft,2132000,26/04/2021,New Sale,99 yrs
T1554,Riverbend Suites,D05,West Coast Crescent,53,6,4,1,480 sqft,811000,2021-08-12,Resale,99 yrs
T1518,THE ORCHID RESIDENCES,D10,Orchard Boulevard,29B,6,9,4,1269 sqft,3992000,02/11/2025,RESALE,Freehold
T1424,THE ORCHID RESIDENCES,D10,Orchard Boulevard,74B,16,8,3,1096 sqft,3315000,2022-06-21,new sale,Freehold
T2706,queens parkview,D03,Queensway,24B,#12-11,11,2,669 sqft,1492000,2022-12-09,New Sale,99 yrs
T2585,Pasir View Residences,D18,Pasir Ris Drive 3,66,30,8,3,84.9 sqm,"$1,635,000",2022-09-16,New Sale,99 yrs
T2395,Holland Crest,D10,Holland Road,87A,2,10,3,1039 sqft,3151000,10/03/2023,RESALE,Freehold
T1208,Lakeshore Grand,D22,Lakeside Drive,21B,29,5,2,791 sqft,1141000,2020-05-03,new sale,99 yrs
T2298,Sengkang Terrace,D19,Compassvale Bow,53A,8,5,2,68.7 sqm,1044000,11/10/2021,Resale,99 yrs
T2125,Tanjong Heights,D15,Tanjong Katong Road,65A,26,4,3,974 sqft,2244000,18/07/2020,resale,Freehold
T2604,Pasir View Residences,D18,Pasir Ris Drive 3,58,10,7,1,504 sqft,"$710,000",2020-07-25,Resale,99 yrs
T2224,Sengkang Terrace,D19,Compassvale Bow,53A,#12-07,7,3,913 sqft,1621000,2023-05-23,Resale,99 yrs
T2262,Sengkang Terrace,D19,Compassvale Bow,86A,28,4,3,945 sqft,"$1,655,000",2024-02-18,Resale,99 yrs
T1679,Riverbend Suites,D05,West Coast Crescent,53,6,12,2,71.7 sqm,"S$ 1,903,000",2026-04-29,RESALE,99 yrs
T2240,Sengkang Terrace,D19,Compassvale Bow,78A,22,7,4,1261 sqft,"$1,825,000",2022-07-19,Resale,99 yrs
T1078,Lakeshore Grand,D22,Lakeside Drive,61A,21,1,1,53.3 sq m,"$925,000",2023-03-21,Resale,99 yrs
T1064,Lakeshore Grand,D22,Lakeside Drive,21B,11,8,2,744 sqft,1263000,2022-05-17,Resale,99 yrs
T1254,PARC MERIDIAN,D19,Hougang Ave 8,59B,13,12,3,956 sqft,"1,995,000",02/08/2024,Resale,99 yrs
T2345,Sengkang Terrace,D19,Compassvale Bow,78A,22,5,3,910 sqft,"1,642,000",2024-02-29,resale,99 yrs
T1675,Riverbend Suites,D05,West Coast Crescent,16B,#11-03,3,2,766 sq ft,"1,481,000",10/01/2021,Resale,99 yrs
T2572,Pasir View Residences,D18,Pasir Ris Drive 3,90B,4,10,4,"1,346 sq ft","$2,151,000",06/04/2022,RESALE,99 yrs
T2751,Westwood Gardens,D22,Westwood Ave,54B,25,4,2,798 sqft,1488000,25 Aug 2024,SUB SALE,99 yrs
T1965,Bukit Verde,D23,Bukit Batok West Ave 5,26B,21,5,3,988 sq ft,1546000,13/07/2022,Resale,99 yrs
T2454,Pasir View Residences,D18,Pasir Ris Drive 3,66,#16-04,4,1,536 sqft,879000,2022-03-10,new sale,99 yrs
T1703,Marina Vue,D01,Marina Way,86B,24,2,3,965 sqft,2745000,2024-07-11,New Sale,99 yrs
T1718,Marina Vue,D01,Marina Way,86B,13,9,4,1376 sqft,3684000,19/09/2023,RESALE,99 yrs
T2191,Sengkang Terrace,D19,Compassvale Bow,78A,5,5,3,,"$1,874,000",2023-09-16,resale,99 yrs
T1551,Riverbend Suites,D05,West Coast Crescent,53,23,11,3,999 sqft,2601000,30 Nov 2023,Sub Sale,99 yrs
T2017,Tanjong Heights,D15,Tanjong Katong Road,4A,7,4,1,543 sqft,1162000,02/03/2020,Resale,Freehold
T1749,Marina Vue,D01,Marina Way,20,8,2,3,912 sqft,2050000,20/01/2023,New Sale,99 yrs
T2008,Bukit Verde,D23,Bukit Batok West Ave 5,80B,11,11,3,97.5 sqm,1494000,2020-09-26,Resale,99 yrs
T1129,LAKESHORE GRAND,D22,Lakeside Drive,31A,15,5,2,69.5 sqm,1254000,11/10/2022,Resale,99 yrs
T2281,Sengkang Terrace,D19,Compassvale Bow,86A,#15-10,10,2,720 sqft,1031000,15 Mar 2020,Resale,99 yrs
T1294,Parc Meridian,D19,Hougang Ave 8,25B,#12-09,9,2,68.7 sqm,"$1,647,000",11 Mar 2024,Sub Sale,99 yrs
T1546,Riverbend Suites,D05,West Coast Crescent,53,#29-04,4,2,730 sqft,1826000,2024-01-21,Resale,99 yrs
T1576,Riverbend Suites,D05,West Coast Crescent,53,3,5,3,88.2 sqm,"$2,240,000",14/06/2026,New Sale,99 yrs
T2051,Tanjong Heights,D15,Tanjong Katong Road,49B,#26-03,3,2,704 sq ft,"S$ 1,761,000",2021-01-04,Resale,Freehold
T2482,Pasir View Residences,D18,Pasir Ris Drive 3,58,24,1,2,676 sqft,1243000,12/12/2023,Resale,99 yrs
T2394,Holland Crest,D10,Holland Road,87A,28,5,2,68.6 sq m,"$2,828,000",2025-06-21,New Sale,Freehold
T1320,Parc Meridian,D19,Hougang Ave 8,23A,25,7,1,528 sqft,"$982,000",08 Apr 2023,New Sale,99 yrs
T2272,Sengkang Terrace,D19,Compassvale Bow,78A,8,10,2,754 sq ft,1118000,2022-06-21,Resale,99 yrs
T2721,Queens Parkview,D03,Queensway,24B,5,10,4,139.2 sqm,"3,039,000",2021-09-30,Resale,99 yrs
T2120,Tanjong Heights,D15,Tanjong Katong Road,4A,16,2,3,1130 sqft,"$2,868,000",25/06/2024,Sub Sale,Freehold
T2737,Queens Parkview,D03,Queensway,24B,2,11,3,84.1 sqm,2618000,27/05/2026,RESALE,99 yrs
T1181,LAKESHORE GRAND,D22,Lakeside Drive,21B,6,8,2,745 sq ft,1301000,01/04/2023,Resale,99 yrs
T2683,Queens Parkview,D03,Queensway,52B,2,4,3,1033 sqft,1842000,21/03/2020,resale,99 yrs
T1256,Parc Meridian,D19,Hougang Ave 8,23A,15,9,3,1099 sqft,2157000,10/04/2023,Resale,99 yrs
T1007,LAKESHORE GRAND,D22,Lakeside Drive,21B,8,3,3,1055 sqft,"$2,019,000",07 Dec 2025,Resale,99 yrs
T2055,Tanjong Heights,D15,Tanjong Katong Road,4A,5,2,3,962 sqft,2293000,2025-03-29,Resale,Freehold
T1579,RIVERBEND SUITES,D05,West Coast Crescent,54,17,1,3,1049 sqft,"S$ 2,804,000",2026-04-03,Resale,99 yrs
T2104,Tanjong Heights,D15,Tanjong Katong Road,49B,28,4,1,515 sqft,1482000,2024-06-26,Resale,Freehold
T1279,PARC MERIDIAN,D19,Hougang Ave 8,25B,30,12,1,542 sq ft,1036000,07/09/2021,Resale,99 yrs
T2316,Sengkang Terrace,D19,Compassvale Bow,86A,29,1,1,46.0 sqm,92000,26/04/2023,Resale,99 yrs
T1723,Marina Vue,1,Marina Way,81B,18,8,3,932 sq ft,2689000,2025-12-13,Resale,99 yrs
T1492,The Orchid Residences,D10,Orchard Boulevard,74B,28,5,3,102.0 sq m,"$4,221,000",03 Dec 2025,resale,Freehold
T1665,Riverbend Suites,D05,West Coast Crescent,16B,20,3,2,724 sqft,1371000,08/08/2020,Resale,99 yrs
T1709,Marina Vue,D01,Marina Way,20,10,7,4,1358 sqft,"$3,476,000",2020-10-04,Resale,99 yrs
T2093,Tanjong Heights,D15,Tanjong Katong Road,4A,16,8,2,,2166000,16 May 2025,Resale,Freehold
T1483,the orchid residences,D10,Orchard Boulevard,52A,20,7,3,93.7 sqm,"$3,509,000",06/02/2026,New Sale,Freehold
T2412,Holland Crest,D10,Holland Road,28,8,8,2,767 sq ft,"$2,631,000",2025-05-09,Resale,Freehold
T2608,PASIR VIEW RESIDENCES,D18,Pasir Ris Drive 3,58,12,11,2,757 sqft,1164000,09/05/2021,RESALE,99 yrs
T1130,lakeshore grand,D22,Lakeside Drive,21B,17,8,2,765 sqft,1252000,01/06/2021,Resale,99 yrs
T1494,The Orchid Residences,D10,Orchard Boulevard,29B,9,5,2,63.5 sqm,1888000,2021-05-22,Sub Sale,Freehold
T2553,Pasir View Residences,D18,Pasir Ris Drive 3,66,19,9,4,138.3 sqm,"2,204,000",25 Mar 2020,Sub Sale,99 yrs
T2252,Sengkang Terrace,D19,Compassvale Bow,78A,24,11,3,88.3 sqm,1318000,2020-02-24,NEW SALE,99 yrs
T1545,Riverbend Suites,D05,West Coast Crescent,54,11,5,3,1034 sqft,1762000,2021-09-02,Resale,99 yrs
T2053,Tanjong Heights,15,Tanjong Katong Road,65A,11,3,2,676 sq ft,1522000,2021-02-05,Resale,Freehold
T2602,Pasir View Residences,D18,Pasir Ris Drive 3,66,11,6,3,96.2 sqm,"$1,714,000",2020-08-04,Resale,99 yrs
T2828,Westwood Gardens,D22,Westwood Ave,56B,2,12,4,1372 sqft,1870000,2021-12-28,Resale,99 yrs
T2182,Sengkang Terrace,19,Compassvale Bow,78A,7,1,3,920 sq ft,"1,657,000",10 Oct 2025,RESALE,99 yrs
T2666,Queens Parkview,D03,Queensway,24B,23,2,3,993 sqft,2184000,2020-05-14,Resale,99 yrs
T1760,Marina Vue,D01,Marina Way,20,14,1,2,735 sqft,"$2,130,000",05 Dec 2024,RESALE,99 yrs
T2530,Pasir View Residences,D18,Pasir Ris Drive 3,58,17,6,2,60.4 sqm,"$1,403,000",2026-02-05,Resale,99 yrs
T2558,Pasir View Residences,D18,Pasir Ris Drive 3,58,14,1,4,1253 sqft,"S$ 2,250,000",2024-01-21,resale,99 yrs
T2184,Sengkang Terrace,D19,Compassvale Bow,86A,8,12,3,1037 sqft,1726000,2023-02-12,Sub Sale,99 yrs
T2264,Sengkang Terrace,19,Compassvale Bow,86A,28,2,3,930 sqft,"$1,960,000",23/06/2025,new sale,99 yrs
T2336,SENGKANG TERRACE,D19,Compassvale Bow,86A,16,2,2,722 sqft,"1,581,000",14/05/2025,Resale,99 yrs
T1970,Bukit Verde,D23,Bukit Batok West Ave 5,49A,29,9,2,685 sqft,"1,444,000",11/12/2025,New Sale,99 yrs
T1661,riverbend suites,D05,West Coast Crescent,53,7,1,1,558 sqft,1093000,2021-11-25,resale,99 yrs
T2135,Tanjong Heights,D15,Tanjong Katong Road,49B,23,3,2,715 sq ft,1665000,24 Jun 2020,Resale,Freehold
T1385,Parc Meridian,D19,Hougang Ave 8,25B,15,10,3,1071 sqft,1970000,02 Nov 2022,New Sale,99 yrs
T2468,Pasir View Residences,D18,Pasir Ris Drive 3,58,10,5,4,1449 sqft,"2,575,000",25/01/2024,resale,99 yrs
T2049,Tanjong Heights,D15,Tanjong Katong Road,49B,29,12,3,94.9 sq m,"$3,102,000",2026-04-28,New Sale,Freehold
T2084,Tanjong Heights,D15,Tanjong Katong Road,65A,2,8,3,989 sqft,"$2,338,000",26 Nov 2023,Resale,Freehold
T1023,Lakeshore Grand,D22,Lakeside Drive,21B,#23-01,1,3,90.1 sqm,2126000,17/03/2025,New Sale,99 yrs
T1497,The Orchid Residences,D10,Orchard Boulevard,52A,7,10,3,930 sqft,"$2,906,000",02/01/2024,Resale,Freehold
T2711,Queens Parkview,3,Queensway,24B,3,4,2,64.7 sq m,1295000,2020-05-05,Sub Sale,99 yrs
T1601,Riverbend Suites,D05,West Coast Crescent,16B,5,9,3,95.9 sqm,1945000,2021-10-31,Resale,99 yrs
T1140,LAKESHORE GRAND,D22,Lakeside Drive,61A,4,4,2,747 sqft,1277000,22/03/2024,Resale,99 yrs
T2707,Queens Parkview,3,Queensway,24B,12,1,2,745 sqft,1696000,2022-10-26,Sub Sale,99 yrs
T2819,Westwood Gardens,D22,Westwood Ave,33A,19,12,2,783 sqft,"$1,241,000",17/10/2023,NEW SALE,99 yrs
T2717,queens parkview,D03,Queensway,52B,8,6,2,668 sqft,"1,535,000",2021-08-14,Resale,99 yrs
T1412,the orchid residences,D10,Orchard Boulevard,52A,#08-05,5,3,969 sqft,"S$ 2,709,000",21 Oct 2022,Resale,Freehold
T1830,Bukit Verde,D23,Bukit Batok West Ave 5,49A,17,8,1,486 sqft,752000,05 Apr 2021,Resale,99 yrs
T1292,parc meridian,D19,Hougang Ave 8,23A,#21-01,1,2,63.5 sqm,1132000,2021-02-20,RESALE,99 yrs
T1858,Bukit Verde,D23,Bukit Batok West Ave 5,26B,16,11,1,481 sqft,"$966,000",2024-11-30,Resale,99 yrs
T2326,Sengkang Terrace,D19,Compassvale Bow,53A,10,8,2,64.0 sq m,1233000,2025-04-21,Resale,99 yrs
T1978,Bukit Verde,D23,Bukit Batok West Ave 5,80B,29,10,2,72.4 sqm,"$1,394,000",2023-02-11,Resale,99 yrs
T2599,Pasir View Residences,D18,Pasir Ris Drive 3,58,#03-02,2,4,131.2 sq m,2690000,2025-09-26,New Sale,99 yrs
T1152,lakeshore grand,D22,Lakeside Drive,61A,11,11,3,93.7 sqm,1661000,03/11/2023,New Sale,99 yrs
T1054,Lakeshore Grand,22,Lakeside Drive,21B,26,2,3,88.8 sqm,"$2,010,000",30/04/2026,NEW SALE,99 yrs
T1652,Riverbend Suites,5,West Coast Crescent,54,#29-11,11,4,1331 sqft,"$3,614,000",05/05/2026,Resale,99 yrs
T1752,Marina Vue,1,Marina Way,86B,12,9,1,50.4 sq m,"$1,308,000",2023-04-27,Resale,99 yrs
T2323,Sengkang Terrace,D19,Compassvale Bow,86A,14,7,3,1027 sqft,2184000,2025-09-28,Sub Sale,99 yrs
T2088,tanjong heights,D15,Tanjong Katong Road,4A,26,7,2,66.2 sq m,1819000,29/03/2021,Resale,Freehold
T1556,Riverbend Suites,D05,West Coast Crescent,16B,11,5,3,106.3 sqm,2934000,2025-07-03,RESALE,99 yrs
T1032,Lakeshore Grand,22,Lakeside Drive,31A,20,8,3,1125 sqft,"1,935,000",2022-05-13,New Sale,99 yrs
T1029,Lakeshore Grand,D22,Lakeside Drive,61A,28,3,3,97.5 sqm,"1,610,000",2020-11-24,sub sale,99 yrs
T2620,Queens Parkview,D03,Queensway,88,29,2,1,503 sqft,1264000,2024-03-27,Resale,99 yrs
T2673,Queens Parkview,D03,Queensway,52B,8,9,3,1141 sqft,2757000,2021-11-03,Sub Sale,99 yrs
T1474,The Orchid Residences,10,Orchard Boulevard,74B,13,12,4,1252 sqft,3750000,05/06/2022,Resale,Freehold
T1043,Lakeshore Grand,D22,Lakeside Drive,31A,#07-10,10,1,48.9 sqm,1016000,2024-08-22,Sub Sale,99 yrs
T1582,Riverbend Suites,5,West Coast Crescent,54,7,5,2,688 sq ft,1288000,03/03/2021,Resale,99 yrs
T1204,Lakeshore Grand,D22,Lakeside Drive,21B,21,5,2,705 sq ft,"$1,187,000",20 Dec 2021,Sub Sale,99 yrs
T2811,Westwood Gardens,D22,Westwood Ave,56B,18,12,1,499 sqft,"811,000",06 Feb 2024,New Sale,99 yrs
T2754,Westwood Gardens,D22,Westwood Ave,33A,13,6,1,496 sqft,"$643,000",13 Jan 2020,Resale,99 yrs
T1521,Riverbend Suites,D05,West Coast Crescent,16B,19,12,2,761 sqft,1908000,11/03/2025,new sale,99 yrs
T1683,Riverbend Suites,D05,West Coast Crescent,54,#24-06,6,2,759 sqft,1563000,03/12/2021,Resale,99 yrs
T2091,tanjong heights,D15,Tanjong Katong Road,65A,#24-09,9,2,666 sqft,2063000,2026-01-14,RESALE,Freehold
T1915,Bukit Verde,D23,Bukit Batok West Ave 5,26B,24,11,2,791 sqft,"$1,061,000",2020-08-28,Resale,99 yrs
T1376,Parc Meridian,D19,Hougang Ave 8,25B,24,1,4,1345 sqft,2362000,17/05/2021,Resale,99 yrs
T2757,Westwood Gardens,D22,Westwood Ave,33A,10,10,4,1305 sqft,"2,076,000",2023-11-10,Resale,99 yrs
T2713,QUEENS PARKVIEW,D03,Queensway,24B,9,3,2,668 sqft,"$1,617,000",2023-03-26,Resale,99 yrs
T1189,lakeshore grand,D22,Lakeside Drive,31A,10,2,4,130.8 sqm,2840000,2025-10-11,Resale,99 yrs
T1611,RIVERBEND SUITES,D05,West Coast Crescent,54,6,12,2,793 sqft,"$1,486,000",30/07/2021,New Sale,99 yrs
T2433,Pasir View Residences,D18,Pasir Ris Drive 3,66,19,10,2,760 sqft,1113000,2020-01-11,new sale,99 yrs
T1674,Riverbend Suites,D05,West Coast Crescent,16B,#22-02,2,1,555 sqft,"$1,380,000",2024-05-19,RESALE,99 yrs
T1046,Lakeshore Grand,D22,Lakeside Drive,21B,#11-08,8,1,569 sqft,1071000,2024-12-15,Resale,99 yrs
T1381,Parc Meridian,D19,Hougang Ave 8,25B,8,8,3,"1,006 sq ft","$1,520,000",03/08/2021,New Sale,99 yrs
T1403,The Orchid Residences,D10,Orchard Boulevard,29B,29,3,4,1306 sqft,4656000,2026-01-25,resale,Freehold
T2680,queens parkview,D03,Queensway,24B,4,4,3,1134 sqft,"$2,799,000",2024-11-19,Sub Sale,99 yrs
T1656,Riverbend Suites,D05,West Coast Crescent,16B,18,6,1,546 sqft,1405000,11/04/2026,resale,99 yrs
T2032,Tanjong Heights,15,Tanjong Katong Road,65A,29,12,2,73.0 sqm,1739000,2021-01-01,Resale,Freehold
T2138,tanjong heights,D15,Tanjong Katong Road,4A,10,7,3,84.4 sq m,"2,243,000",28 Sep 2023,resale,Freehold
T2688,Queens Parkview,D03,Queensway,52B,5,10,3,994 sqft,"$2,439,000",31/01/2025,RESALE,99 yrs
T1426,The Orchid Residences,D10,Orchard Boulevard,74B,#24-11,11,2,65.0 sq m,"$2,250,000",11/10/2022,Resale,Freehold
T2589,Pasir View Residences,D18,Pasir Ris Drive 3,66,11,11,1,51.2 sqm,1033000,27/04/2024,Resale,99 yrs
T2069,Tanjong Heights,15,Tanjong Katong Road,65A,26,12,1,535 sqft,1596000,2025-02-04,SUB SALE,Freehold
T1845,Bukit Verde,D23,Bukit Batok West Ave 5,49A,16,1,4,1397 sqft,2073000,2021-01-19,resale,99 yrs
T1243,Parc Meridian,D19,Hougang Ave 8,23A,29,3,2,697 sqft,1176000,2022-02-25,sub sale,99 yrs
T1209,Lakeshore Grand,D22,Lakeside Drive,31A,29,5,2,656 sq ft,12630000,2023-07-01,Resale,99 yrs
T1240,Parc Meridian,D19,Hougang Ave 8,25B,15,1,2,750 sqft,"$1,162,000",20/12/2020,RESALE,99 yrs
T2640,Queens Parkview,D03,Queensway,24B,3,12,2,72.6 sq m,1990000,23 Jul 2025,Resale,99 yrs
T1900,Bukit Verde,23,Bukit Batok West Ave 5,49A,20,9,3,988 sqft,1828000,10/03/2024,Resale,99 yrs
T1341,Parc Meridian,D19,Hougang Ave 8,59B,11,6,4,119.0 sqm,2060000,18 May 2021,New Sale,99 yrs
T2149,Tanjong Heights,D15,Tanjong Katong Road,4A,6,9,4,1443 sqft,"$3,427,000",2022-05-28,New Sale,Freehold
T1773,marina vue,D01,Marina Way,81B,16,4,1,552 sq ft,"$1,633,000",29/07/2024,Resale,99 yrs
T1180,Lakeshore Grand,D22,Lakeside Drive,31A,#23-03,3,3,991 sqft,1614000,2022-09-27,Resale,99 yrs
T2455,Pasir View Residences,D18,Pasir Ris Drive 3,66,6,1,3,902 sqft,"$1,264,000",2020-04-24,Resale,99 yrs
T1667,Riverbend Suites,D05,West Coast Crescent,16B,15,12,2,727 sqft,1674000,02 Aug 2023,Resale,99 yrs
T2029,Tanjong Heights,D15,Tanjong Katong Road,49B,19,1,3,"1,004 sq ft","$2,709,000",23/10/2023,Resale,Freehold
T1750,Marina Vue,D01,Marina Way,81B,4,8,4,"1,330 sq ft",3207000,10 Nov 2025,RESALE,99 yrs
T2522,Pasir View Residences,D18,Pasir Ris Drive 3,58,29,9,3,"1,119 sq ft",1944000,31/10/2021,Resale,99 yrs
T2077,tanjong heights,D15,Tanjong Katong Road,65A,28,8,3,1027 sqft,"$2,752,000",2024-08-05,Resale,Freehold
T1846,Bukit Verde,D23,Bukit Batok West Ave 5,26B,8,11,2,725 sq ft,1180000,2024-01-24,NEW SALE,99 yrs
T2254,Sengkang Terrace,D19,Compassvale Bow,86A,#12-10,10,2,729 sqft,"$1,036,000",2020-07-23,Resale,99 yrs
T2576,Pasir View Residences,D18,Pasir Ris Drive 3,66,22,3,4,"1,358 sq ft",2413000,2023-04-17,Resale,99 yrs
T1812,Bukit Verde,D23,Bukit Batok West Ave 5,80B,25,10,2,681 sq ft,1139000,2022-04-02,Resale,99 yrs
T2446,Pasir View Residences,D18,Pasir Ris Drive 3,66,27,5,3,86.6 sq m,1569000,15/03/2022,Resale,99 yrs
T2127,Tanjong Heights,D15,Tanjong Katong Road,49B,26,4,2,734 sqft,2220000,2025-08-02,Resale,Freehold
T1564,Riverbend Suites,D05,West Coast Crescent,53,5,10,1,51.4 sq m,"$1,130,000",2022-10-28,Resale,99 yrs
T2836,WESTWOOD GARDENS,D22,Westwood Ave,56B,22,6,2,740 sqft,1112000,20 May 2022,Sub Sale,99 yrs
T1264,Parc Meridian,D19,Hougang Ave 8,23A,#11-01,1,2,652 sqft,"$1,491,000",06/01/2026,Resale,99 yrs
T1215,Parc Meridian,19,Hougang Ave 8,25B,20,11,1,486 sqft,1090000,02/08/2024,resale,99 yrs
T2434,Pasir View Residences,D18,Pasir Ris Drive 3,90B,29,1,2,717 sq ft,1100000,2021-07-13,Resale,99 yrs
T1436,The Orchid Residences,D10,Orchard Boulevard,29B,13,8,1,504 sqft,1325000,2020-05-16,resale,Freehold
T1312,Parc Meridian,D19,Hougang Ave 8,59B,27,10,2,751 sqft,1655000,2024-05-31,Resale,99 yrs
T1010,Lakeshore Grand,D22,Lakeside Drive,61A,25,6,2,663 sqft,"$1,138,000",13/07/2022,Resale,99 yrs
T2659,Queens Parkview,3,Queensway,88,22,7,1,48.6 sqm,"1,416,000",09/06/2025,RESALE,99 yrs
T2078,tanjong heights,D15,Tanjong Katong Road,4A,7,1,2,65.3 sqm,"1,928,000",2025-03-25,Resale,Freehold
T1134,Lakeshore Grand,D22,Lakeside Drive,21B,#19-01,1,1,551 sqft,1164000,25/03/2025,Resale,99 yrs
T2499,Pasir View Residences,D18,Pasir Ris Drive 3,58,27,3,3,"1,115 sq ft",2145000,2022-10-26,Resale,99 yrs
T1137,Lakeshore Grand,22,Lakeside Drive,61A,#25-02,2,2,755 sqft,"$1,589,000",2025-10-05,Resale,99 yrs
T1694,Marina Vue,D01,Marina Way,20,26,7,1,514 sqft,1160000,01/06/2020,Resale,99 yrs
T1484,The Orchid Residences,D10,Orchard Boulevard,52A,30,9,4,1287 sqft,"S$ 3,654,000",23 Jun 2021,New Sale,Freehold
T2082,Tanjong Heights,D15,Tanjong Katong Road,65A,#02-09,9,3,104.3 sqm,2544000,2023-06-10,Resale,Freehold
T1917,Bukit Verde,23,Bukit Batok West Ave 5,80B,22,1,3,983 sqft,"1,500,000",2020-09-30,Resale,99 yrs
T2643,Queens Parkview,3,Queensway,24B,11,2,3,1000 sqft,1987000,2021-04-21,New Sale,99 yrs
T2465,Pasir View Residences,D18,Pasir Ris Drive 3,90B,21,3,2,675 sqft,1396000,2025-04-07,new sale,99 yrs
T2282,SENGKANG TERRACE,D19,Compassvale Bow,86A,25,11,2,670 sqft,1297000,29/06/2023,Resale,99 yrs
T2554,Pasir View Residences,18,Pasir Ris Drive 3,66,#05-05,5,3,91.6 sq m,2165000,2026-06-15,New Sale,99 yrs
T2246,Sengkang Terrace,D19,Compassvale Bow,53A,5,10,2,739 sqft,"S$ 1,241,000",03/07/2023,Resale,99 yrs
T1976,Bukit Verde,D23,Bukit Batok West Ave 5,80B,5,8,2,759 sqft,"962,000",04/09/2020,new sale,99 yrs
T2436,Pasir View Residences,D18,Pasir Ris Drive 3,58,2,7,3,932 sq ft,"$1,628,000",2023-02-02,Resale,99 yrs
T2119,Tanjong Heights,D15,Tanjong Katong Road,4A,23,11,4,126.5 sqm,3918000,27 Dec 2025,resale,Freehold
T2575,Pasir View Residences,D18,Pasir Ris Drive 3,66,30,7,4,1366 sqft,"$2,288,000",04/04/2022,New Sale,99 yrs
T1017,Lakeshore Grand,D22,Lakeside Drive,21B,9,1,3,1020 sqft,"$2,130,000",2025-10-22,Resale,99 yrs
T1049,Lakeshore Grand,D22,Lakeside Drive,31A,10,7,1,566 sqft,1140000,2024-10-21,Resale,99 yrs
T1595,Riverbend Suites,D05,West Coast Crescent,16B,23,1,1,515 sq ft,1143000,2024-06-17,RESALE,99 yrs
T1082,Lakeshore Grand,22,Lakeside Drive,21B,25,5,3,930 sq ft,2066000,29 Oct 2025,Resale,99 yrs
T2190,Sengkang Terrace,D19,Compassvale Bow,78A,7,11,3,977 sqft,"$1,672,000",2023-01-30,Sub Sale,99 yrs
T1629,Riverbend Suites,5,West Coast Crescent,53,#17-07,7,1,553 sqft,"$1,172,000",25 Aug 2022,Resale,99 yrs
T2844,Westwood Gardens,D22,Westwood Ave,56B,5,11,2,690 sqft,"$1,045,000",2023-11-06,Resale,99 yrs
T1575,Riverbend Suites,D05,West Coast Crescent,16B,#06-03,3,3,992 sqft,"$1,857,000",17 Jul 2022,new sale,99 yrs
T1175,Lakeshore Grand,D22,Lakeside Drive,21B,8,7,1,500 sqft,828000,2022-07-12,Resale,99 yrs
T1902,Bukit Verde,D23,Bukit Batok West Ave 5,26B,21,9,3,98.3 sq m,1886000,2022-10-22,Resale,99 yrs
T2173,sengkang terrace,D19,Compassvale Bow,86A,23,9,4,"1,450 sq ft",2672000,2023-12-13,Resale,99 yrs
T1528,riverbend suites,D05,West Coast Crescent,53,6,7,1,508 sq ft,973000,2022-12-27,Sub Sale,99 yrs
T1159,Lakeshore Grand,D22,Lakeside Drive,31A,20,2,3,105.7 sq m,"$2,641,000",09/03/2026,New Sale,99 yrs
T2335,Sengkang Terrace,D19,Compassvale Bow,78A,#07-09,9,3,1011 sqft,"$1,768,000",20/10/2023,new sale,99 yrs
T1630,Riverbend Suites,5,West Coast Crescent,16B,#19-12,12,4,1434 sqft,"$3,140,000",2024-04-15,Resale,99 yrs
T2142,tanjong heights,D15,Tanjong Katong Road,49B,25,1,2,,1871000,2024-08-27,resale,Freehold
T2752,Westwood Gardens,D22,Westwood Ave,56B,19,1,3,990 sqft,1531000,12/07/2024,Resale,99 yrs
T2293,Sengkang Terrace,D19,Compassvale Bow,53A,8,2,3,953 sqft,1280000,2020-05-04,NEW SALE,99 yrs
T1195,Lakeshore Grand,D22,Lakeside Drive,61A,15,5,4,1313 sqft,,10/11/2020,New Sale,99 yrs
T1869,Bukit Verde,D23,Bukit Batok West Ave 5,26B,27,3,2,786 sqft,1427000,07/07/2024,New Sale,99 yrs
T1570,Riverbend Suites,5,West Coast Crescent,53,9,10,2,692 sqft,"S$ 1,628,000",2025-08-19,Resale,99 yrs
T1762,Marina Vue,D01,Marina Way,20,25,8,2,68.3 sqm,2076000,21 Sep 2024,Resale,99 yrs
T2144,Tanjong Heights,D15,Tanjong Katong Road,65A,#13-06,6,2,680 sq ft,"$1,533,000",2021-03-21,RESALE,Freehold
T1396,Parc Meridian,D19,Hougang Ave 8,59B,21,3,4,"1,263 sq ft",2407000,08 Sep 2023,NEW SALE,99 yrs
T2095,Tanjong Heights,15,Tanjong Katong Road,49B,6,7,3,95.2 sq m,"$3,036,000",2026-03-22,RESALE,Freehold
T2152,Sengkang Terrace,D19,Compassvale Bow,78A,27,5,2,722 sq ft,1306000,2022-04-05,Resale,99 yrs
T2011,Tanjong Heights,D15,Tanjong Katong Road,4A,26,8,3,978 sq ft,"2,878,000",2024-06-03,resale,Freehold
T2627,Queens Parkview,D03,Queensway,52B,28,9,3,1016 sqft,"$2,108,000",2022-02-06,RESALE,99 yrs
T1849,BUKIT VERDE,D23,Bukit Batok West Ave 5,49A,15,10,2,73.3 sq m,1545000,11 Oct 2023,Resale,99 yrs
T1884,Bukit Verde,D23,Bukit Batok West Ave 5,80B,22,10,3,917 sqft,1641000,2024-09-03,Resale,99 yrs
T2625,Queens Parkview,D03,Queensway,52B,23,11,2,61.0 sq m,1570000,19/08/2022,Resale,99 yrs
T1826,Bukit Verde,D23,Bukit Batok West Ave 5,49A,23,12,3,1044 sqft,1476000,2020-12-28,Resale,99 yrs
T2036,Tanjong Heights,D15,Tanjong Katong Road,65A,11,3,3,92.0 sq m,2999000,2025-11-10,Resale,Freehold
T2442,Pasir View Residences,D18,Pasir Ris Drive 3,66,#27-06,6,3,1043 sqft,2283000,23/05/2026,Resale,99 yrs
T1259,Parc Meridian,D19,Hougang Ave 8,25B,14,2,2,64.1 sqm,1561000,2025-08-31,Resale,99 yrs
T2569,pasir view residences,D18,Pasir Ris Drive 3,66,14,5,3,1094 sqft,2129000,09/05/2025,Resale,99 yrs
T1922,Bukit Verde,23,Bukit Batok West Ave 5,26B,22,3,3,901 sqft,1300000,29/04/2020,Resale,99 yrs
T1542,Riverbend Suites,D05,West Coast Crescent,54,16,1,2,716 sqft,"$1,844,000",2025-11-16,Sub Sale,99 yrs
T1516,The Orchid Residences,D10,Orchard Boulevard,74B,6,12,4,126.5 sqm,4584000,2023-01-26,resale,Freehold
T1431,The Orchid Residences,D10,Orchard Boulevard,52A,14,2,3,997 sqft,"$2,828,000",2022-01-29,NEW SALE,Freehold
T2778,Westwood Gardens,D22,Westwood Ave,33A,24,1,2,743 sqft,"1,109,000",2020-12-29,Resale,99 yrs
T1871,Bukit Verde,D23,Bukit Batok West Ave 5,49A,#19-09,9,2,773 sqft,1248000,13/07/2022,NEW SALE,99 yrs
T2411,Holland Crest,D10,Holland Road,48,24,11,1,487 sqft,"$1,720,000",2023-04-18,RESALE,Freehold
T2349,Sengkang Terrace,D19,Compassvale Bow,78A,30,1,3,,2111000,2026-01-10,New Sale,99 yrs
T2287,Sengkang Terrace,D19,Compassvale Bow,78A,12,3,1,522 sqft,849000,02/01/2022,New Sale,99 yrs
T1771,Marina Vue,D01,Marina Way,81B,18,7,4,127.4 sqm,"$3,881,000",2024-03-08,Resale,99 yrs
T1485,The Orchid Residences,D10,Orchard Boulevard,74B,25,6,1,501 sq ft,"$1,438,000",2022-06-26,Resale,Freehold
T2464,Pasir View Residences,D18,Pasir Ris Drive 3,90B,3,6,1,563 sqft,1047000,2024-10-19,New Sale,99 yrs
T1531,Riverbend Suites,D05,West Coast Crescent,53,19,11,3,1138 sqft,2195000,2021-05-04,Resale,99 yrs
T2687,Queens Parkview,3,Queensway,24B,3,7,3,1118 sqft,2397000,28 Mar 2022,Resale,99 yrs
T2512,Pasir View Residences,18,Pasir Ris Drive 3,58,23,7,2,772 sqft,"$1,268,000",2021-11-11,Resale,99 yrs
T2397,HOLLAND CREST,D10,Holland Road,87A,5,9,3,91.8 sqm,3050000,2024-04-23,RESALE,Freehold
T1533,Riverbend Suites,D05,West Coast Crescent,54,18,11,3,99.0 sqm,2171000,2021-12-17,new sale,99 yrs
T1463,The Orchid Residences,D10,Orchard Boulevard,74B,15,3,2,791 sq ft,"S$ 2,360,000",21/10/2024,New Sale,Freehold
T2794,Westwood Gardens,D22,Westwood Ave,33A,12,3,4,128.7 sq m,2252000,06/02/2026,New Sale,99 yrs
T1384,Parc Meridian,D19,Hougang Ave 8,59B,#18-05,5,3,101.8 sq m,2401000,2025-03-31,Resale,99 yrs
T2822,WESTWOOD GARDENS,D22,Westwood Ave,54B,6,12,2,703 sqft,"S$ 1,251,000",16 Jul 2026,New Sale,99 yrs
T2410,Holland Crest,D10,Holland Road,28,16,12,1,579 sqft,1650000,2021-05-16,Resale,Freehold
T2755,Westwood Gardens,D22,Westwood Ave,33A,19,9,2,70.3 sqm,"$1,024,000",08 Aug 2020,New Sale,99 yrs
T1919,Bukit Verde,D23,Bukit Batok West Ave 5,26B,21,6,2,671 sqft,1496000,2025-07-13,Resale,99 yrs
T1173,Lakeshore Grand,D22,Lakeside Drive,21B,21,9,2,721 sqft,1490000,2025-10-23,Resale,99 yrs
T2509,Pasir View Residences,D18,Pasir Ris Drive 3,66,#23-08,8,3,916 sqft,"$1,422,000",2020-11-13,New Sale,99 yrs
T1092,LAKESHORE GRAND,D22,Lakeside Drive,21B,#04-10,10,3,983 sq ft,1780000,2024-08-04,Resale,99 yrs
T2056,Tanjong Heights,D15,Tanjong Katong Road,65A,20,2,1,529 sq ft,"S$ 1,442,000",30/07/2023,New Sale,Freehold
T1969,Bukit Verde,D23,Bukit Batok West Ave 5,49A,20,12,4,1375 sqft,1866000,25/03/2020,Resale,99 yrs
T1724,Marina Vue,D01,Marina Way,20,20,7,3,1071 sqft,3135000,2026-04-09,RESALE,99 yrs
T1100,Lakeshore Grand,22,Lakeside Drive,21B,14,2,2,784 sqft,"$1,194,000",13 Sep 2021,Resale,99 yrs
T1124,Lakeshore Grand,D22,Lakeside Drive,61A,26,12,4,"1,398 sq ft","$2,638,000",17/04/2024,Resale,99 yrs
T1772,Marina Vue,D01,Marina Way,81B,3,12,2,739 sqft,1867000,10 Apr 2022,RESALE,99 yrs
T1571,Riverbend Suites,D05,West Coast Crescent,16B,12,4,4,1369 sqft,2430000,2021-10-03,resale,99 yrs
T1361,Parc Meridian,D19,Hougang Ave 8,23A,12,11,3,1024 sqft,"2,096,000",2025-06-22,Resale,99 yrs
T1924,Bukit Verde,23,Bukit Batok West Ave 5,80B,#28-08,8,4,1481 sqft,2381000,31 Jul 2021,Resale,99 yrs
T2337,Sengkang Terrace,19,Compassvale Bow,86A,6,7,2,71.2 sq m,"$1,131,000",2021-05-03,resale,99 yrs
T1905,Bukit Verde,D23,Bukit Batok West Ave 5,80B,10,4,1,556 sqft,762000,09 Nov 2020,Resale,99 yrs
T1166,Lakeshore Grand,D22,Lakeside Drive,31A,14,10,3,104.7 sqm,"1,745,000",2021-11-05,Resale,99 yrs
T1272,Parc Meridian,D19,Hougang Ave 8,59B,4,10,4,1418 sqft,"$2,133,000",16 Mar 2020,Resale,99 yrs
T1632,Riverbend Suites,D05,West Coast Crescent,53,#06-03,3,4,1492 sqft,"2,874,000",29 Jul 2020,Resale,99 yrs
T1791,Bukit Verde,D23,Bukit Batok West Ave 5,26B,10,3,2,677 sqft,"$1,267,000",19/08/2024,New Sale,99 yrs
T1973,BUKIT VERDE,D23,Bukit Batok West Ave 5,49A,30,8,2,716 sqft,"S$ 991,000",2021-02-08,Resale,99 yrs
T2768,Westwood Gardens,22,Westwood Ave,33A,#20-09,9,4,127.6 sqm,2392000,2024-11-25,New Sale,99 yrs
T1055,Lakeshore Grand,D22,Lakeside Drive,31A,13,8,3,908 sq ft,1584000,2024-04-04,Resale,99 yrs
T2539,Pasir View Residences,D18,Pasir Ris Drive 3,90B,22,9,4,1360 sqft,2811000,22 Mar 2026,NEW SALE,99 yrs
T2124,Tanjong Heights,D15,Tanjong Katong Road,4A,12,3,2,673 sqft,1475000,24/01/2021,New Sale,Freehold
T1879,Bukit Verde,D23,Bukit Batok West Ave 5,49A,21,2,2,796 sqft,"1,291,000",2022-04-20,Resale,99 yrs
T1390,Parc Meridian,D19,Hougang Ave 8,59B,12,1,3,105.2 sq m,2626000,2026-02-18,new sale,99 yrs
T2217,sengkang terrace,D19,Compassvale Bow,86A,6,5,4,"1,257 sq ft","S$ 1,716,000",2020-09-05,Resale,99 yrs
T2515,Pasir View Residences,D18,Pasir Ris Drive 3,66,7,5,4,1357 sqft,2345000,09 Jan 2024,RESALE,99 yrs
T2016,Tanjong Heights,D15,Tanjong Katong Road,49B,11,10,2,736 sq ft,"$1,774,000",17/12/2022,Resale,Freehold
T2790,Westwood Gardens,D22,Westwood Ave,33A,9,8,3,1008 sqft,1913000,22 Dec 2025,RESALE,99 yrs
T2669,QUEENS PARKVIEW,D03,Queensway,88,15,3,3,"1,113 sq ft",2884000,19/12/2024,Resale,99 yrs
T1364,Parc Meridian,D19,Hougang Ave 8,23A,16,1,2,703 sqft,1384000,2023-01-03,new sale,99 yrs
T1817,Bukit Verde,D23,Bukit Batok West Ave 5,49A,7,2,2,68.9 sq m,"S$ 1,240,000",01/08/2023,Resale,99 yrs
T2774,Westwood Gardens,D22,Westwood Ave,56B,3,10,2,795 sqft,"$1,250,000",2023-07-14,Resale,99 yrs
T2005,bukit verde,D23,Bukit Batok West Ave 5,49A,28,2,2,65.5 sq m,1089000,2021-05-27,Resale,99 yrs
T1687,Riverbend Suites,D05,West Coast Crescent,54,14,1,1,508 sqft,1053000,09/05/2023,Resale,99 yrs
T2255,Sengkang Terrace,D19,Compassvale Bow,53A,16,7,2,664 sqft,1298000,22/01/2025,New Sale,99 yrs
T1417,the orchid residences,D10,Orchard Boulevard,52A,19,6,4,1404 sqft,3594000,2020-02-17,Resale,Freehold
T1510,The Orchid Residences,D10,Orchard Boulevard,52A,10,4,2,62.5 sqm,"$1,998,000",2024-01-27,New Sale,Freehold
T2483,PASIR VIEW RESIDENCES,18,Pasir Ris Drive 3,90B,27,7,1,559 sqft,1077000,2023-09-12,Resale,99 yrs
T1940,BUKIT VERDE,D23,Bukit Batok West Ave 5,26B,#15-10,10,3,958 sqft,1361000,2020-11-27,RESALE,99 yrs
T2097,Tanjong Heights,D15,Tanjong Katong Road,4A,5,9,2,668 sqft,1479000,2021-12-20,New Sale,Freehold
T2829,Westwood Gardens,D22,Westwood Ave,54B,26,10,1,513 sqft,1012000,2025-12-23,resale,99 yrs
T1375,Parc Meridian,D19,Hougang Ave 8,25B,26,12,3,95.5 sqm,1981000,2022-02-12,Resale,99 yrs
T1269,Parc Meridian,D19,Hougang Ave 8,59B,16,2,1,551 sqft,"$1,132,000",27/06/2024,New Sale,99 yrs
T1287,PARC MERIDIAN,D19,Hougang Ave 8,23A,#13-10,10,1,538 sq ft,1218000,28/11/2025,new sale,99 yrs
T1429,The Orchid Residences,D10,Orchard Boulevard,52A,14,1,1,571 sqft,1782000,2025-04-24,Resale,Freehold
T1647,Riverbend Suites,D05,West Coast Crescent,16B,10,5,2,69.4 sq m,"1,313,000",19/10/2020,Resale,99 yrs
T2746,Westwood Gardens,D22,Westwood Ave,33A,21,5,3,1038 sqft,"$1,354,000",2020-04-28,resale,99 yrs
T1371,Parc Meridian,D19,Hougang Ave 8,59B,14,10,2,791 sqft,"S$ 1,484,000",17 Jan 2022,New Sale,99 yrs
T2749,Westwood Gardens,D22,Westwood Ave,56B,4,5,2,788 sqft,1199000,07/05/2025,Resale,99 yrs
T2377,Holland Crest,D10,Holland Road,28,#18-11,11,3,1134 sqft,3494000,26/07/2021,Resale,Freehold
T2432,Pasir View Residences,D18,Pasir Ris Drive 3,66,9,7,2,707 sqft,935000,08/01/2021,Resale,99 yrs
T1766,Marina Vue,D01,Marina Way,81B,4,4,4,"1,460 sq ft","$4,231,000",2026-04-06,Resale,99 yrs
T2408,holland crest,D10,Holland Road,48,12,11,3,1108 sqft,"$3,674,000",21 Apr 2023,Resale,Freehold
T1701,Marina Vue,D01,Marina Way,81B,#13-02,2,3,1067 sqft,"$2,613,000",14/06/2021,Resale,99 yrs
T2413,Holland Crest,10,Holland Road,48,25,3,2,660 sqft,2041000,10/07/2021,Resale,Freehold
T2269,SENGKANG TERRACE,19,Compassvale Bow,53A,24,7,3,942 sqft,1665000,2022-10-22,New Sale,99 yrs
T2301,Sengkang Terrace,19,Compassvale Bow,86A,7,12,2,61.5 sq m,1178000,05 Nov 2024,RESALE,99 yrs
T1971,BUKIT VERDE,D23,Bukit Batok West Ave 5,26B,20,10,2,709 sqft,"$1,404,000",2023-09-24,New Sale,99 yrs
T1998,Bukit Verde,D23,Bukit Batok West Ave 5,49A,21,4,4,130.7 sqm,"$2,917,000",2025-07-30,Resale,99 yrs
T1066,Lakeshore Grand,D22,Lakeside Drive,61A,23,4,3,1108 sqft,"$1,809,000",2024-04-07,Resale,99 yrs
T2581,Pasir View Residences,D18,Pasir Ris Drive 3,66,#03-03,3,2,702 sqft,982000,20/03/2020,Resale,99 yrs
T1704,Marina Vue,D01,Marina Way,86B,24,9,1,516 sqft,1315000,29 Feb 2020,Resale,99 yrs
T2087,Tanjong Heights,D15,Tanjong Katong Road,4A,14,12,2,656 sqft,14500000,10 Aug 2020,New Sale,Freehold
T2471,PASIR VIEW RESIDENCES,D18,Pasir Ris Drive 3,66,20,3,1,49.5 sqm,1138000,2026-03-29,Resale,99 yrs
T1625,Riverbend Suites,D05,West Coast Crescent,54,#08-07,7,3,1145 sqft,2731000,2024-04-06,NEW SALE,99 yrs
T2263,Sengkang Terrace,D19,Compassvale Bow,86A,23,8,3,84.9 sq m,1816000,2024-02-06,RESALE,99 yrs
T1928,Bukit Verde,23,Bukit Batok West Ave 5,80B,15,7,2,662 sqft,"$1,037,000",09/08/2021,RESALE,99 yrs
T2661,Queens Parkview,D03,Queensway,88,11,4,2,64.6 sq m,"$1,619,000",28/04/2022,NEW SALE,99 yrs
T1602,Riverbend Suites,D05,West Coast Crescent,53,2,5,2,709 sqft,1442000,2022-06-09,Resale,99 yrs
T2818,Westwood Gardens,D22,Westwood Ave,56B,8,3,3,1140 sqft,1786000,2026-04-18,Resale,99 yrs
T1933,Bukit Verde,D23,Bukit Batok West Ave 5,49A,26,9,3,90.2 sqm,2190000,13 Jul 2026,Resale,99 yrs
T1464,The Orchid Residences,D10,Orchard Boulevard,52A,18,9,3,98.7 sqm,3034000,2023-02-17,Resale,Freehold
T1038,Lakeshore Grand,D22,Lakeside Drive,31A,22,2,4,116.5 sqm,"$2,655,000",2025-08-31,Resale,99 yrs
T1288,Parc Meridian,D19,Hougang Ave 8,23A,27,4,3,1031 sqft,2267000,04/09/2024,Resale,99 yrs
T1048,Lakeshore Grand,22,Lakeside Drive,61A,29,9,2,668 sq ft,1319000,22/08/2024,new sale,99 yrs
T1568,Riverbend Suites,5,West Coast Crescent,53,21,2,2,746 sqft,"$1,914,000",13/07/2025,RESALE,99 yrs
T1135,LAKESHORE GRAND,22,Lakeside Drive,21B,6,12,3,908 sqft,"$1,429,000",10/03/2021,Resale,99 yrs
T2094,Tanjong Heights,D15,Tanjong Katong Road,4A,5,10,4,1281 sqft,"2,535,000",2020-01-13,New Sale,Freehold
T2656,QUEENS PARKVIEW,D03,Queensway,52B,12,8,1,563 sqft,"1,326,000",2022-04-10,Resale,99 yrs
T2605,Pasir View Residences,D18,Pasir Ris Drive 3,58,25,9,3,999 sq ft,1884000,11/01/2024,New Sale,99 yrs
T2677,Queens Parkview,D03,Queensway,24B,14,9,1,506 sqft,1347000,10/10/2025,Resale,99 yrs
T2366,holland crest,D10,Holland Road,48,18,6,2,671 sqft,"2,255,000",2023-01-11,New Sale,Freehold
T1909,Bukit Verde,D23,Bukit Batok West Ave 5,80B,#15-05,5,3,1116 sqft,2331000,15/02/2025,NEW SALE,99 yrs
T1984,Bukit Verde,D23,Bukit Batok West Ave 5,80B,14,3,3,1144 sqft,1735000,25/08/2021,Sub Sale,99 yrs
T2338,Sengkang Terrace,19,Compassvale Bow,53A,#10-01,1,2,654 sqft,"1,335,000",2023-09-27,SUB SALE,99 yrs
T1239,PARC MERIDIAN,D19,Hougang Ave 8,59B,30,8,2,757 sqft,1714000,14/12/2024,Resale,99 yrs
T2212,Sengkang Terrace,D19,Compassvale Bow,53A,30,12,3,1149 sqft,2467000,2025-05-10,New Sale,99 yrs
T2365,Holland Crest,D10,Holland Road,28,13,9,2,60.5 sqm,"1,961,000",2022-06-25,Resale,Freehold
T2462,Pasir View Residences,D18,Pasir Ris Drive 3,66,15,3,3,1145 sqft,2105000,2023-12-22,Resale,99 yrs
T2840,westwood gardens,D22,Westwood Ave,54B,2,12,3,1106 sqft,1535000,03 Nov 2022,Resale,99 yrs
T1207,Lakeshore Grand,D22,Lakeside Drive,61A,#06-06,6,2,736 sqft,1309000,2023-02-12,Resale,99 yrs
T2385,holland crest,D10,Holland Road,87A,2,11,2,691 sqft,"S$ 1,776,000",2020-03-09,New Sale,Freehold
T1328,Parc Meridian,19,Hougang Ave 8,23A,19,3,3,95.1 sqm,1723000,26/07/2022,Resale,99 yrs
T2307,Sengkang Terrace,D19,Compassvale Bow,53A,3,11,2,71.3 sqm,"$983,000",16 Apr 2020,Sub Sale,99 yrs
T1397,Parc Meridian,D19,Hougang Ave 8,59B,16,7,3,973 sqft,1842000,2022-01-24,Sub Sale,99 yrs
T1047,Lakeshore Grand,D22,Lakeside Drive,61A,3,11,4,123.0 sqm,2060000,20 Dec 2020,Resale,99 yrs
T1883,BUKIT VERDE,D23,Bukit Batok West Ave 5,49A,23,3,3,975 sqft,1549000,2021-01-30,Resale,99 yrs
T2459,Pasir View Residences,D18,Pasir Ris Drive 3,66,18,12,2,754 sq ft,"$1,513,000",2023-12-16,Resale,99 yrs
T2718,Queens Parkview,D03,Queensway,88,22,3,4,120.5 sq m,"S$ 2,991,000",2021-06-07,Resale,99 yrs
T1378,Parc Meridian,D19,Hougang Ave 8,25B,27,3,2,657 sq ft,1385000,2023-04-08,resale,99 yrs
T2136,TANJONG HEIGHTS,D15,Tanjong Katong Road,49B,#23-05,5,3,954 sqft,2640000,19 Aug 2023,SUB SALE,Freehold
T1713,marina vue,D01,Marina Way,86B,24,4,2,671 sqft,"S$ 1,988,000",2023-03-15,Resale,99 yrs
T1985,Bukit Verde,D23,Bukit Batok West Ave 5,80B,26,4,3,937 sq ft,1712000,02/10/2023,Resale,99 yrs
T1036,Lakeshore Grand,D22,Lakeside Drive,31A,30,6,3,920 sqft,1701000,2022-11-08,New Sale,99 yrs
T2538,Pasir View Residences,D18,Pasir Ris Drive 3,58,20,1,3,"1,149 sq ft","1,743,000",2021-07-08,New Sale,99 yrs
T2449,Pasir View Residences,D18,Pasir Ris Drive 3,58,26,11,4,1389 sqft,"2,465,000",2022-10-13,Resale,99 yrs
T2447,Pasir View Residences,D18,Pasir Ris Drive 3,90B,28,7,3,98.6 sqm,"$2,334,000",28 Dec 2025,NEW SALE,99 yrs
T1447,The Orchid Residences,D10,Orchard Boulevard,52A,19,1,3,"1,054 sq ft","$3,459,000",17/05/2024,Resale,Freehold
T2009,bukit verde,D23,Bukit Batok West Ave 5,26B,25,12,3,1043 sqft,"$1,524,000",09 Apr 2020,Resale,99 yrs
T2843,Westwood Gardens,D22,Westwood Ave,54B,18,1,2,664 sqft,1130000,11/11/2024,Resale,99 yrs
T2024,Tanjong Heights,D15,Tanjong Katong Road,49B,13,7,1,53.7 sqm,"$1,496,000",2023-11-05,Resale,Freehold
T2839,Westwood Gardens,D22,Westwood Ave,54B,24,4,1,563 sqft,789000,2021-03-16,Resale,99 yrs
T1891,bukit verde,D23,Bukit Batok West Ave 5,80B,19,9,2,799 sqft,1026000,11/10/2020,Resale,99 yrs
T2309,sengkang terrace,D19,Compassvale Bow,78A,17,4,3,1104 sqft,1742000,2021-10-08,New Sale,99 yrs
T1028,Lakeshore Grand,D22,Lakeside Drive,31A,5,4,3,950 sqft,1943000,2025-12-07,Resale,99 yrs
T1604,riverbend suites,D05,West Coast Crescent,16B,9,12,3,85.7 sq m,"$1,684,000",31/05/2021,resale,99 yrs
T1309,Parc Meridian,D19,Hougang Ave 8,59B,9,5,4,1453 sqft,3255000,2026-04-20,New Sale,99 yrs
T2626,QUEENS PARKVIEW,3,Queensway,52B,10,1,2,682 sqft,"S$ 1,807,000",2025-08-11,Sub Sale,99 yrs
T2171,Sengkang Terrace,19,Compassvale Bow,78A,28,11,4,1439 sqft,"S$ 2,937,000",2025-01-14,RESALE,99 yrs
T1486,The Orchid Residences,D10,Orchard Boulevard,29B,24,7,3,102.2 sq m,3489000,01/07/2021,Sub Sale,Freehold
T1854,Bukit Verde,D23,Bukit Batok West Ave 5,80B,18,2,3,975 sq ft,"S$ 1,297,000",2020-08-27,New Sale,99 yrs
T2580,pasir view residences,D18,Pasir Ris Drive 3,58,14,11,2,777 sqft,1013000,2020-04-23,Sub Sale,99 yrs
T2750,Westwood Gardens,D22,Westwood Ave,56B,2,9,2,,"$928,000",2022-04-18,Resale,99 yrs
T1043,Lakeshore Grand,D22,Lakeside Drive,31A,#07-10,10,1,48.9 sqm,1016000,2024-08-22,Sub Sale,99 yrs
T1764,Marina Vue,D01,Marina Way,20,15,5,4,1453 sqft,"$3,675,000",2021-05-05,Sub Sale,99 yrs
T2767,Westwood Gardens,D22,Westwood Ave,54B,21,11,3,1011 sqft,"$1,919,000",07 Oct 2025,resale,99 yrs
T2111,Tanjong Heights,D15,Tanjong Katong Road,65A,#25-06,6,2,694 sqft,"$2,062,000",2025-05-10,RESALE,Freehold
T1835,Bukit Verde,D23,Bukit Batok West Ave 5,80B,24,11,3,971 sqft,2115000,2025-09-07,New Sale,99 yrs
T2259,SENGKANG TERRACE,19,Compassvale Bow,86A,27,8,2,63.4 sqm,1200000,2022-11-04,Resale,99 yrs
T1490,The Orchid Residences,D10,Orchard Boulevard,74B,#11-06,6,3,971 sq ft,2778000,2021-10-07,New Sale,Freehold
T1342,Parc Meridian,D19,Hougang Ave 8,25B,14,8,2,67.8 sqm,1633000,12/07/2026,Resale,99 yrs
T1305,Parc Meridian,D19,Hougang Ave 8,59B,9,2,3,92.2 sqm,1692000,2021-11-15,RESALE,99 yrs
T1987,Bukit Verde,D23,Bukit Batok West Ave 5,49A,4,5,2,72.7 sq m,1620000,2026-04-23,Resale,99 yrs
T1988,Bukit Verde,D23,Bukit Batok West Ave 5,49A,8,8,2,736 sqft,"$1,573,000",2026-04-10,New Sale,99 yrs
T1408,the orchid residences,D10,Orchard Boulevard,52A,#05-06,6,2,67.0 sq m,"S$ 2,221,000",05/03/2025,Resale,Freehold
T2848,Westwood Gardens,22,Westwood Ave,54B,11,4,2,69.7 sqm,1189000,14/09/2024,Resale,99 yrs
T2748,Westwood Gardens,D22,Westwood Ave,56B,25,3,4,1378 sqft,"$1,855,000",2020-08-26,Resale,99 yrs
T2765,Westwood Gardens,22,Westwood Ave,33A,28,8,3,913 sqft,"$1,670,000",2026-01-23,New Sale,99 yrs
T1936,Bukit Verde,D23,Bukit Batok West Ave 5,26B,14,3,2,68.6 sq m,1661000,2026-03-17,RESALE,99 yrs
T1574,RIVERBEND SUITES,D05,West Coast Crescent,16B,#14-10,10,2,71.8 sq m,1855000,2025-03-08,Resale,99 yrs
T1258,PARC MERIDIAN,D19,Hougang Ave 8,25B,22,12,2,63.4 sqm,"1,533,000",12/09/2024,Resale,99 yrs
T2591,Pasir View Residences,D18,Pasir Ris Drive 3,90B,20,12,2,66.5 sqm,"$1,296,000",18/03/2024,RESALE,99 yrs
T2588,Pasir View Residences,D18,Pasir Ris Drive 3,66,29,5,2,670 sqft,"$1,068,000",2020-10-22,RESALE,99 yrs
T2324,Sengkang Terrace,D19,Compassvale Bow,78A,22,6,3,1112 sqft,1758000,2020-09-07,sub sale,99 yrs
T2492,Pasir View Residences,D18,Pasir Ris Drive 3,66,24,8,2,663 sqft,"1,034,000",2022-01-27,Sub Sale,99 yrs
T2525,Pasir View Residences,D18,Pasir Ris Drive 3,90B,22,7,3,984 sqft,1654000,2022-06-19,Sub Sale,99 yrs
T1018,Lakeshore Grand,D22,Lakeside Drive,31A,12,3,2,658 sqft,"$1,064,000",2021-09-16,Resale,99 yrs
T2744,Westwood Gardens,D22,Westwood Ave,33A,12,1,2,723 sqft,"$959,000",2020-07-26,Sub Sale,99 yrs
T2399,Holland Crest,D10,Holland Road,48,6,1,1,525 sq ft,1610000,2021-12-14,SUB SALE,Freehold
T1864,Bukit Verde,D23,Bukit Batok West Ave 5,80B,9,11,2,742 sq ft,"$1,224,000",2022-11-24,Resale,99 yrs
T2727,Queens Parkview,D03,Queensway,88,3,10,4,,"$3,070,000",10 Feb 2021,Sub Sale,99 yrs
T1560,Riverbend Suites,D05,West Coast Crescent,54,21,6,3,"1,059 sq ft",2480000,2024-02-04,New Sale,99 yrs
T2143,Tanjong Heights,D15,Tanjong Katong Road,65A,12,4,2,70.8 sqm,"$1,830,000",2023-02-22,Sub Sale,Freehold
T1205,LAKESHORE GRAND,D22,Lakeside Drive,31A,15,5,3,100.1 sq m,1957000,2024-05-20,New Sale,99 yrs
T1458,The Orchid Residences,D10,Orchard Boulevard,29B,19,2,3,104.2 sq m,-,2020-03-13,Resale,Freehold
T1670,Riverbend Suites,D05,West Coast Crescent,54,15,6,3,904 sq ft,1497000,14/08/2020,resale,99 yrs
T1470,THE ORCHID RESIDENCES,D10,Orchard Boulevard,74B,7,9,2,688 sqft,"$1,999,000",2023-11-16,RESALE,Freehold
T1700,Marina Vue,D01,Marina Way,81B,#22-01,1,3,1122 sqft,"$3,285,000",2025-05-25,Resale,99 yrs
T1462,THE ORCHID RESIDENCES,10,Orchard Boulevard,52A,12,4,3,1047 sqft,3328000,14/11/2025,resale,Freehold
T2714,queens parkview,D03,Queensway,88,#04-04,4,4,"1,426 sq ft",2993000,13/06/2021,Resale,99 yrs
T1561,Riverbend Suites,D05,West Coast Crescent,53,14,4,2,705 sqft,1819000,20/03/2025,New Sale,99 yrs
T2141,Tanjong Heights,D15,Tanjong Katong Road,4A,16,9,3,920 sqft,2426000,2024-03-21,NEW SALE,Freehold
T1409,The Orchid Residences,D10,Orchard Boulevard,74B,24,11,3,1116 sqft,3395000,06/01/2024,Sub Sale,Freehold
T1577,Riverbend Suites,5,West Coast Crescent,54,21,8,4,,"$2,605,000",17/10/2020,Resale,99 yrs
T2340,Sengkang Terrace,D19,Compassvale Bow,53A,20,11,4,121.1 sq m,2153000,10/05/2022,Resale,99 yrs
T1410,The Orchid Residences,D10,Orchard Boulevard,29B,25,2,3,1018 sqft,3568000,2026-03-21,Resale,Freehold
T2529,Pasir View Residences,D18,Pasir Ris Drive 3,66,8,4,4,1376 sqft,2347000,04/08/2023,Resale,99 yrs
T1706,Marina Vue,D01,Marina Way,86B,#30-11,11,1,573 sqft,1406000,2021-03-04,Resale,99 yrs
T2466,PASIR VIEW RESIDENCES,D18,Pasir Ris Drive 3,90B,3,7,3,"1,039 sq ft","1,850,000",10/03/2024,RESALE,99 yrs
T2613,Queens Parkview,D03,Queensway,24B,23,4,3,975 sqft,"$2,303,000",11 Mar 2023,Resale,99 yrs
T2576,Pasir View Residences,D18,Pasir Ris Drive 3,66,22,3,4,1358 sqft,2413000,17 Apr 2023,Resale,99 yrs
T2259,Sengkang Terrace,19,Compassvale Bow,86A,27,8,2,682 sqft,"$1,200,000",04/11/2022,Resale,99 yrs
T1926,Bukit Verde,D23,Bukit Batok West Ave 5,80B,30,10,4,1416 sqft,"2,043,000",2020-10-14,Resale,99 yrs
T2689,Queens Parkview,3,Queensway,24B,#22-11,11,3,1141 sqft,3244000,2024-12-12,Resale,99 yrs
T2563,Pasir View Residences,D18,Pasir Ris Drive 3,58,22,7,3,909 sq ft,1392000,31/08/2020,RESALE,99 yrs
T2523,Pasir View Residences,D18,Pasir Ris Drive 3,90B,19,12,4,1385 sqft,2217000,2020-08-01,RESALE,99 yrs
T2646,Queens Parkview,D03,Queensway,88,16,3,1,49.8 sq m,1381000,26/06/2024,Resale,99 yrs
T1223,Parc Meridian,D19,Hougang Ave 8,25B,6,11,3,944 sqft,"$1,437,000",16/02/2020,New Sale,99 yrs
T1607,Riverbend Suites,D05,West Coast Crescent,54,8,4,3,908 sqft,"$1,890,000",30/08/2024,Resale,99 yrs
T2314,Sengkang Terrace,19,Compassvale Bow,53A,15,11,1,555 sqft,740000,24/11/2020,RESALE,99 yrs
T1703,Marina Vue,D01,Marina Way,86B,24,2,3,965 sqft,2745000,11/07/2024,New Sale,99 yrs
T1953,bukit verde,D23,Bukit Batok West Ave 5,49A,9,1,3,91.0 sq m,1449000,15 Jul 2022,Resale,99 yrs
T2312,Sengkang Terrace,D19,Compassvale Bow,86A,21,4,1,47.9 sqm,"1,019,000",2026-04-13,Resale,99 yrs
T2014,Tanjong Heights,15,Tanjong Katong Road,49B,26,8,3,1069 sqft,"3,437,000",2026-01-19,Resale,Freehold
T1072,Lakeshore Grand,D22,Lakeside Drive,61A,15,10,4,1424 sqft,"S$ 2,872,000",2025-03-13,Resale,99 yrs
T2601,Pasir View Residences,D18,Pasir Ris Drive 3,90B,10,11,3,920 sqft,"$1,497,000",2023-10-20,Resale,99 yrs
T1333,Parc Meridian,D19,Hougang Ave 8,59B,7,8,1,511 sq ft,927000,18/03/2024,New Sale,99 yrs
T2363,holland crest,D10,Holland Road,28,#03-03,3,4,"1,463 sq ft",5163000,2025-12-07,Sub Sale,Freehold
T2407,holland crest,D10,Holland Road,87A,24,9,2,762 sqft,2621000,2025-07-12,Resale,Freehold
T1202,Lakeshore Grand,D22,Lakeside Drive,21B,22,4,3,88.7 sqm,1466000,2020-02-24,Resale,99 yrs
T2167,Sengkang Terrace,D19,Compassvale Bow,78A,#16-07,7,2,686 sqft,1238000,2023-02-03,Resale,99 yrs
T2266,Sengkang Terrace,D19,Compassvale Bow,53A,24,2,3,98.6 sqm,"$1,354,000",2020-04-01,Resale,99 yrs
T1468,The Orchid Residences,D10,Orchard Boulevard,74B,15,9,3,984 sqft,2849000,2020-09-07,New Sale,Freehold
T1878,Bukit Verde,D23,Bukit Batok West Ave 5,49A,30,10,2,65.8 sq m,"$1,046,000",2020-06-28,Resale,99 yrs
T2113,Tanjong Heights,15,Tanjong Katong Road,65A,20,4,2,751 sqft,2203000,05/06/2026,RESALE,Freehold
T2633,Queens Parkview,D03,Queensway,24B,3,10,3,101.4 sqm,"$2,103,000",2020-01-02,Resale,99 yrs
T1093,Lakeshore Grand,D22,Lakeside Drive,31A,11,1,4,"1,278 sq ft","2,088,000",25/12/2021,Resale,99 yrs
T1910,Bukit Verde,D23,Bukit Batok West Ave 5,80B,4,3,2,682 sqft,"$1,268,000",03/09/2025,Resale,99 yrs
T1407,The Orchid Residences,D10,Orchard Boulevard,29B,15,4,1,46.5 sq m,"$1,484,000",2021-10-04,resale,Freehold
T1136,Lakeshore Grand,D22,Lakeside Drive,21B,20,6,2,73.3 sq m,"$1,338,000",17/10/2022,Resale,99 yrs
T2358,HOLLAND CREST,D10,Holland Road,48,4,11,2,789 sqft,"2,562,000",2024-05-07,Resale,Freehold
T1972,BUKIT VERDE,D23,Bukit Batok West Ave 5,80B,9,2,3,903 sqft,1531000,07/06/2024,Resale,99 yrs
T1620,Riverbend Suites,D05,West Coast Crescent,53,16,7,2,71.0 sqm,"$1,445,000",2020-04-29,RESALE,99 yrs
T2251,Sengkang Terrace,D19,Compassvale Bow,86A,25,12,1,487 sqft,"$837,000",26 Oct 2022,RESALE,99 yrs
T1277,Parc Meridian,D19,Hougang Ave 8,25B,17,6,3,"1,097 sq ft",2065000,2022-08-21,Resale,99 yrs
T2593,PASIR VIEW RESIDENCES,D18,Pasir Ris Drive 3,58,15,12,2,685 sqft,1422000,2024-11-25,Resale,99 yrs
T1623,Riverbend Suites,D05,West Coast Crescent,53,13,11,3,1014 sqft,2174000,01/08/2023,Resale,99 yrs
T2760,Westwood Gardens,D22,Westwood Ave,33A,18,10,2,731 sqft,1101000,2022-06-12,Resale,99 yrs
T2813,Westwood Gardens,D22,Westwood Ave,56B,12,11,3,104.9 sq m,1415000,2020-02-17,Sub Sale,99 yrs
T2479,Pasir View Residences,D18,Pasir Ris Drive 3,90B,#15-10,10,4,"1,349 sq ft",2421000,2024-02-16,Resale,99 yrs
T1831,Bukit Verde,D23,Bukit Batok West Ave 5,26B,23,12,1,548 sqft,850000,31 Mar 2022,Resale,99 yrs
T1456,The Orchid Residences,D10,Orchard Boulevard,74B,27,9,2,794 sqft,"$2,257,000",2020-08-31,New Sale,Freehold
T1495,THE ORCHID RESIDENCES,D10,Orchard Boulevard,29B,30,10,3,1052 sqft,3202000,2023-03-10,Resale,Freehold
T2362,HOLLAND CREST,D10,Holland Road,28,#27-10,10,3,915 sqft,"$3,237,000",2024-02-02,Resale,Freehold
T1186,Lakeshore Grand,D22,Lakeside Drive,61A,10,4,1,561 sq ft,-,2023-03-23,resale,99 yrs
T1580,Riverbend Suites,D05,West Coast Crescent,53,#28-08,8,3,985 sqft,"2,625,000",06/01/2025,resale,99 yrs
T1832,Bukit Verde,D23,Bukit Batok West Ave 5,80B,4,3,1,51.3 sqm,832000,2022-10-02,Resale,99 yrs
T1330,Parc Meridian,D19,Hougang Ave 8,23A,8,11,1,558 sqft,"$961,000",2021-05-12,New Sale,99 yrs
T2382,Holland Crest,D10,Holland Road,87A,15,2,2,71.7 sq m,2169000,2021-01-06,Resale,Freehold
T1329,Parc Meridian,D19,Hougang Ave 8,23A,#25-02,2,2,785 sqft,"$1,796,000",2025-10-16,Sub Sale,99 yrs
T1261,Parc Meridian,D19,Hougang Ave 8,23A,5,6,3,88.6 sq m,1892000,06/06/2024,New Sale,99 yrs
T1892,BUKIT VERDE,D23,Bukit Batok West Ave 5,26B,29,12,3,1089 sqft,"$2,213,000",2024-09-04,Resale,99 yrs
T1178,Lakeshore Grand,D22,Lakeside Drive,21B,27,12,3,1029 sqft,"$2,213,000",11/01/2025,new sale,99 yrs
T2083,Tanjong Heights,D15,Tanjong Katong Road,49B,#08-02,2,1,49.8 sqm,1116000,2020-09-14,sub sale,Freehold
T1873,Bukit Verde,D23,Bukit Batok West Ave 5,26B,2,6,3,915 sqft,1906000,2026-06-06,New Sale,99 yrs
T1405,The Orchid Residences,D10,Orchard Boulevard,74B,29,3,4,"1,452 sq ft",4389000,26/07/2021,Resale,Freehold
T1807,Bukit Verde,D23,Bukit Batok West Ave 5,26B,2,10,2,63.4 sq m,1286000,17/05/2025,Resale,99 yrs
T2514,Pasir View Residences,D18,Pasir Ris Drive 3,90B,9,12,3,103.6 sq m,"2,035,000",19/01/2026,RESALE,99 yrs
T2542,Pasir View Residences,D18,Pasir Ris Drive 3,58,3,12,1,493 sqft,"$800,000",2022-05-24,SUB SALE,99 yrs
T2423,Holland Crest,D10,Holland Road,28,15,5,2,71.9 sqm,23230000,23/07/2023,Resale,Freehold
T1391,Parc Meridian,D19,Hougang Ave 8,25B,22,12,3,902 sq ft,"$1,904,000",2023-12-27,new sale,99 yrs
T2798,Westwood Gardens,D22,Westwood Ave,54B,27,5,4,128.7 sq m,2551000,2026-06-18,Resale,99 yrs
T1901,Bukit Verde,23,Bukit Batok West Ave 5,49A,6,6,4,"1,358 sq ft","$1,969,000",2020-10-28,RESALE,99 yrs
T2800,Westwood Gardens,D22,Westwood Ave,54B,10,3,2,786 sq ft,"$1,227,000",30/10/2023,Resale,99 yrs
T1444,The Orchid Residences,D10,Orchard Boulevard,52A,14,12,3,105.3 sqm,"$2,769,000",11 May 2020,RESALE,Freehold
T1268,Parc Meridian,D19,Hougang Ave 8,59B,20,7,3,1137 sqft,1885000,10 May 2022,New Sale,99 yrs
T1012,Lakeshore Grand,D22,Lakeside Drive,21B,25,7,2,62.7 sq m,"$1,138,000",26/10/2022,Sub Sale,99 yrs
T2803,Westwood Gardens,D22,Westwood Ave,54B,#26-02,2,2,754 sqft,"1,214,000",2023-08-05,Resale,99 yrs
T1964,Bukit Verde,D23,Bukit Batok West Ave 5,49A,11,5,3,"1,094 sq ft",,2025-11-28,RESALE,99 yrs
T1606,Riverbend Suites,5,West Coast Crescent,54,27,11,1,555 sqft,"1,167,000",2022-10-17,Resale,99 yrs
T1498,The Orchid Residences,D10,Orchard Boulevard,74B,28,8,4,,4941000,07/05/2025,Resale,Freehold
T1534,Riverbend Suites,D05,West Coast Crescent,16B,30,12,2,783 sqft,"$1,618,000",13/01/2023,Resale,99 yrs
T2304,Sengkang Terrace,D19,Compassvale Bow,78A,4,8,4,1305 sqft,"1,943,000",2022-02-10,New Sale,99 yrs
T2101,tanjong heights,D15,Tanjong Katong Road,65A,19,9,2,679 sqft,1655000,2022-03-13,Resale,Freehold
T1565,Riverbend Suites,D05,West Coast Crescent,16B,21,10,3,1021 sqft,"$2,392,000",2024-08-14,Sub Sale,99 yrs
T2389,HOLLAND CREST,D10,Holland Road,87A,#20-03,3,3,1074 sqft,3740000,21/03/2023,resale,Freehold
T1955,Bukit Verde,D23,Bukit Batok West Ave 5,49A,15,7,3,1005 sqft,1743000,2023-05-24,resale,99 yrs
T1280,Parc Meridian,D19,Hougang Ave 8,25B,7,9,2,766 sqft,1628000,17 Dec 2023,Resale,99 yrs
T1971,BUKIT VERDE,D23,Bukit Batok West Ave 5,26B,20,10,2,709 sqft,"1,404,000",24/09/2023,New Sale,99 yrs
T2644,Queens Parkview,D03,Queensway,24B,3,6,3,987 sqft,"$2,184,000",2022-05-22,Resale,99 yrs
T1249,Parc Meridian,D19,Hougang Ave 8,59B,24,11,2,793 sqft,1945000,2025-04-10,New Sale,99 yrs
T1395,Parc Meridian,D19,Hougang Ave 8,23A,#22-05,5,1,538 sqft,"S$ 992,000",20/06/2022,Resale,99 yrs
T1466,The Orchid Residences,D10,Orchard Boulevard,74B,2,2,2,756 sqft,2411000,2025-10-21,Resale,Freehold
T1425,The Orchid Residences,D10,Orchard Boulevard,29B,17,3,2,730 sqft,2189000,2021-08-16,Resale,Freehold
T1844,Bukit Verde,D23,Bukit Batok West Ave 5,26B,30,2,2,678 sqft,1148000,22/04/2023,Resale,99 yrs
T2392,Holland Crest,D10,Holland Road,28,25,6,3,90.9 sq m,"3,111,000",2022-04-24,RESALE,Freehold
T2323,Sengkang Terrace,D19,Compassvale Bow,86A,14,7,3,1027 sqft,2184000,2025-09-28,Sub Sale,99 yrs
T2279,Sengkang Terrace,D19,Compassvale Bow,86A,#04-09,9,3,990 sqft,2079000,2026-01-30,New Sale,99 yrs
T2782,Westwood Gardens,D22,Westwood Ave,54B,22,1,2,706 sqft,"$1,263,000",2026-02-24,RESALE,99 yrs
T2073,TANJONG HEIGHTS,D15,Tanjong Katong Road,4A,27,9,1,492 sqft,"$1,378,000",07 Sep 2024,Resale,Freehold
T2670,Queens Parkview,D03,Queensway,88,9,3,3,980 sqft,2510000,2024-04-05,Resale,99 yrs
T1065,Lakeshore Grand,D22,Lakeside Drive,31A,19,5,1,573 sqft,1057000,10/07/2023,Resale,99 yrs
T2550,Pasir View Residences,D18,Pasir Ris Drive 3,58,20,12,4,118.5 sqm,1786000,2020-04-28,RESALE,99 yrs
T1810,bukit verde,D23,Bukit Batok West Ave 5,49A,#10-08,8,2,796 sqft,1582000,2025-08-31,RESALE,99 yrs
T1808,Bukit Verde,D23,Bukit Batok West Ave 5,49A,28,9,3,972 sqft,1480000,2020-08-30,Resale,99 yrs
T2367,Holland Crest,D10,Holland Road,28,27,5,3,1021 sqft,3276000,04 Feb 2022,Resale,Freehold
T1327,Parc Meridian,D19,Hougang Ave 8,59B,#08-09,9,2,,1460000,2022-11-06,New Sale,99 yrs
T1913,Bukit Verde,23,Bukit Batok West Ave 5,80B,17,1,2,698 sqft,1293000,2024-10-17,SUB SALE,99 yrs
T1684,Riverbend Suites,D05,West Coast Crescent,53,28,8,3,933 sqft,"1,809,000",23 Oct 2020,Resale,99 yrs
T1562,Riverbend Suites,D05,West Coast Crescent,53,5,2,1,521 sqft,948000,17/06/2020,New Sale,99 yrs
T2821,westwood gardens,D22,Westwood Ave,56B,6,4,3,939 sq ft,1459000,2023-05-16,Resale,99 yrs
T1087,Lakeshore Grand,D22,Lakeside Drive,31A,4,3,2,668 sqft,"$1,264,000",2025-07-26,Resale,99 yrs
T1336,Parc Meridian,D19,Hougang Ave 8,23A,12,7,4,137.9 sqm,2438000,08/04/2021,Sub Sale,99 yrs
T1244,Parc Meridian,D19,Hougang Ave 8,25B,9,11,4,128.8 sq m,2510000,30/03/2023,SUB SALE,99 yrs
T2040,Tanjong Heights,D15,Tanjong Katong Road,49B,5,7,3,88.7 sqm,"S$ 2,374,000",30 Jun 2023,New Sale,Freehold
T2284,Sengkang Terrace,D19,Compassvale Bow,78A,26,12,2,719 sqft,1337000,31 May 2022,Resale,99 yrs
T2155,Sengkang Terrace,D19,Compassvale Bow,86A,21,3,3,87.0 sqm,"$2,189,000",2026-06-24,Resale,99 yrs
T1697,Marina Vue,D01,Marina Way,20,25,5,2,757 sq ft,2111000,23/05/2026,RESALE,99 yrs
T1678,Riverbend Suites,D05,West Coast Crescent,16B,15,1,3,957 sq ft,"$1,975,000",2023-10-29,New Sale,99 yrs
T1698,Marina Vue,D01,Marina Way,20,5,12,3,912 sqft,"2,276,000",31/05/2022,Resale,99 yrs
T2647,queens parkview,D03,Queensway,52B,#26-09,9,2,738 sq ft,1604000,14/11/2021,RESALE,99 yrs
T2141,Tanjong Heights,D15,Tanjong Katong Road,4A,16,9,3,920 sqft,2426000,2024-03-21,NEW SALE,Freehold
T2004,bukit verde,D23,Bukit Batok West Ave 5,26B,19,9,3,1140 sqft,1679000,09 May 2022,Resale,99 yrs
T1634,RIVERBEND SUITES,D05,West Coast Crescent,54,17,4,2,744 sq ft,"$1,617,000",2022-03-28,Sub Sale,99 yrs
T2396,Holland Crest,D10,Holland Road,48,22,1,3,92.5 sq m,"$2,958,000",2020-05-02,Resale,Freehold
T2835,Westwood Gardens,D22,Westwood Ave,33A,28,3,3,"1,075 sq ft",1722000,2024-05-10,RESALE,99 yrs
T1196,Lakeshore Grand,D22,Lakeside Drive,21B,#23-01,1,3,87.9 sq m,1385000,2020-01-27,Resale,99 yrs
T1785,Bukit Verde,D23,Bukit Batok West Ave 5,26B,22,3,4,"1,371 sq ft","S$ 2,852,000",2026-05-09,Resale,99 yrs
T1609,Riverbend Suites,D05,West Coast Crescent,54,#11-08,8,2,707 sqft,"$1,465,000",25/10/2022,New Sale,99 yrs
T1016,lakeshore grand,D22,Lakeside Drive,61A,25,8,3,920 sqft,"$1,935,000",2026-07-17,RESALE,99 yrs
T2734,Queens Parkview,D03,Queensway,52B,5,5,2,688 sqft,"$1,482,000",2022-09-19,Resale,99 yrs
T1555,Riverbend Suites,5,West Coast Crescent,54,#29-11,11,2,663 sqft,"$1,625,000",18/08/2025,New Sale,99 yrs
T2033,Tanjong Heights,D15,Tanjong Katong Road,49B,24,4,2,684 sqft,"$1,796,000",2022-01-04,RESALE,Freehold
T1063,Lakeshore Grand,D22,Lakeside Drive,31A,22,12,1,53.7 sq m,"S$ 990,000",03 Sep 2022,Resale,99 yrs
T2787,Westwood Gardens,D22,Westwood Ave,54B,24,3,2,681 sqft,"1,201,000",02/04/2026,Resale,99 yrs
T2692,Queens Parkview,D03,Queensway,24B,30,11,4,1341 sqft,"$3,395,000",2022-02-20,New Sale,99 yrs
T1548,Riverbend Suites,D05,West Coast Crescent,16B,17,4,2,729 sqft,"$1,473,000",2022-06-14,New Sale,99 yrs
T1644,Riverbend Suites,D05,West Coast Crescent,54,#21-01,1,2,743 sq ft,1957000,08 Sep 2025,RESALE,99 yrs
T1198,Lakeshore Grand,D22,Lakeside Drive,21B,14,11,2,721 sqft,1496000,29/07/2024,Resale,99 yrs
T2368,Holland Crest,D10,Holland Road,48,5,10,2,761 sqft,2335000,02/12/2021,Resale,Freehold
T2812,Westwood Gardens,22,Westwood Ave,54B,2,4,3,"1,013 sq ft","S$ 1,180,000",2021-04-16,sub sale,99 yrs
T2384,Holland Crest,D10,Holland Road,28,24,1,3,1089 sqft,"$3,093,000",30/10/2021,resale,Freehold
T1639,Riverbend Suites,D05,West Coast Crescent,54,30,6,2,665 sqft,1595000,2024-07-28,Resale,99 yrs
T2189,Sengkang Terrace,19,Compassvale Bow,78A,14,1,3,85.7 sqm,"$1,457,000",28 Mar 2023,Resale,99 yrs
T1368,Parc Meridian,D19,Hougang Ave 8,59B,7,11,1,577 sq ft,1125000,2026-02-26,SUB SALE,99 yrs
T1934,Bukit Verde,D23,Bukit Batok West Ave 5,26B,15,1,3,994 sqft,1970000,07/01/2025,Sub Sale,99 yrs
T2306,Sengkang Terrace,D19,Compassvale Bow,86A,24,1,2,707 sqft,"$1,411,000",29/07/2024,New Sale,99 yrs
T2302,Sengkang Terrace,D19,Compassvale Bow,86A,15,9,4,1460 sqft,3006000,09/08/2025,Resale,99 yrs
T2183,Sengkang Terrace,D19,Compassvale Bow,86A,19,10,3,1029 sqft,1326000,2020-01-04,New Sale,99 yrs
T2098,Tanjong Heights,D15,Tanjong Katong Road,4A,24,3,3,968 sqft,"2,605,000",2024-11-18,Resale,Freehold
T1224,Parc Meridian,19,Hougang Ave 8,59B,5,10,3,85.6 sq m,"S$ 1,349,000",03 Mar 2020,New Sale,99 yrs
T2438,Pasir View Residences,D18,Pasir Ris Drive 3,58,7,6,1,580 sqft,"S$ 890,000",2023-03-09,Resale,99 yrs
T1343,Parc Meridian,19,Hougang Ave 8,59B,22,10,2,758 sqft,1875000,2025-12-11,resale,99 yrs
T2000,bukit verde,D23,Bukit Batok West Ave 5,80B,11,10,3,1043 sqft,"$1,751,000",2024-03-29,Resale,99 yrs
T2355,Holland Crest,D10,Holland Road,48,30,6,4,116.6 sqm,4088000,2021-08-02,NEW SALE,Freehold
T1332,Parc Meridian,D19,Hougang Ave 8,59B,#25-10,10,3,90.4 sq m,2313000,2025-07-25,resale,99 yrs
T1020,Lakeshore Grand,D22,Lakeside Drive,21B,14,9,3,1137 sqft,2273000,2026-05-18,New Sale,99 yrs
T1334,Parc Meridian,D19,Hougang Ave 8,23A,15,12,4,128.9 sqm,"$2,403,000",31/12/2020,Resale,99 yrs
T1013,Lakeshore Grand,D22,Lakeside Drive,31A,16,10,4,131.3 sqm,"$2,248,000",25/08/2020,Resale,99 yrs
T2292,Sengkang Terrace,D19,Compassvale Bow,53A,#17-02,2,3,1144 sqft,"S$ 2,265,000",2024-04-29,Resale,99 yrs
T1649,RIVERBEND SUITES,D05,West Coast Crescent,53,9,5,2,68.6 sq m,"$1,432,000",2021-07-16,Resale,99 yrs
T1866,Bukit Verde,D23,Bukit Batok West Ave 5,26B,28,7,3,105.2 sqm,2659000,06/02/2026,Resale,99 yrs
T1767,Marina Vue,D01,Marina Way,20,16,8,1,492 sqft,1379000,10 Oct 2025,New Sale,99 yrs
T1318,Parc Meridian,D19,Hougang Ave 8,59B,21,10,4,1314 sqft,"$2,204,000",2020-02-03,Resale,99 yrs
T1300,Parc Meridian,D19,Hougang Ave 8,59B,16,7,2,650 sqft,1193000,12/07/2022,Sub Sale,99 yrs
T1610,Riverbend Suites,D05,West Coast Crescent,53,#02-11,11,2,74.0 sqm,1784000,2024-05-29,Resale,99 yrs
T1834,Bukit Verde,D23,Bukit Batok West Ave 5,49A,#13-07,7,2,732 sqft,"1,074,000",2021-03-21,Resale,99 yrs
T2685,Queens Parkview,D03,Queensway,52B,8,3,1,558 sqft,"$1,548,000",2025-12-11,Resale,99 yrs
T1476,The Orchid Residences,10,Orchard Boulevard,29B,3,12,2,674 sqft,1878000,17/04/2021,Sub Sale,Freehold
T1587,Riverbend Suites,D05,West Coast Crescent,16B,10,9,4,"1,321 sq ft","$2,523,000",2020-09-25,new sale,99 yrs
T1566,Riverbend Suites,D05,West Coast Crescent,53,20,8,2,703 sq ft,1428000,2022-05-23,resale,99 yrs
T2528,Pasir View Residences,D18,Pasir Ris Drive 3,66,24,2,3,987 sqft,"S$ 1,992,000",2024-09-02,Resale,99 yrs
T1015,Lakeshore Grand,D22,Lakeside Drive,31A,11,1,1,580 sq ft,"$1,160,000",01 Aug 2025,RESALE,99 yrs
T1905,Bukit Verde,D23,Bukit Batok West Ave 5,80B,10,4,1,556 sqft,762000,09 Nov 2020,Resale,99 yrs
T2777,Westwood Gardens,D22,Westwood Ave,56B,25,6,3,"1,133 sq ft",1761000,2022-11-10,Sub Sale,99 yrs
T1090,Lakeshore Grand,D22,Lakeside Drive,61A,#08-08,8,2,68.0 sq m,"S$ 1,530,000",09/02/2026,resale,99 yrs
T1995,Bukit Verde,D23,Bukit Batok West Ave 5,26B,13,2,2,766 sqft,1675000,29 Jun 2026,Resale,99 yrs
T2160,Sengkang Terrace,D19,Compassvale Bow,53A,6,6,2,725 sqft,1250000,2023-10-22,RESALE,99 yrs
T1191,Lakeshore Grand,22,Lakeside Drive,31A,29,9,3,,1705000,2023-09-14,Resale,99 yrs
T2745,Westwood Gardens,D22,Westwood Ave,33A,25,12,1,485 sqft,"$663,000",2020-05-04,Resale,99 yrs
T1523,Riverbend Suites,D05,West Coast Crescent,53,#08-09,9,3,922 sqft,2142000,29/11/2023,resale,99 yrs
T1637,Riverbend Suites,D05,West Coast Crescent,54,20,3,4,,3293000,2024-10-30,Resale,99 yrs
T2007,Bukit Verde,D23,Bukit Batok West Ave 5,26B,#14-05,5,2,669 sq ft,"S$ 1,396,000",2025-08-27,Resale,99 yrs
T1948,bukit verde,D23,Bukit Batok West Ave 5,80B,4,11,2,768 sqft,"1,726,000",16 Mar 2026,SUB SALE,99 yrs
T2738,Queens Parkview,D03,Queensway,52B,18,11,2,64.1 sqm,-,18/08/2024,RESALE,99 yrs
T2621,Queens Parkview,3,Queensway,52B,20,2,3,911 sqft,2008000,2022-01-09,Resale,99 yrs
T2838,Westwood Gardens,D22,Westwood Ave,56B,#06-04,4,3,946 sqft,1580000,2025-01-05,Resale,99 yrs
T2681,Queens Parkview,D03,Queensway,24B,30,2,3,1112 sqft,3046000,12/10/2024,New Sale,99 yrs
T1640,riverbend suites,D05,West Coast Crescent,54,19,12,4,122.5 sqm,2989000,07/10/2022,RESALE,99 yrs
T1289,Parc Meridian,D19,Hougang Ave 8,59B,2,2,3,1019 sqft,1455000,12/05/2020,new sale,99 yrs
T1056,Lakeshore Grand,D22,Lakeside Drive,61A,26,4,2,665 sqft,"$1,369,000",2024-07-29,New Sale,99 yrs
T1297,Parc Meridian,D19,Hougang Ave 8,59B,10,6,2,767 sq ft,1363000,2022-11-30,Resale,99 yrs
T1171,lakeshore grand,D22,Lakeside Drive,21B,10,12,1,516 sqft,"779,000",2020-01-11,resale,99 yrs
T1310,Parc Meridian,D19,Hougang Ave 8,23A,7,11,3,89.1 sqm,1491000,2021-04-18,RESALE,99 yrs
T1681,Riverbend Suites,D05,West Coast Crescent,16B,21,6,3,949 sqft,2579000,2025-06-02,SUB SALE,99 yrs
T1825,Bukit Verde,D23,Bukit Batok West Ave 5,80B,9,3,3,"1,123 sq ft",1480000,07/07/2020,Resale,99 yrs
T2617,Queens Parkview,D03,Queensway,24B,#10-07,7,4,"1,287 sq ft","S$ 3,562,000",01 Mar 2025,Resale,99 yrs
T1803,Bukit Verde,D23,Bukit Batok West Ave 5,49A,12,6,2,730 sqft,1333000,15/02/2025,Resale,99 yrs
T2797,westwood gardens,D22,Westwood Ave,54B,19,7,1,50.8 sqm,"$851,000",04 May 2022,new sale,99 yrs
T2452,Pasir View Residences,D18,Pasir Ris Drive 3,58,2,5,2,783 sq ft,1335000,2024-02-10,New Sale,99 yrs
T2159,Sengkang Terrace,D19,Compassvale Bow,86A,21,3,2,72.1 sqm,"$1,311,000",24/05/2023,Resale,99 yrs
T1005,Lakeshore Grand,D22,Lakeside Drive,61A,17,10,3,106.7 sq m,"$2,578,000",07/03/2026,resale,99 yrs
T2242,Sengkang Terrace,D19,Compassvale Bow,53A,26,6,3,951 sqft,1639000,16/09/2021,Resale,99 yrs
T1006,Lakeshore Grand,D22,Lakeside Drive,21B,28,6,2,668 sqft,"$1,129,000",10/09/2022,Resale,99 yrs
T2698,Queens Parkview,D03,Queensway,88,22,4,2,759 sq ft,1753000,2021-05-11,Resale,99 yrs
T1809,Bukit Verde,23,Bukit Batok West Ave 5,80B,19,8,3,102.0 sqm,"$2,284,000",06/11/2025,Resale,99 yrs
T2209,SENGKANG TERRACE,D19,Compassvale Bow,78A,5,2,1,529 sqft,"795,000",2021-05-29,Resale,99 yrs
T2230,Sengkang Terrace,D19,Compassvale Bow,53A,21,1,3,89.0 sq m,1923000,2024-07-03,Resale,99 yrs
T2618,Queens Parkview,D03,Queensway,24B,#07-12,12,4,1474 sqft,"S$ 3,095,000",22/12/2021,Resale,99 yrs
T2700,Queens Parkview,D03,Queensway,24B,#25-08,8,4,1474 sqft,4325000,2025-06-14,RESALE,99 yrs
T1382,Parc Meridian,D19,Hougang Ave 8,59B,23,2,3,88.6 sq m,"S$ 1,875,000",2023-02-25,New Sale,99 yrs
T2807,Westwood Gardens,D22,Westwood Ave,56B,6,10,2,793 sq ft,1352000,25/01/2026,RESALE,99 yrs
T1695,Marina Vue,D01,Marina Way,86B,28,11,4,1397 sqft,"$3,722,000",13/03/2022,Resale,99 yrs
T1912,Bukit Verde,D23,Bukit Batok West Ave 5,26B,18,3,2,762 sqft,1261000,2022-04-09,New Sale,99 yrs
T2333,Sengkang Terrace,D19,Compassvale Bow,78A,10,12,1,49.1 sqm,"$840,000",2022-10-10,NEW SALE,99 yrs
T1711,Marina Vue,D01,Marina Way,86B,8,9,4,1398 sqft,3379000,24/07/2022,Resale,99 yrs
T1939,Bukit Verde,23,Bukit Batok West Ave 5,80B,19,11,3,916 sqft,1238000,10 Feb 2020,RESALE,99 yrs
T1197,Lakeshore Grand,D22,Lakeside Drive,31A,#14-03,3,1,45.2 sq m,833000,27/12/2022,SUB SALE,99 yrs
T2019,Tanjong Heights,D15,Tanjong Katong Road,4A,10,4,2,654 sqft,1499000,23 Apr 2023,New Sale,Freehold
T2341,Sengkang Terrace,D19,Compassvale Bow,86A,29,12,1,47.8 sq m,1106000,2026-04-23,Resale,99 yrs
T1372,Parc Meridian,D19,Hougang Ave 8,25B,2,11,1,533 sqft,"$772,000",27 Nov 2020,RESALE,99 yrs
T2354,Holland Crest,D10,Holland Road,87A,17,6,2,777 sqft,"$2,986,000",24/04/2026,Sub Sale,Freehold
T1167,Lakeshore Grand,D22,Lakeside Drive,61A,15,12,2,791 sqft,"$1,465,000",2024-07-19,New Sale,99 yrs
T1669,Riverbend Suites,D05,West Coast Crescent,53,28,2,2,791 sq ft,1588000,14 Jul 2021,resale,99 yrs
T2101,Tanjong Heights,D15,Tanjong Katong Road,65A,19,9,2,63.1 sq m,"S$ 1,655,000",13/03/2022,Resale,Freehold
T2278,Sengkang Terrace,D19,Compassvale Bow,53A,5,4,3,987 sqft,"$1,852,000",24 Jun 2026,Resale,99 yrs
T1740,Marina Vue,D01,Marina Way,20,14,4,1,44.8 sqm,"1,311,000",2024-06-13,New Sale,99 yrs
T1019,Lakeshore Grand,D22,Lakeside Drive,21B,29,7,1,47.9 sq m,1128000,2025-06-25,RESALE,99 yrs
T2071,TANJONG HEIGHTS,D15,Tanjong Katong Road,65A,18,8,2,758 sqft,"S$ 1,723,000",24/04/2021,resale,Freehold
T2261,Sengkang Terrace,D19,Compassvale Bow,86A,11,6,4,"1,466 sq ft","$2,963,000",27/09/2025,resale,99 yrs
T1058,Lakeshore Grand,D22,Lakeside Drive,61A,#30-12,12,2,74.0 sqm,"$1,620,000",2024-03-16,RESALE,99 yrs
T2114,Tanjong Heights,D15,Tanjong Katong Road,65A,8,9,3,"1,070 sq ft","S$ 2,479,000",13 Feb 2021,Resale,Freehold
T1811,Bukit Verde,D23,Bukit Batok West Ave 5,49A,26,3,2,70.9 sq m,1324000,2021-11-02,New Sale,99 yrs
T2472,Pasir View Residences,D18,Pasir Ris Drive 3,58,28,10,4,134.8 sq m,"2,481,000",19 Feb 2021,Resale,99 yrs
T2002,Bukit Verde,D23,Bukit Batok West Ave 5,26B,4,11,4,1409 sqft,2669000,2025-06-26,Resale,99 yrs
T1850,Bukit Verde,23,Bukit Batok West Ave 5,80B,8,2,3,1069 sqft,"$1,583,000",2021-03-06,New Sale,99 yrs
T1822,Bukit Verde,D23,Bukit Batok West Ave 5,26B,23,2,2,665 sqft,1430000,13/05/2025,Resale,99 yrs
T2185,Sengkang Terrace,D19,Compassvale Bow,53A,17,4,1,,848000,26/05/2023,New Sale,99 yrs
T2770,Westwood Gardens,D22,Westwood Ave,56B,2,4,3,1024 sqft,"$1,670,000",2025-12-02,resale,99 yrs
T2726,QUEENS PARKVIEW,D03,Queensway,52B,29,6,1,569 sqft,"$1,468,000",2023-05-22,RESALE,99 yrs
T1938,Bukit Verde,D23,Bukit Batok West Ave 5,80B,#13-01,1,4,118.5 sqm,"$2,398,000",21/12/2025,New Sale,99 yrs
T1344,Parc Meridian,D19,Hougang Ave 8,59B,10,3,2,655 sqft,"S$ 1,541,000",24/05/2026,resale,99 yrs
T1861,Bukit Verde,D23,Bukit Batok West Ave 5,49A,23,4,4,1430 sqft,3102000,15/10/2025,Resale,99 yrs
T2247,sengkang terrace,D19,Compassvale Bow,53A,4,4,3,91.5 sqm,1763000,2025-04-11,resale,99 yrs
T1308,Parc Meridian,D19,Hougang Ave 8,25B,#05-06,6,2,732 sqft,"$1,078,000",2020-03-03,resale,99 yrs
T2139,Tanjong Heights,D15,Tanjong Katong Road,49B,8,5,3,"1,058 sq ft","2,423,000",2020-04-10,Resale,Freehold
T2421,Holland Crest,D10,Holland Road,28,11,1,4,136.0 sqm,4338000,21 Feb 2020,resale,Freehold
T2496,Pasir View Residences,D18,Pasir Ris Drive 3,90B,#08-11,11,3,1105 sqft,2058000,04/01/2024,Resale,99 yrs
T2561,Pasir View Residences,D18,Pasir Ris Drive 3,90B,2,11,2,713 sq ft,1349000,27/04/2025,Resale,99 yrs
T1459,The Orchid Residences,D10,Orchard Boulevard,52A,14,10,1,552 sqft,"1,680,000",13/04/2026,New Sale,Freehold
T2565,Pasir View Residences,D18,Pasir Ris Drive 3,90B,5,2,2,751 sqft,1087000,2022-04-14,Resale,99 yrs
T2742,Westwood Gardens,D22,Westwood Ave,33A,#09-10,10,3,956 sqft,1327000,2022-01-16,New Sale,99 yrs
T2151,Sengkang Terrace,19,Compassvale Bow,78A,23,3,3,1022 sqft,"$2,088,000",01 Jun 2025,RESALE,99 yrs
T1527,Riverbend Suites,D05,West Coast Crescent,54,18,12,3,1120 sqft,2680000,10/03/2024,SUB SALE,99 yrs
T1477,The Orchid Residences,D10,Orchard Boulevard,74B,#20-02,2,4,1272 sqft,"4,470,000",26/02/2026,Sub Sale,Freehold
T2099,Tanjong Heights,15,Tanjong Katong Road,4A,27,11,3,1039 sqft,"3,079,000",26/08/2024,New Sale,Freehold
T1747,Marina Vue,1,Marina Way,20,30,1,4,"1,322 sq ft","$4,356,000",21 Sep 2025,resale,99 yrs
T1756,Marina Vue,D01,Marina Way,81B,14,1,2,709 sqft,1914000,2025-05-26,Sub Sale,99 yrs
T1296,Parc Meridian,D19,Hougang Ave 8,59B,#08-03,3,3,85.6 sqm,"$1,885,000",08 Jun 2025,RESALE,99 yrs
T1435,The Orchid Residences,D10,Orchard Boulevard,74B,28,7,1,544 sq ft,"$1,531,000",2021-02-01,New Sale,Freehold
T2146,Tanjong Heights,D15,Tanjong Katong Road,4A,21,6,2,71.9 sqm,"$1,829,000",2022-01-13,Resale,Freehold
T1295,Parc Meridian,D19,Hougang Ave 8,23A,#02-11,11,2,67.2 sq m,"$1,642,000",12/02/2026,New Sale,99 yrs
T1442,The Orchid Residences,D10,Orchard Boulevard,52A,#10-09,9,2,742 sq ft,"$2,460,000",21 Mar 2026,Sub Sale,Freehold
T1481,The Orchid Residences,D10,Orchard Boulevard,52A,18,6,3,931 sqft,267700,05/05/2021,Resale,Freehold
T1168,Lakeshore Grand,D22,Lakeside Drive,61A,30,2,4,136.5 sqm,"$2,387,000",2020-05-02,resale,99 yrs
T1315,Parc Meridian,D19,Hougang Ave 8,23A,19,10,1,526 sqft,"985,000",2022-12-04,Resale,99 yrs
T2486,Pasir View Residences,D18,Pasir Ris Drive 3,66,12,3,4,1369 sqft,2231000,07 Feb 2023,Resale,99 yrs
T2220,Sengkang Terrace,19,Compassvale Bow,78A,16,7,2,74.0 sqm,1399000,06/11/2024,Resale,99 yrs
T1437,The Orchid Residences,10,Orchard Boulevard,29B,13,10,2,658 sqft,"2,069,000",2023-07-05,Sub Sale,Freehold
T1068,Lakeshore Grand,D22,Lakeside Drive,21B,15,5,4,1315 sqft,"2,013,000",2020-07-23,Resale,99 yrs
T1441,the orchid residences,D10,Orchard Boulevard,29B,23,7,4,120.8 sqm,"$4,103,000",2022-09-12,Resale,Freehold
T1737,Marina Vue,D01,Marina Way,86B,4,11,2,800 sqft,2069000,12/04/2022,New Sale,99 yrs
T2532,Pasir View Residences,D18,Pasir Ris Drive 3,58,14,10,2,72.0 sqm,"$1,172,000",2021-06-26,Sub Sale,99 yrs
T2456,Pasir View Residences,18,Pasir Ris Drive 3,58,23,11,3,1001 sqft,1944000,2025-01-31,RESALE,99 yrs
T2831,Westwood Gardens,D22,Westwood Ave,33A,14,8,1,563 sqft,720000,2020-10-05,RESALE,99 yrs
T2325,Sengkang Terrace,19,Compassvale Bow,53A,11,2,2,758 sqft,"$1,245,000",2022-10-19,Resale,99 yrs
T1710,Marina Vue,D01,Marina Way,20,#14-09,9,4,128.9 sq m,3778000,2026-03-16,Resale,99 yrs
T2552,Pasir View Residences,D18,Pasir Ris Drive 3,58,26,5,2,670 sqft,"$1,168,000",2021-10-14,NEW SALE,99 yrs
T2023,Tanjong Heights,D15,Tanjong Katong Road,4A,#06-06,6,2,789 sqft,"$2,163,000",2026-07-12,Resale,Freehold
T2634,Queens Parkview,D03,Queensway,24B,16,6,2,756 sqft,1919000,2025-12-27,Resale,99 yrs
T2300,Sengkang Terrace,D19,Compassvale Bow,78A,5,3,4,"1,466 sq ft","$2,857,000",19/08/2024,New Sale,99 yrs
T1340,Parc Meridian,D19,Hougang Ave 8,25B,19,3,1,49.0 sq m,897000,15/04/2020,Resale,99 yrs
T1386,Parc Meridian,D19,Hougang Ave 8,25B,#19-12,12,2,62.1 sqm,"1,548,000",2024-09-26,new sale,99 yrs
T1585,RIVERBEND SUITES,D05,West Coast Crescent,53,14,5,2,70.0 sq m,1651000,19/04/2024,New Sale,99 yrs
T1414,The Orchid Residences,D10,Orchard Boulevard,74B,3,1,3,"1,077 sq ft",3012000,21/05/2023,Resale,Freehold
T2250,Sengkang Terrace,D19,Compassvale Bow,86A,9,8,4,1251 sqft,2702000,2026-05-16,Resale,99 yrs
T1260,PARC MERIDIAN,D19,Hougang Ave 8,25B,6,5,2,660 sq ft,"$1,162,000",02 May 2022,Resale,99 yrs
T1413,The Orchid Residences,D10,Orchard Boulevard,52A,26,2,3,956 sqft,3296000,24/08/2025,Resale,Freehold
T1761,Marina Vue,D01,Marina Way,86B,#08-06,6,2,782 sqft,2019000,2024-05-17,New Sale,99 yrs
T1430,The Orchid Residences,D10,Orchard Boulevard,29B,24,3,3,976 sqft,"$3,388,000",2022-11-28,Resale,Freehold
T2346,sengkang terrace,D19,Compassvale Bow,86A,19,10,2,747 sq ft,"$1,473,000",13/07/2026,Resale,99 yrs
T1897,Bukit Verde,D23,Bukit Batok West Ave 5,49A,13,7,3,89.9 sq m,1393000,2021-06-05,Resale,99 yrs
T1567,RIVERBEND SUITES,D05,West Coast Crescent,54,22,10,3,1037 sqft,2349000,2023-07-02,Resale,99 yrs
T1081,Lakeshore Grand,D22,Lakeside Drive,31A,30,9,1,50.5 sqm,"$875,000",2021-06-24,RESALE,99 yrs
T2476,Pasir View Residences,D18,Pasir Ris Drive 3,90B,12,6,2,63.4 sqm,"$1,245,000",2024-11-29,resale,99 yrs
T2655,Queens Parkview,D03,Queensway,24B,23,11,3,978 sqft,2001000,2020-11-04,RESALE,99 yrs
T2319,Sengkang Terrace,D19,Compassvale Bow,53A,16,10,3,"1,014 sq ft","1,606,000",22/09/2022,Resale,99 yrs
T2508,Pasir View Residences,18,Pasir Ris Drive 3,90B,15,9,4,125.4 sq m,"1,974,000",08/11/2020,resale,99 yrs
T1880,Bukit Verde,D23,Bukit Batok West Ave 5,26B,#29-07,7,2,786 sqft,1379000,14/04/2023,Resale,99 yrs
T2467,Pasir View Residences,D18,Pasir Ris Drive 3,90B,#18-07,7,2,71.3 sqm,1139000,2021-10-06,Resale,99 yrs
T2237,SENGKANG TERRACE,D19,Compassvale Bow,86A,11,10,3,1029 sqft,"$1,740,000",2022-03-31,Resale,99 yrs
T2166,Sengkang Terrace,D19,Compassvale Bow,53A,5,5,3,1074 sqft,1458000,2020-08-05,New Sale,99 yrs
T2697,Queens Parkview,D03,Queensway,88,20,10,3,88.9 sq m,"$2,571,000",28/03/2023,Resale,99 yrs
T2498,Pasir View Residences,D18,Pasir Ris Drive 3,66,18,7,4,1497 sqft,"$2,903,000",2025-03-25,Resale,99 yrs
T2195,Sengkang Terrace,D19,Compassvale Bow,53A,16,4,2,698 sq ft,1008000,11 Feb 2020,Resale,99 yrs
T2546,Pasir View Residences,D18,Pasir Ris Drive 3,90B,8,6,3,918 sqft,"$1,457,000",07 Feb 2023,sub sale,99 yrs
T1163,lakeshore grand,D22,Lakeside Drive,21B,26,7,2,656 sqft,1170000,2022-05-16,Resale,99 yrs
T2481,Pasir View Residences,D18,Pasir Ris Drive 3,58,6,7,4,116.8 sq m,"$2,060,000",17 Sep 2023,New Sale,99 yrs
T1536,Riverbend Suites,D05,West Coast Crescent,53,#23-01,1,3,96.8 sq m,"$2,065,000",19 Mar 2021,Resale,99 yrs
T2710,queens parkview,D03,Queensway,52B,16,11,3,89.3 sqm,2422000,2024-08-20,Resale,99 yrs
T1024,Lakeshore Grand,D22,Lakeside Drive,31A,9,7,1,50.5 sq m,854000,2020-01-03,New Sale,99 yrs
T2715,Queens Parkview,D03,Queensway,88,3,9,3,91.1 sq m,"S$ 2,208,000",2022-09-09,resale,99 yrs
T1138,Lakeshore Grand,D22,Lakeside Drive,61A,19,2,1,47.8 sqm,1053000,26/05/2026,Resale,99 yrs
T2460,pasir view residences,D18,Pasir Ris Drive 3,58,24,1,2,755 sqft,1302000,13/07/2022,Resale,99 yrs
T2429,Holland Crest,D10,Holland Road,48,25,4,2,660 sq ft,2241000,2023-04-11,Resale,Freehold
T1286,Parc Meridian,D19,Hougang Ave 8,23A,13,2,3,959 sqft,"$1,526,000",2020-08-24,resale,99 yrs
T1073,Lakeshore Grand,D22,Lakeside Drive,21B,3,10,1,481 sqft,"$996,000",2026-07-01,Resale,99 yrs
T1359,Parc Meridian,D19,Hougang Ave 8,23A,22,10,2,764 sqft,"1,624,000",2024-12-05,RESALE,99 yrs
T2330,Sengkang Terrace,D19,Compassvale Bow,86A,19,10,2,659 sqft,1127000,02/09/2023,Resale,99 yrs
T2310,Sengkang Terrace,D19,Compassvale Bow,78A,29,11,3,,"$2,034,000",2024-09-17,resale,99 yrs
T1106,LAKESHORE GRAND,D22,Lakeside Drive,31A,30,6,2,729 sqft,1582000,2025-03-25,NEW SALE,99 yrs
T1668,Riverbend Suites,D05,West Coast Crescent,53,20,5,2,721 sqft,"$1,790,000",2025-10-18,Resale,99 yrs
T2535,Pasir View Residences,D18,Pasir Ris Drive 3,90B,26,10,2,,1343000,2024-07-09,Resale,99 yrs
T1275,Parc Meridian,D19,Hougang Ave 8,59B,25,2,2,701 sq ft,1347000,23 Jun 2023,Sub Sale,99 yrs
T2847,Westwood Gardens,D22,Westwood Ave,54B,12,1,2,800 sqft,950000,03/07/2020,Resale,99 yrs
T2414,Holland Crest,10,Holland Road,48,19,7,1,46.5 sqm,1560000,2022-01-06,Resale,Freehold
T2477,Pasir View Residences,18,Pasir Ris Drive 3,58,14,5,2,712 sqft,"$1,363,000",30/05/2025,Resale,99 yrs
T2536,Pasir View Residences,D18,Pasir Ris Drive 3,58,22,2,4,1315 sqft,"$2,040,000",2020-08-28,New Sale,99 yrs
T1142,Lakeshore Grand,D22,Lakeside Drive,21B,17,1,3,99.4 sqm,1657000,27 Mar 2021,sub sale,99 yrs
T1913,Bukit Verde,23,Bukit Batok West Ave 5,80B,17,1,2,64.8 sq m,"$1,293,000",17 Oct 2024,SUB SALE,99 yrs
T1293,Parc Meridian,D19,Hougang Ave 8,59B,5,2,3,1075 sqft,"$1,896,000",27 Dec 2021,resale,99 yrs
T1736,Marina Vue,D01,Marina Way,81B,#05-01,1,3,"1,065 sq ft","$2,558,000",06 Jul 2023,Resale,99 yrs
T2664,Queens Parkview,D03,Queensway,24B,4,12,1,52.2 sq m,1549000,2025-01-29,Resale,99 yrs
T1549,Riverbend Suites,D05,West Coast Crescent,16B,23,10,2,661 sq ft,"1,582,000",2024-05-27,NEW SALE,99 yrs
T1392,PARC MERIDIAN,D19,Hougang Ave 8,23A,9,6,3,"1,094 sq ft","$1,692,000",2020-07-15,NEW SALE,99 yrs
T1787,Bukit Verde,D23,Bukit Batok West Ave 5,49A,2,12,3,932 sqft,1705000,09 Dec 2025,New Sale,99 yrs
T1238,Parc Meridian,D19,Hougang Ave 8,25B,6,4,2,718 sq ft,1277000,2024-01-24,Resale,99 yrs
T2085,Tanjong Heights,D15,Tanjong Katong Road,49B,#19-12,12,2,659 sqft,"1,800,000",22/12/2024,Resale,Freehold
T1653,Riverbend Suites,D05,West Coast Crescent,53,9,9,2,769 sq ft,"1,475,000",2021-10-11,Sub Sale,99 yrs
T1782,Bukit Verde,D23,Bukit Batok West Ave 5,26B,17,1,1,562 sqft,"$973,000",21 Oct 2023,Sub Sale,99 yrs
T2796,Westwood Gardens,D22,Westwood Ave,56B,#19-04,4,2,720 sqft,"$921,000",2021-02-17,New Sale,99 yrs
T2046,Tanjong Heights,15,Tanjong Katong Road,65A,#23-04,4,4,127.9 sq m,3277000,19 Feb 2021,Resale,Freehold
T2600,Pasir View Residences,D18,Pasir Ris Drive 3,66,#14-09,9,2,761 sqft,"1,378,000",2022-09-30,Resale,99 yrs
T1841,Bukit Verde,D23,Bukit Batok West Ave 5,49A,10,3,3,1023 sqft,"2,076,000",2026-06-09,Resale,99 yrs
T1999,Bukit Verde,D23,Bukit Batok West Ave 5,49A,19,5,1,545 sqft,1064000,2024-10-24,RESALE,99 yrs
T1751,Marina Vue,D01,Marina Way,81B,19,8,2,63.5 sq m,"1,669,000",04/02/2021,New Sale,99 yrs
T1358,Parc Meridian,D19,Hougang Ave 8,23A,24,8,4,"1,442 sq ft",2447000,10 Aug 2021,Resale,99 yrs
T2418,Holland Crest,10,Holland Road,48,22,11,4,"1,440 sq ft",4581000,23/02/2025,Resale,Freehold
T2617,Queens Parkview,D03,Queensway,24B,#10-07,7,4,"1,287 sq ft","S$ 3,562,000",01 Mar 2025,Resale,99 yrs
T2130,Tanjong Heights,D15,Tanjong Katong Road,65A,17,6,3,1104 sqft,2408000,18/03/2020,Resale,Freehold
T2401,Holland Crest,D10,Holland Road,48,#03-01,1,1,488 sqft,167900,2025-12-28,Resale,Freehold
T2586,PASIR VIEW RESIDENCES,D18,Pasir Ris Drive 3,66,14,5,3,1128 sqft,1684000,02 Aug 2022,Resale,99 yrs
T2764,Westwood Gardens,D22,Westwood Ave,56B,#19-06,6,2,71.6 sq m,"S$ 1,281,000",2025-04-13,Resale,99 yrs
T1716,Marina Vue,D01,Marina Way,81B,3,4,2,72.4 sq m,1801000,30/10/2022,Resale,99 yrs
T2105,Tanjong Heights,D15,Tanjong Katong Road,4A,11,1,1,513 sq ft,1409000,25/06/2024,Resale,Freehold
T1729,Marina Vue,D01,Marina Way,20,16,9,4,117.8 sqm,3142000,2023-07-07,Resale,99 yrs
T1594,Riverbend Suites,D05,West Coast Crescent,53,#03-10,10,2,744 sq ft,"S$ 1,234,000",2020-08-04,Resale,99 yrs
T2834,Westwood Gardens,D22,Westwood Ave,56B,24,7,3,1079 sqft,"$1,953,000",28/09/2025,Resale,99 yrs
T1184,LAKESHORE GRAND,D22,Lakeside Drive,31A,4,6,1,516 sqft,947000,04/06/2023,Resale,99 yrs
T1352,Parc Meridian,D19,Hougang Ave 8,23A,24,5,2,740 sq ft,1714000,2025-03-03,Resale,99 yrs
T1608,riverbend suites,D05,West Coast Crescent,16B,28,10,1,49.7 sq m,"$1,308,000",2025-09-02,Resale,99 yrs
T2761,westwood gardens,D22,Westwood Ave,56B,19,8,3,1079 sqft,"$1,907,000",04/08/2024,New Sale,99 yrs
T2503,Pasir View Residences,D18,Pasir Ris Drive 3,90B,14,11,3,971 sq ft,1499000,16/02/2021,Resale,99 yrs
T1514,The Orchid Residences,D10,Orchard Boulevard,74B,20,5,2,61.7 sqm,2213000,26/06/2026,Sub Sale,Freehold
T2793,Westwood Gardens,D22,Westwood Ave,56B,24,3,2,799 sqft,1086000,2021-04-05,resale,99 yrs
T1228,PARC MERIDIAN,D19,Hougang Ave 8,25B,7,4,1,577 sqft,"S$ 999,000",2022-08-12,Resale,99 yrs
T1487,The Orchid Residences,10,Orchard Boulevard,29B,6,2,4,1494 sqft,"$4,870,000",09/09/2023,Resale,Freehold
T2371,Holland Crest,10,Holland Road,87A,4,3,3,1007 sqft,3084000,08/11/2022,new sale,Freehold
T1664,Riverbend Suites,D05,West Coast Crescent,54,27,6,3,955 sq ft,"$1,814,000",2020-01-05,Resale,99 yrs
T1997,Bukit Verde,D23,Bukit Batok West Ave 5,80B,4,8,3,1045 sqft,2061000,03/02/2026,Sub Sale,99 yrs
T1624,Riverbend Suites,D05,West Coast Crescent,16B,17,10,2,758 sq ft,"$1,373,000",29/01/2020,Resale,99 yrs
T1253,PARC MERIDIAN,D19,Hougang Ave 8,59B,8,11,4,1291 sqft,2847000,2026-07-14,Resale,99 yrs
T1673,RIVERBEND SUITES,D05,West Coast Crescent,53,#08-02,2,4,129.7 sqm,2355000,17 Feb 2020,RESALE,99 yrs
T2547,Pasir View Residences,D18,Pasir Ris Drive 3,58,20,9,1,496 sq ft,"S$ 83,800",30/03/2022,Resale,99 yrs
T1083,lakeshore grand,D22,Lakeside Drive,61A,#11-04,4,3,911 sqft,1428000,28 Jan 2022,Resale,99 yrs
T2463,pasir view residences,D18,Pasir Ris Drive 3,90B,#22-11,11,3,104.8 sqm,"$2,095,000",2023-05-30,New Sale,99 yrs
T1432,The Orchid Residences,D10,Orchard Boulevard,52A,7,8,2,753 sqft,2200000,14/09/2023,Resale,Freehold
T2769,westwood gardens,D22,Westwood Ave,56B,29,6,2,688 sqft,920000,10/06/2020,Resale,99 yrs
T2791,Westwood Gardens,22,Westwood Ave,54B,#10-05,5,3,1124 sqft,"$1,809,000",08/11/2025,NEW SALE,99 yrs
T2391,HOLLAND CREST,10,Holland Road,48,2,1,2,799 sqft,"$2,610,000",22/10/2024,RESALE,Freehold
T2504,Pasir View Residences,D18,Pasir Ris Drive 3,66,3,7,2,711 sqft,1254000,2025-03-03,Resale,99 yrs
T1210,Parc Meridian,D19,Hougang Ave 8,23A,13,3,2,753 sqft,"$1,640,000",2025-08-25,Resale,99 yrs
T2313,Sengkang Terrace,19,Compassvale Bow,53A,28,9,3,96.2 sq m,1907000,07/02/2023,Resale,99 yrs
T1789,Bukit Verde,D23,Bukit Batok West Ave 5,26B,13,9,3,105.1 sqm,"$2,412,000",2026-03-12,New Sale,99 yrs
T1856,Bukit Verde,D23,Bukit Batok West Ave 5,49A,2,12,3,973 sqft,1811000,2025-05-25,Sub Sale,99 yrs
T1248,Parc Meridian,19,Hougang Ave 8,25B,2,4,2,65.7 sqm,1330000,2024-08-12,Resale,99 yrs
T2035,Tanjong Heights,D15,Tanjong Katong Road,4A,29,9,2,68.1 sq m,"$2,006,000",2024-06-12,New Sale,Freehold
T1855,Bukit Verde,D23,Bukit Batok West Ave 5,26B,4,7,4,118.6 sq m,"2,461,000",2025-01-25,Resale,99 yrs
T1893,Bukit Verde,D23,Bukit Batok West Ave 5,26B,23,8,2,668 sq ft,"1,364,000",2025-05-13,Resale,99 yrs
T2736,Queens Parkview,D03,Queensway,88,5,1,3,1060 sqft,"$2,806,000",2025-07-17,Resale,99 yrs
T1446,The Orchid Residences,D10,Orchard Boulevard,29B,30,5,2,683 sq ft,1907000,2020-01-03,Sub Sale,Freehold
T1491,The Orchid Residences,D10,Orchard Boulevard,74B,22,8,4,1431 sqft,"$4,272,000",08/07/2022,Resale,Freehold
T2121,tanjong heights,D15,Tanjong Katong Road,4A,2,7,3,99.1 sqm,2280000,27 Feb 2021,Resale,Freehold
T2103,TANJONG HEIGHTS,D15,Tanjong Katong Road,49B,7,11,2,668 sqft,1851000,24/05/2025,New Sale,Freehold
T2816,Westwood Gardens,D22,Westwood Ave,54B,24,3,3,1070 sqft,1424000,2020-09-22,resale,99 yrs
T2043,Tanjong Heights,15,Tanjong Katong Road,49B,18,7,1,564 sqft,1474000,2022-09-18,New Sale,Freehold
T2456,Pasir View Residences,18,Pasir Ris Drive 3,58,23,11,3,1001 sqft,1944000,2025-01-31,RESALE,99 yrs
T1956,Bukit Verde,D23,Bukit Batok West Ave 5,26B,2,11,3,98.6 sqm,"$1,907,000",26/02/2025,Resale,99 yrs
T1299,Parc Meridian,D19,Hougang Ave 8,25B,6,10,4,127.6 sqm,2946000,28/12/2025,Resale,99 yrs
T2205,Sengkang Terrace,D19,Compassvale Bow,78A,26,4,4,1360 sqft,2671000,29 Jul 2025,Resale,99 yrs
T2140,Tanjong Heights,D15,Tanjong Katong Road,4A,2,3,2,750 sqft,"$1,642,000",18 May 2021,Resale,Freehold
T1105,LAKESHORE GRAND,D22,Lakeside Drive,61A,9,1,4,1497 sqft,"2,371,000",2021-02-25,New Sale,99 yrs
T2050,Tanjong Heights,D15,Tanjong Katong Road,4A,2,3,2,732 sq ft,1457000,22/07/2020,New Sale,Freehold
T2704,QUEENS PARKVIEW,D03,Queensway,24B,26,12,3,976 sqft,2193000,16 May 2021,RESALE,99 yrs
T2065,Tanjong Heights,D15,Tanjong Katong Road,4A,27,6,2,66.4 sq m,"$2,098,000",2024-12-26,Resale,Freehold
T1581,Riverbend Suites,5,West Coast Crescent,53,2,11,3,995 sqft,2173000,2023-10-26,New Sale,99 yrs
T1952,Bukit Verde,D23,Bukit Batok West Ave 5,80B,30,11,3,931 sqft,"$1,597,000",2023-06-14,Resale,99 yrs
T2115,Tanjong Heights,15,Tanjong Katong Road,65A,#14-11,11,1,46.8 sqm,"$131,200",2023-11-27,Resale,Freehold
T1283,parc meridian,D19,Hougang Ave 8,59B,8,10,3,98.8 sqm,"$1,862,000",26 Apr 2024,resale,99 yrs
T1349,PARC MERIDIAN,D19,Hougang Ave 8,23A,29,9,3,918 sq ft,1568000,2020-04-30,Resale,99 yrs
T2083,Tanjong Heights,D15,Tanjong Katong Road,49B,#08-02,2,1,49.8 sqm,1116000,2020-09-14,sub sale,Freehold
T1360,Parc Meridian,D19,Hougang Ave 8,59B,#28-10,10,4,"1,458 sq ft","$2,678,000",2022-04-16,New Sale,99 yrs
T2215,Sengkang Terrace,D19,Compassvale Bow,78A,20,12,2,763 sqft,1390000,2025-02-02,New Sale,99 yrs
T2728,Queens Parkview,D03,Queensway,52B,6,9,1,560 sqft,1350000,2024-05-24,Resale,99 yrs
T1916,Bukit Verde,23,Bukit Batok West Ave 5,80B,10,12,3,912 sq ft,1501000,14/01/2023,Resale,99 yrs
T2021,Tanjong Heights,15,Tanjong Katong Road,65A,#06-12,12,3,85.7 sq m,"$2,116,000",26/03/2023,Sub Sale,Freehold
T2598,Pasir View Residences,D18,Pasir Ris Drive 3,58,#15-06,6,2,700 sqft,1555000,2026-05-03,Resale,99 yrs
T2817,westwood gardens,D22,Westwood Ave,33A,29,3,1,49.0 sqm,684000,2020-05-26,New Sale,99 yrs
T2771,Westwood Gardens,D22,Westwood Ave,54B,8,5,3,99.9 sqm,"$1,740,000",2024-12-06,Sub Sale,99 yrs
T2129,tanjong heights,D15,Tanjong Katong Road,49B,10,9,2,60.7 sqm,"$1,768,000",2026-06-10,Resale,Freehold
T1467,THE ORCHID RESIDENCES,D10,Orchard Boulevard,52A,14,8,2,660 sqft,2196000,25/01/2025,SUB SALE,Freehold
T1896,BUKIT VERDE,D23,Bukit Batok West Ave 5,80B,5,10,1,520 sqft,661000,14/11/2020,resale,99 yrs
T1781,Bukit Verde,D23,Bukit Batok West Ave 5,80B,7,10,1,511 sqft,1050000,30/10/2025,Resale,99 yrs
T2132,Tanjong Heights,D15,Tanjong Katong Road,65A,19,2,3,1009 sqft,2306000,2020-06-30,RESALE,Freehold
T2517,Pasir View Residences,D18,Pasir Ris Drive 3,66,21,8,2,773 sqft,1636000,22/04/2026,Resale,99 yrs
T1461,The Orchid Residences,D10,Orchard Boulevard,29B,#30-07,7,2,747 sq ft,2327000,2021-12-05,Resale,Freehold
T1143,Lakeshore Grand,D22,Lakeside Drive,21B,16,9,3,85.1 sqm,"$1,419,000",01/03/2020,Resale,99 yrs
T1746,Marina Vue,1,Marina Way,20,11,8,1,494 sq ft,"$1,135,000",2020-06-06,resale,99 yrs
T1174,Lakeshore Grand,D22,Lakeside Drive,31A,#13-08,8,3,93.6 sq m,"$1,532,000",2020-12-07,Resale,99 yrs
T1355,parc meridian,D19,Hougang Ave 8,23A,13,3,1,524 sqft,861000,21/08/2020,Resale,99 yrs
T1689,Riverbend Suites,D05,West Coast Crescent,16B,#09-02,2,3,"1,133 sq ft",260600,27/12/2023,resale,99 yrs
T2686,Queens Parkview,D03,Queensway,24B,2,12,4,"1,363 sq ft",3011000,2023-04-15,Resale,99 yrs
T2020,Tanjong Heights,D15,Tanjong Katong Road,65A,8,4,2,758 sqft,1978000,17 Aug 2023,Resale,Freehold
T2342,Sengkang Terrace,D19,Compassvale Bow,86A,14,6,1,528 sqft,895000,08/12/2023,RESALE,99 yrs
T2610,Queens Parkview,D03,Queensway,88,24,3,4,132.1 sq m,3370000,02/02/2023,Resale,99 yrs
T2566,Pasir View Residences,D18,Pasir Ris Drive 3,90B,7,9,3,90.8 sqm,1326000,05 Jun 2021,RESALE,99 yrs
T1870,Bukit Verde,D23,Bukit Batok West Ave 5,26B,23,12,2,660 sq ft,1195000,23/11/2023,NEW SALE,99 yrs
T1882,Bukit Verde,D23,Bukit Batok West Ave 5,49A,#15-11,11,1,47.0 sq m,"S$ 1,061,000",2025-01-01,NEW SALE,99 yrs
T1154,Lakeshore Grand,22,Lakeside Drive,61A,30,6,4,"1,315 sq ft",2036000,2021-08-07,Resale,99 yrs
T1067,Lakeshore Grand,D22,Lakeside Drive,31A,4,3,3,95.3 sqm,"$1,392,000",2020-11-07,Resale,99 yrs
T1732,Marina Vue,D01,Marina Way,20,20,7,3,1069 sqft,"$2,988,000",2022-10-11,Resale,99 yrs
T2629,Queens Parkview,D03,Queensway,52B,20,1,2,730 sqft,1940000,2023-06-17,resale,99 yrs
T1505,The Orchid Residences,D10,Orchard Boulevard,74B,14,11,4,1271 sqft,"$3,607,000",2020-11-17,RESALE,Freehold
T1821,bukit verde,D23,Bukit Batok West Ave 5,26B,4,9,2,679 sqft,858000,2021-02-12,Sub Sale,99 yrs
T1814,bukit verde,D23,Bukit Batok West Ave 5,80B,14,3,4,133.6 sqm,"$1,984,000",06/02/2020,Resale,99 yrs
T1175,Lakeshore Grand,D22,Lakeside Drive,21B,8,7,1,500 sqft,828000,2022-07-12,Resale,99 yrs
T1968,Bukit Verde,D23,Bukit Batok West Ave 5,26B,22,4,3,100.9 sq m,2262000,06 Jul 2025,Resale,99 yrs
T2584,PASIR VIEW RESIDENCES,D18,Pasir Ris Drive 3,66,20,1,1,552 sqft,983000,2023-04-15,new sale,99 yrs
T2453,Pasir View Residences,D18,Pasir Ris Drive 3,58,3,10,3,1119 sqft,2000000,30/08/2023,Resale,99 yrs
T2219,Sengkang Terrace,D19,Compassvale Bow,86A,3,4,4,1272 sqft,"$2,335,000",2025-09-11,Resale,99 yrs
T1765,MARINA VUE,D01,Marina Way,81B,4,1,1,543 sqft,"$1,363,000",2022-07-29,Resale,99 yrs
T2393,Holland Crest,D10,Holland Road,48,27,7,3,95.2 sqm,"$3,165,000",11/10/2020,RESALE,Freehold
T2198,Sengkang Terrace,19,Compassvale Bow,53A,6,2,3,"1,099 sq ft",TBC,2024-07-16,Resale,99 yrs
T1868,Bukit Verde,D23,Bukit Batok West Ave 5,49A,16,11,3,99.8 sq m,1872000,19/11/2023,Resale,99 yrs
T1778,Marina Vue,D01,Marina Way,20,19,8,3,929 sqft,"$2,540,000",2025-06-14,Resale,99 yrs
T1784,Bukit Verde,D23,Bukit Batok West Ave 5,49A,23,9,4,1472 sqft,3434000,2025-12-16,Resale,99 yrs
T2527,Pasir View Residences,D18,Pasir Ris Drive 3,66,#21-11,11,2,753 sqft,"$1,361,000",31 May 2022,Resale,99 yrs
T2226,Sengkang Terrace,D19,Compassvale Bow,53A,20,5,2,687 sq ft,"993,000",2020-11-09,New Sale,99 yrs
T2248,Sengkang Terrace,D19,Compassvale Bow,78A,9,6,3,959 sq ft,1846000,2025-07-27,RESALE,99 yrs
T2448,Pasir View Residences,D18,Pasir Ris Drive 3,66,27,11,2,787 sq ft,1380000,25/10/2022,Resale,99 yrs
T1663,Riverbend Suites,D05,West Coast Crescent,54,26,11,3,1080 sqft,2119000,2021-05-22,Resale,99 yrs
T1133,Lakeshore Grand,D22,Lakeside Drive,21B,14,3,1,46.1 sqm,943000,2025-01-05,New Sale,99 yrs
T1475,The Orchid Residences,D10,Orchard Boulevard,29B,21,4,1,553 sqft,"S$ 1,459,000",2021-05-23,RESALE,Freehold
T2648,Queens Parkview,D03,Queensway,52B,16,7,3,1125 sqft,"$3,088,000",20/01/2026,New Sale,99 yrs
T2079,Tanjong Heights,D15,Tanjong Katong Road,49B,10,8,3,1012 sqft,"$2,744,000",01 Jun 2024,New Sale,Freehold
T2420,Holland Crest,D10,Holland Road,87A,29,5,2,660 sqft,2231000,30 Nov 2022,resale,Freehold
T1790,Bukit Verde,D23,Bukit Batok West Ave 5,80B,15,1,3,1018 sqft,"$2,079,000",21/01/2026,New Sale,99 yrs
T2100,Tanjong Heights,D15,Tanjong Katong Road,65A,7,6,2,67.4 sq m,"$1,958,000",14 Oct 2025,resale,Freehold
T1157,Lakeshore Grand,D22,Lakeside Drive,21B,#06-03,3,3,1129 sqft,1950000,24 Apr 2023,Resale,99 yrs
T2231,Sengkang Terrace,D19,Compassvale Bow,86A,6,9,3,1113 sqft,"$1,960,000",05 Dec 2024,Resale,99 yrs
T2450,PASIR VIEW RESIDENCES,D18,Pasir Ris Drive 3,58,#27-08,8,2,694 sqft,"$1,066,000",06 Dec 2021,resale,99 yrs
T2824,Westwood Gardens,D22,Westwood Ave,33A,15,8,3,85.3 sqm,"S$ 1,371,000",2022-11-23,RESALE,99 yrs
T2537,Pasir View Residences,D18,Pasir Ris Drive 3,66,17,2,2,63.6 sqm,"118,400",2023-06-27,Sub Sale,99 yrs
T2425,HOLLAND CREST,D10,Holland Road,28,20,8,3,937 sqft,3157000,28/07/2024,New Sale,Freehold
T2229,Sengkang Terrace,D19,Compassvale Bow,86A,20,11,3,"1,068 sq ft","1,529,000",2020-12-21,Resale,99 yrs
T1946,Bukit Verde,D23,Bukit Batok West Ave 5,49A,24,12,3,93.0 sqm,"$1,639,000",2023-05-05,new sale,99 yrs
T1842,Bukit Verde,D23,Bukit Batok West Ave 5,49A,10,1,2,723 sqft,1077000,2021-12-08,New Sale,99 yrs
T1690,Marina Vue,D01,Marina Way,81B,21,11,2,71.1 sqm,2327000,2025-07-31,resale,99 yrs
T1236,PARC MERIDIAN,D19,Hougang Ave 8,59B,12,5,3,"1,098 sq ft",1950000,2022-06-19,Resale,99 yrs
T2805,Westwood Gardens,D22,Westwood Ave,33A,9,4,1,571 sqft,769000,26/03/2020,Resale,99 yrs
T1758,Marina Vue,D01,Marina Way,20,27,3,2,,"1,997,000",2023-11-28,New Sale,99 yrs
T1903,Bukit Verde,D23,Bukit Batok West Ave 5,80B,13,9,2,767 sqft,"$1,158,000",2022-06-11,Resale,99 yrs
T2102,Tanjong Heights,D15,Tanjong Katong Road,49B,28,9,3,1113 sqft,2565000,2021-05-17,Resale,Freehold
T1230,Parc Meridian,D19,Hougang Ave 8,59B,#09-04,4,3,97.3 sq m,1933000,2022-04-14,RESALE,99 yrs
T1996,Bukit Verde,23,Bukit Batok West Ave 5,80B,4,6,4,1269 sqft,2425000,2025-01-07,New Sale,99 yrs
T2315,sengkang terrace,D19,Compassvale Bow,53A,15,5,4,128.4 sq m,"$2,266,000",07/11/2021,Resale,99 yrs
T1522,Riverbend Suites,D05,West Coast Crescent,16B,24,2,2,63.3 sqm,1740000,31/05/2025,RESALE,99 yrs
T1558,Riverbend Suites,5,West Coast Crescent,16B,18,1,4,132.9 sq m,3302000,04/02/2024,Resale,99 yrs
T1958,Bukit Verde,D23,Bukit Batok West Ave 5,80B,22,7,3,972 sqft,1563000,2021-11-03,Resale,99 yrs
T1937,Bukit Verde,D23,Bukit Batok West Ave 5,49A,21,3,2,662 sq ft,1380000,2023-11-08,Resale,99 yrs
T1115,Lakeshore Grand,D22,Lakeside Drive,31A,8,4,3,990 sq ft,1724000,2024-06-10,Resale,99 yrs
T2274,Sengkang Terrace,19,Compassvale Bow,78A,#10-02,2,1,531 sqft,"$692,000",03/05/2020,New Sale,99 yrs
T2645,Queens Parkview,D03,Queensway,88,7,5,4,122.9 sq m,3003000,17/09/2021,Resale,99 yrs
T2516,Pasir View Residences,D18,Pasir Ris Drive 3,58,12,12,1,480 sq ft,"$839,000",27 Aug 2022,Resale,99 yrs
T1904,Bukit Verde,D23,Bukit Batok West Ave 5,26B,17,4,2,692 sqft,"922,000",2020-02-12,Resale,99 yrs
T1093,Lakeshore Grand,D22,Lakeside Drive,31A,11,1,4,"1,278 sq ft","2,088,000",2021-12-25,Resale,99 yrs
T2244,Sengkang Terrace,D19,Compassvale Bow,78A,#15-12,12,1,531 sq ft,1016000,2024-03-23,RESALE,99 yrs
T1095,Lakeshore Grand,D22,Lakeside Drive,31A,29,8,1,532 sq ft,828000,04 Feb 2021,Resale,99 yrs
T2061,Tanjong Heights,D15,Tanjong Katong Road,49B,19,3,3,951 sq ft,2731000,2024-06-14,Resale,Freehold
T2116,Tanjong Heights,D15,Tanjong Katong Road,4A,10,1,1,565 sqft,1245000,2021-01-03,New Sale,Freehold
T2317,Sengkang Terrace,D19,Compassvale Bow,53A,28,5,2,66.2 sq m,"1,161,000",2022-03-23,RESALE,99 yrs
T1686,riverbend suites,D05,West Coast Crescent,54,25,2,2,72.7 sqm,1936000,21 May 2024,New Sale,99 yrs
T1255,Parc Meridian,19,Hougang Ave 8,59B,4,10,1,497 sq ft,"$930,000",16/11/2023,New Sale,99 yrs
T1427,The Orchid Residences,D10,Orchard Boulevard,52A,16,5,1,522 sq ft,"S$ 1,732,000",23/06/2024,RESALE,Freehold
T1119,Lakeshore Grand,D22,Lakeside Drive,31A,15,2,1,523 sqft,"$834,000",2021-03-23,Resale,99 yrs
T1874,Bukit Verde,D23,Bukit Batok West Ave 5,80B,4,2,2,756 sqft,"$1,280,000",2024-02-26,New Sale,99 yrs
T1030,Lakeshore Grand,D22,Lakeside Drive,31A,11,11,1,486 sqft,"$870,000",02/07/2023,RESALE,99 yrs
T2357,holland crest,D10,Holland Road,48,26,4,4,1450 sqft,4440000,08/05/2022,Resale,Freehold
T1616,Riverbend Suites,D05,West Coast Crescent,54,23,1,1,527 sqft,1198000,2024-09-06,sub sale,99 yrs
T1877,Bukit Verde,D23,Bukit Batok West Ave 5,80B,22,6,3,1146 sqft,"1,908,000",26 Sep 2022,Resale,99 yrs
T1643,Riverbend Suites,D05,West Coast Crescent,53,23,3,3,973 sqft,2142000,20/05/2022,Resale,99 yrs
T2034,Tanjong Heights,D15,Tanjong Katong Road,49B,26,3,2,668 sqft,2065000,17 Nov 2025,New Sale,Freehold
T2607,Pasir View Residences,D18,Pasir Ris Drive 3,90B,4,1,2,684 sqft,"$1,386,000",2026-06-19,sub sale,99 yrs
T1777,Marina Vue,D01,Marina Way,86B,6,4,4,1481 sqft,3780000,25 Aug 2021,Sub Sale,99 yrs
T1982,Bukit Verde,D23,Bukit Batok West Ave 5,49A,#10-05,5,3,978 sqft,1239000,15/03/2020,Resale,99 yrs
T2372,Holland Crest,D10,Holland Road,48,#26-08,8,1,545 sq ft,1586000,2020-05-24,Resale,Freehold
T1598,Riverbend Suites,D05,West Coast Crescent,16B,28,8,2,754 sqft,1897000,2024-02-11,Resale,99 yrs
T2294,Sengkang Terrace,D19,Compassvale Bow,78A,22,1,4,1355 sqft,2779000,2024-01-05,Resale,99 yrs
T1853,Bukit Verde,D23,Bukit Batok West Ave 5,49A,5,5,2,749 sqft,"$1,499,000",04/04/2026,Resale,99 yrs
T2814,WESTWOOD GARDENS,D22,Westwood Ave,54B,6,11,4,1401 sqft,2065000,18 Jul 2024,RESALE,99 yrs
T2157,Sengkang Terrace,D19,Compassvale Bow,78A,7,1,2,693 sq ft,1182000,02/04/2023,RESALE,99 yrs
T1044,Lakeshore Grand,D22,Lakeside Drive,61A,19,9,2,668 sq ft,"$1,273,000",21/09/2024,Resale,99 yrs
T1836,Bukit Verde,D23,Bukit Batok West Ave 5,80B,7,7,3,1017 sqft,2042000,27 Mar 2025,SUB SALE,99 yrs
T2541,Pasir View Residences,D18,Pasir Ris Drive 3,66,6,10,3,988 sqft,"1,997,000",2025-03-06,Resale,99 yrs
T1176,Lakeshore Grand,D22,Lakeside Drive,21B,15,7,2,652 sqft,968000,2021-10-19,NEW SALE,99 yrs
T2109,Tanjong Heights,D15,Tanjong Katong Road,65A,29,8,2,757 sqft,1618000,27/11/2020,Resale,Freehold
T2386,Holland Crest,D10,Holland Road,87A,5,10,3,917 sq ft,2752000,2022-01-11,Resale,Freehold
T1278,Parc Meridian,D19,Hougang Ave 8,25B,24,9,2,65.6 sqm,1723000,10/06/2026,New Sale,99 yrs
T1921,Bukit Verde,D23,Bukit Batok West Ave 5,80B,#06-01,1,2,718 sq ft,953000,2021-06-07,New Sale,99 yrs
T2663,Queens Parkview,D03,Queensway,24B,28,8,2,681 sqft,1575000,2021-03-14,Resale,99 yrs
T1434,The Orchid Residences,D10,Orchard Boulevard,74B,7,12,3,939 sq ft,2392000,2020-09-11,New Sale,Freehold
T1493,The Orchid Residences,D10,Orchard Boulevard,74B,16,8,2,68.9 sq m,"$2,403,000",2026-01-01,Resale,Freehold
T1291,Parc Meridian,D19,Hougang Ave 8,23A,12,11,2,670 sqft,"$1,357,000",08/09/2024,resale,99 yrs
T2328,Sengkang Terrace,D19,Compassvale Bow,78A,4,10,3,102.8 sq m,1795000,2023-06-12,Resale,99 yrs
T2329,Sengkang Terrace,19,Compassvale Bow,78A,#28-07,7,4,1471 sqft,"$2,735,000",2024-07-06,Resale,99 yrs
T1147,Lakeshore Grand,D22,Lakeside Drive,31A,7,1,2,732 sqft,N/A,20/11/2022,Resale,99 yrs
T1439,The Orchid Residences,D10,Orchard Boulevard,74B,20,8,3,1051 sqft,"2,841,000",2020-01-02,Resale,Freehold
T1428,The Orchid Residences,D10,Orchard Boulevard,52A,28,6,2,650 sqft,"2,111,000",25/03/2026,New Sale,Freehold
T2741,Westwood Gardens,D22,Westwood Ave,56B,22,2,1,535 sqft,"837,000",2023-01-14,new sale,99 yrs
T2108,tanjong heights,15,Tanjong Katong Road,49B,#17-06,6,2,64.1 sq m,1410000,09 Apr 2020,sub sale,Freehold
T1419,The Orchid Residences,D10,Orchard Boulevard,29B,29,7,1,528 sqft,"$1,946,000",12/03/2026,New Sale,Freehold
T1488,The Orchid Residences,D10,Orchard Boulevard,52A,28,1,1,542 sqft,1805000,2021-09-09,New Sale,Freehold
T2165,Sengkang Terrace,D19,Compassvale Bow,86A,#22-08,8,2,719 sqft,"$1,066,000",2020-06-02,Resale,99 yrs
T2193,SENGKANG TERRACE,19,Compassvale Bow,78A,24,4,2,689 sqft,143000,01 Mar 2026,resale,99 yrs
T2540,Pasir View Residences,D18,Pasir Ris Drive 3,66,10,3,2,678 sqft,"936,000",2020-05-01,RESALE,99 yrs
T2712,Queens Parkview,D03,Queensway,24B,#11-04,4,2,669 sqft,1440000,15/05/2021,Resale,99 yrs
T1257,Parc Meridian,D19,Hougang Ave 8,59B,22,8,2,72.5 sqm,1658000,13/03/2023,New Sale,99 yrs
T2642,Queens Parkview,D03,Queensway,88,9,4,1,507 sqft,"$1,334,000",22 May 2025,resale,99 yrs
T2388,Holland Crest,10,Holland Road,28,#07-04,4,1,528 sqft,1645000,19 Aug 2023,Resale,Freehold
T1402,The Orchid Residences,D10,Orchard Boulevard,52A,19,4,2,767 sqft,2021000,2020-04-26,Sub Sale,Freehold
T2519,Pasir View Residences,D18,Pasir Ris Drive 3,58,21,2,4,1334 sqft,"$2,864,000",19/03/2025,New Sale,99 yrs
T2597,Pasir View Residences,18,Pasir Ris Drive 3,58,13,4,2,710 sqft,1220000,2022-09-19,Resale,99 yrs
T2075,Tanjong Heights,D15,Tanjong Katong Road,49B,2,12,3,95.2 sq m,2200000,2022-08-20,Resale,Freehold
T2303,Sengkang Terrace,D19,Compassvale Bow,78A,11,8,4,1279 sqft,2037000,2021-12-17,Resale,99 yrs
T2235,SENGKANG TERRACE,D19,Compassvale Bow,78A,19,5,1,580 sqft,1000000,03 May 2023,Resale,99 yrs
T1240,Parc Meridian,D19,Hougang Ave 8,25B,15,1,2,750 sqft,"$1,162,000",20/12/2020,RESALE,99 yrs
T1035,Lakeshore Grand,22,Lakeside Drive,61A,#30-08,8,2,783 sqft,1201000,2020-08-29,Resale,99 yrs
T1605,Riverbend Suites,D05,West Coast Crescent,16B,12,8,4,1442 sqft,-,2022-02-18,Resale,99 yrs
T2795,Westwood Gardens,D22,Westwood Ave,56B,5,3,3,923 sqft,1555000,06 Mar 2026,New Sale,99 yrs
T1454,The Orchid Residences,10,Orchard Boulevard,29B,17,10,2,717 sqft,1879000,2020-04-22,Resale,Freehold
T1753,Marina Vue,D01,Marina Way,86B,29,1,2,764 sq ft,"2,225,000",2022-04-17,New Sale,99 yrs
T2839,Westwood Gardens,D22,Westwood Ave,54B,24,4,1,563 sqft,789000,2021-03-16,Resale,99 yrs
T1388,Parc Meridian,D19,Hougang Ave 8,23A,7,8,1,519 sq ft,999000,16 Jun 2023,New Sale,99 yrs
T1642,Riverbend Suites,D05,West Coast Crescent,16B,25,4,2,62.1 sqm,1405000,26/10/2021,resale,99 yrs
T1502,The Orchid Residences,D10,Orchard Boulevard,74B,21,6,1,512 sqft,1537000,18 Feb 2021,New Sale,Freehold
T2560,Pasir View Residences,D18,Pasir Ris Drive 3,66,21,10,2,724 sqft,1353000,23 Oct 2022,New Sale,99 yrs
T1786,Bukit Verde,23,Bukit Batok West Ave 5,49A,11,7,2,765 sqft,"1,623,000",03/06/2026,Resale,99 yrs
T1983,Bukit Verde,D23,Bukit Batok West Ave 5,26B,#21-10,10,4,1484 sqft,"$2,337,000",2021-10-26,Resale,99 yrs
T2830,Westwood Gardens,D22,Westwood Ave,56B,28,11,3,,"$1,711,000",19 Jul 2022,Resale,99 yrs
T1411,The Orchid Residences,D10,Orchard Boulevard,74B,10,1,2,662 sqft,1909000,15 Feb 2024,Resale,Freehold
T2473,Pasir View Residences,D18,Pasir Ris Drive 3,58,17,1,2,68.0 sqm,"1,509,000",2025-12-26,New Sale,99 yrs
T2507,Pasir View Residences,D18,Pasir Ris Drive 3,66,5,8,1,524 sqft,"$1,003,000",18/11/2023,resale,99 yrs
T2722,Queens Parkview,3,Queensway,24B,20,2,2,777 sqft,1970000,18/07/2023,RESALE,99 yrs
T1957,Bukit Verde,D23,Bukit Batok West Ave 5,26B,11,6,4,1414 sqft,"$2,482,000",2024-04-13,New Sale,99 yrs
T2305,Sengkang Terrace,D19,Compassvale Bow,53A,28,6,2,668 sqft,1069000,2022-06-24,Resale,99 yrs
T1193,Lakeshore Grand,D22,Lakeside Drive,21B,23,8,2,770 sq ft,"$1,303,000",05 Aug 2022,resale,99 yrs
T2089,tanjong heights,D15,Tanjong Katong Road,49B,13,2,3,1024 sqft,2387000,2022-03-25,Resale,Freehold
T2457,pasir view residences,D18,Pasir Ris Drive 3,90B,3,9,3,1009 sqft,"S$ 2,067,000",2025-11-17,Sub Sale,99 yrs
T2505,PASIR VIEW RESIDENCES,D18,Pasir Ris Drive 3,58,6,7,1,494 sqft,710000,2022-12-25,Resale,99 yrs
T1839,Bukit Verde,D23,Bukit Batok West Ave 5,80B,3,7,2,669 sqft,"$1,286,000",2024-09-10,new sale,99 yrs
T1529,Riverbend Suites,D05,West Coast Crescent,53,24,3,3,1069 sqft,2733000,04/12/2024,new sale,99 yrs
T1071,Lakeshore Grand,D22,Lakeside Drive,61A,#18-11,11,4,"1,460 sq ft",2762000,10/08/2024,Resale,99 yrs
T2153,Sengkang Terrace,D19,Compassvale Bow,78A,30,1,3,1146 sqft,2440000,08/03/2026,New Sale,99 yrs
T2732,Queens Parkview,D03,Queensway,88,17,4,3,954 sq ft,"2,344,000",05/12/2023,Sub Sale,99 yrs
T1325,Parc Meridian,D19,Hougang Ave 8,59B,18,1,2,733 sqft,"$1,296,000",2021-12-06,Resale,99 yrs
T2057,Tanjong Heights,D15,Tanjong Katong Road,49B,13,10,2,795 sqft,"$1,883,000",2022-10-11,Resale,Freehold
T2611,Queens Parkview,D03,Queensway,52B,28,12,3,1111 sqft,2509000,2020-12-28,Resale,99 yrs
T1460,The Orchid Residences,D10,Orchard Boulevard,74B,21,12,3,964 sqft,3180000,2025-06-21,Resale,Freehold
T1662,Riverbend Suites,D05,West Coast Crescent,16B,#14-11,11,3,,2885000,10 Apr 2026,Resale,99 yrs
T1929,Bukit Verde,D23,Bukit Batok West Ave 5,80B,27,1,1,498 sqft,912000,2024-04-25,Sub Sale,99 yrs
T1657,Riverbend Suites,D05,West Coast Crescent,54,3,9,3,947 sq ft,1710000,09/01/2020,Resale,99 yrs
T2810,Westwood Gardens,D22,Westwood Ave,56B,#19-08,8,3,94.2 sqm,1446000,26/07/2021,Resale,99 yrs
T2708,Queens Parkview,D03,Queensway,52B,11,8,3,84.5 sqm,"1,980,000",2020-02-19,RESALE,99 yrs
T2175,Sengkang Terrace,D19,Compassvale Bow,53A,10,9,2,796 sqft,"$162,800",16 Feb 2026,New Sale,99 yrs
T1199,Lakeshore Grand,D22,Lakeside Drive,61A,5,2,2,782 sqft,1593000,10/05/2026,RESALE,99 yrs
T2494,Pasir View Residences,D18,Pasir Ris Drive 3,66,11,2,3,88.6 sqm,2150000,2026-03-21,Resale,99 yrs
T2364,Holland Crest,D10,Holland Road,87A,13,7,3,96.6 sqm,"$3,240,000",26/11/2022,NEW SALE,Freehold
T2632,Queens Parkview,D03,Queensway,24B,17,4,4,1298 sqft,"$3,197,000",2024-02-27,Resale,99 yrs
T1804,Bukit Verde,D23,Bukit Batok West Ave 5,49A,11,2,2,74.0 sqm,1318000,16/11/2022,resale,99 yrs
T2131,Tanjong Heights,D15,Tanjong Katong Road,65A,7,7,4,1320 sqft,"3,119,000",15/12/2021,Resale,Freehold
T2188,Sengkang Terrace,D19,Compassvale Bow,86A,4,6,4,126.8 sqm,2202000,26/10/2023,New Sale,99 yrs
T2437,Pasir View Residences,18,Pasir Ris Drive 3,58,27,10,3,97.9 sq m,2076000,2023-11-24,Resale,99 yrs
T2776,westwood gardens,D22,Westwood Ave,33A,22,3,4,1455 sqft,2693000,2026-07-13,resale,99 yrs
T1894,Bukit Verde,D23,Bukit Batok West Ave 5,49A,9,2,3,1129 sqft,"S$ 2,174,000",2025-10-13,New Sale,99 yrs
T2792,westwood gardens,D22,Westwood Ave,54B,12,9,3,953 sq ft,1692000,2024-06-11,Resale,99 yrs
T2172,Sengkang Terrace,D19,Compassvale Bow,78A,12,8,2,731 sqft,"$1,481,000",14 Apr 2025,Resale,99 yrs
T1103,Lakeshore Grand,D22,Lakeside Drive,21B,3,9,1,497 sqft,"$787,000",2022-08-23,resale,99 yrs
T1947,Bukit Verde,D23,Bukit Batok West Ave 5,49A,15,4,3,1028 sqft,"$1,555,000",14 Apr 2022,RESALE,99 yrs
T2137,Tanjong Heights,D15,Tanjong Katong Road,49B,6,12,2,750 sqft,"1,640,000",02/04/2021,Resale,Freehold
T1319,Parc Meridian,D19,Hougang Ave 8,23A,27,9,3,1046 sqft,"S$ 1,950,000",2022-05-22,Resale,99 yrs
T2063,Tanjong Heights,D15,Tanjong Katong Road,49B,30,12,2,719 sqft,1816000,08/07/2021,Resale,Freehold
T2753,Westwood Gardens,D22,Westwood Ave,56B,21,11,2,659 sqft,899000,09/03/2021,Resale,99 yrs
T2178,Sengkang Terrace,D19,Compassvale Bow,86A,17,1,4,1331 sqft,2561000,2025-04-16,Resale,99 yrs
T2702,Queens Parkview,D03,Queensway,24B,#16-01,1,3,100.2 sq m,"$2,556,000",2021-10-28,new sale,99 yrs
T1301,Parc Meridian,D19,Hougang Ave 8,59B,12,2,3,992 sq ft,1899000,28/06/2025,New Sale,99 yrs
T2176,Sengkang Terrace,D19,Compassvale Bow,78A,#03-03,3,3,942 sq ft,"1,437,000",2021-12-09,Resale,99 yrs
T2444,Pasir View Residences,D18,Pasir Ris Drive 3,90B,29,2,2,69.5 sqm,1106000,2020-04-05,RESALE,99 yrs
T2696,Queens Parkview,D03,Queensway,88,15,6,2,672 sqft,1865000,2024-12-09,New Sale,99 yrs
T1003,Lakeshore Grand,D22,Lakeside Drive,61A,17,4,4,1284 sqft,"$1,868,000",24 May 2020,NEW SALE,99 yrs
T1775,Marina Vue,1,Marina Way,81B,7,4,2,798 sqft,"$2,260,000",2025-06-19,NEW SALE,99 yrs
T2060,Tanjong Heights,D15,Tanjong Katong Road,4A,#24-06,6,3,103.8 sqm,"$2,954,000",25 Mar 2023,Resale,Freehold
T1507,The Orchid Residences,D10,Orchard Boulevard,52A,6,11,3,1137 sqft,"$3,746,000",2025-04-11,Resale,Freehold
T2400,Holland Crest,D10,Holland Road,28,18,9,3,87.4 sq m,"2,581,000",12/08/2020,Resale,Freehold
T2018,Tanjong Heights,D15,Tanjong Katong Road,49B,9,5,2,744 sqft,2015000,2024-08-17,RESALE,Freehold
T2398,Holland Crest,D10,Holland Road,28,30,10,1,505 sqft,"1,496,000",2020-04-03,Sub Sale,Freehold
T1014,LAKESHORE GRAND,D22,Lakeside Drive,31A,18,3,1,504 sqft,1043000,2026-06-03,Resale,99 yrs
T1302,Parc Meridian,D19,Hougang Ave 8,23A,15,1,3,986 sqft,206400,2024-08-27,Resale,99 yrs
T1862,Bukit Verde,D23,Bukit Batok West Ave 5,49A,7,2,2,797 sqft,1538000,2025-01-12,Resale,99 yrs
T2487,pasir view residences,D18,Pasir Ris Drive 3,90B,#25-12,12,2,718 sq ft,"1,129,000",2021-02-25,Resale,99 yrs
T2548,Pasir View Residences,D18,Pasir Ris Drive 3,66,21,3,4,1419 sqft,2100000,2022-06-29,Resale,99 yrs
T2201,Sengkang Terrace,D19,Compassvale Bow,53A,6,2,4,1299 sqft,"$1,876,000",12/10/2020,Resale,99 yrs
T1979,Bukit Verde,D23,Bukit Batok West Ave 5,26B,17,5,3,947 sq ft,1772000,2024-08-01,new sale,99 yrs
T2615,Queens Parkview,D03,Queensway,24B,17,4,1,44.7 sqm,1041000,2020-01-29,SUB SALE,99 yrs
T1780,Bukit Verde,D23,Bukit Batok West Ave 5,26B,2,2,3,1102 sqft,"$1,959,000",2024-02-13,Resale,99 yrs
T2117,tanjong heights,D15,Tanjong Katong Road,4A,14,7,2,66.6 sqm,"$2,005,000",13 Aug 2025,Resale,Freehold
T2038,TANJONG HEIGHTS,D15,Tanjong Katong Road,4A,2,4,3,1006 sqft,"$2,217,000",2021-01-19,New Sale,Freehold
T1469,The Orchid Residences,D10,Orchard Boulevard,74B,30,1,1,50.2 sqm,1641000,06/09/2020,Sub Sale,Freehold
T1267,Parc Meridian,D19,Hougang Ave 8,59B,14,8,2,707 sqft,1077000,09 Jun 2020,Sub Sale,99 yrs
T2321,Sengkang Terrace,19,Compassvale Bow,86A,30,12,3,980 sqft,"S$ 1,730,000",06/09/2023,RESALE,99 yrs
T2106,Tanjong Heights,D15,Tanjong Katong Road,49B,#07-12,12,3,105.3 sq m,3032000,2026-03-13,Resale,Freehold
T2676,QUEENS PARKVIEW,3,Queensway,88,24,11,3,101.5 sqm,"S$ 2,408,000",2020-01-11,Resale,99 yrs
T2390,Holland Crest,D10,Holland Road,87A,19,6,1,549 sqft,1750000,2023-09-15,Resale,Freehold
T2147,Tanjong Heights,D15,Tanjong Katong Road,49B,27,9,2,760 sq ft,2203000,2024-01-10,Resale,Freehold
T1626,Riverbend Suites,D05,West Coast Crescent,16B,14,8,2,67.5 sqm,1357000,2020-08-17,Resale,99 yrs
T1112,Lakeshore Grand,D22,Lakeside Drive,31A,2,3,1,542 sqft,824000,2022-02-19,Resale,99 yrs
T1270,Parc Meridian,D19,Hougang Ave 8,25B,30,2,2,729 sqft,"$1,289,000",30/04/2020,RESALE,99 yrs
T1146,Lakeshore Grand,D22,Lakeside Drive,21B,3,8,2,68.5 sqm,"$1,282,000",2024-11-13,RESALE,99 yrs
T2703,Queens Parkview,D03,Queensway,52B,24,7,3,954 sqft,"$2,157,000",2020-01-16,NEW SALE,99 yrs
T2378,Holland Crest,D10,Holland Road,87A,22,10,2,66.5 sqm,2517000,09 Oct 2025,Resale,Freehold
T1763,Marina Vue,D01,Marina Way,81B,#04-05,5,2,661 sqft,1707000,15 Dec 2023,resale,99 yrs
T2339,Sengkang Terrace,D19,Compassvale Bow,86A,5,7,1,541 sqft,766000,2021-03-16,New Sale,99 yrs
T1311,Parc Meridian,D19,Hougang Ave 8,25B,#27-05,5,4,135.5 sq m,"$3,120,000",18 Jan 2024,New Sale,99 yrs
T1617,Riverbend Suites,D05,West Coast Crescent,54,2,4,3,89.5 sqm,1717000,2020-12-30,SUB SALE,99 yrs
T1796,Bukit Verde,D23,Bukit Batok West Ave 5,49A,28,10,2,650 sqft,1036000,31/10/2020,Resale,99 yrs
T2709,queens parkview,D03,Queensway,88,15,11,2,682 sqft,1494000,2021-02-28,Resale,99 yrs
T1951,Bukit Verde,D23,Bukit Batok West Ave 5,26B,10,8,2,665 sq ft,1031000,2021-02-09,RESALE,99 yrs
T2716,Queens Parkview,D03,Queensway,24B,30,3,2,661 sq ft,1950000,2025-11-09,resale,99 yrs
T1394,Parc Meridian,D19,Hougang Ave 8,25B,23,2,3,1036 sqft,"$1,625,000",2020-04-30,New Sale,99 yrs
T1206,Lakeshore Grand,D22,Lakeside Drive,21B,21,8,3,102.4 sqm,2410000,12/01/2026,RESALE,99 yrs
T2327,Sengkang Terrace,D19,Compassvale Bow,53A,17,11,2,704 sqft,"$1,369,000",2025-04-07,RESALE,99 yrs
T1453,The Orchid Residences,D10,Orchard Boulevard,74B,9,6,3,1125 sqft,"3,168,000",22/06/2021,Resale,Freehold
T2118,Tanjong Heights,D15,Tanjong Katong Road,49B,7,8,2,63.0 sq m,1738000,12/10/2024,RESALE,Freehold
T2426,holland crest,D10,Holland Road,87A,4,11,3,918 sqft,2540000,10/11/2023,new sale,Freehold
T2562,pasir view residences,D18,Pasir Ris Drive 3,66,20,10,3,"1,147 sq ft","S$ 2,570,000",2025-08-20,Resale,99 yrs
T1696,Marina Vue,D01,Marina Way,20,30,6,4,1344 sqft,"$3,943,000",2024-04-30,RESALE,99 yrs
T1918,BUKIT VERDE,D23,Bukit Batok West Ave 5,49A,30,8,3,946 sqft,"$1,967,000",2024-12-30,Resale,99 yrs
T1062,Lakeshore Grand,22,Lakeside Drive,61A,23,7,2,757 sq ft,1087000,12/08/2020,Sub Sale,99 yrs
T1274,Parc Meridian,D19,Hougang Ave 8,23A,9,2,4,123.8 sqm,"$2,287,000",19 Jun 2022,Sub Sale,99 yrs
T2474,PASIR VIEW RESIDENCES,D18,Pasir Ris Drive 3,66,5,9,4,126.7 sqm,2129000,2021-11-13,Resale,99 yrs
T1728,Marina Vue,D01,Marina Way,86B,28,7,4,138.1 sq m,"$3,936,000",2021-12-25,Resale,99 yrs
T1954,bukit verde,D23,Bukit Batok West Ave 5,80B,15,10,1,556 sqft,"$758,000",2020-12-16,NEW SALE,99 yrs
T2048,Tanjong Heights,D15,Tanjong Katong Road,4A,#24-08,8,1,48.0 sqm,1385000,2021-07-25,Resale,Freehold
T2720,Queens Parkview,D03,Queensway,88,18,5,2,714 sqft,"$1,584,000",05 Apr 2022,RESALE,99 yrs
T1379,Parc Meridian,D19,Hougang Ave 8,23A,26,12,4,1411 sqft,2866000,2023-06-26,Resale,99 yrs
T2168,SENGKANG TERRACE,D19,Compassvale Bow,53A,23,9,3,1024 sqft,"$1,988,000",05/04/2024,Resale,99 yrs
T1496,The Orchid Residences,D10,Orchard Boulevard,29B,25,12,3,1015 sqft,"$3,158,000",2023-08-23,RESALE,Freehold
T2387,Holland Crest,D10,Holland Road,28,5,7,2,708 sqft,2297000,25/04/2023,Resale,Freehold
T1393,PARC MERIDIAN,D19,Hougang Ave 8,59B,7,5,4,"1,394 sq ft",2299000,2021-09-27,Sub Sale,99 yrs
T2169,Sengkang Terrace,D19,Compassvale Bow,53A,16,6,3,1046 sqft,1670000,2022-05-05,Resale,99 yrs
T1731,Marina Vue,D01,Marina Way,86B,#11-12,12,3,89.8 sq m,"2,528,000",21/02/2023,Resale,99 yrs
T2802,Westwood Gardens,D22,Westwood Ave,54B,29,10,2,61.6 sq m,"S$ 1,232,000",2025-07-04,NEW SALE,99 yrs
T1114,Lakeshore Grand,D22,Lakeside Drive,31A,21,8,1,51.7 sq m,"$1,157,000",25 Jun 2026,Resale,99 yrs
T1541,Riverbend Suites,D05,West Coast Crescent,53,18,1,3,1004 sqft,2447000,27 Apr 2025,resale,99 yrs
T1974,bukit verde,D23,Bukit Batok West Ave 5,80B,13,10,3,926 sqft,"$1,821,000",06/02/2025,Resale,99 yrs
T1635,Riverbend Suites,D05,West Coast Crescent,54,8,1,2,70.1 sqm,1528000,08/02/2023,New Sale,99 yrs
T2192,sengkang terrace,D19,Compassvale Bow,53A,28,7,2,69.4 sqm,1112000,2021-12-18,Resale,99 yrs
T1798,Bukit Verde,D23,Bukit Batok West Ave 5,49A,25,6,2,72.7 sqm,"S$ 1,102,000",2020-09-25,Resale,99 yrs
T1317,Parc Meridian,D19,Hougang Ave 8,59B,8,6,2,66.0 sq m,"$1,608,000",2026-07-03,Resale,99 yrs
T1331,Parc Meridian,D19,Hougang Ave 8,23A,#02-01,1,1,567 sqft,"S$ 1,242,000",11/08/2025,Resale,99 yrs
T1600,RIVERBEND SUITES,D05,West Coast Crescent,16B,9,5,2,718 sqft,1310000,2021-08-25,resale,99 yrs
T2133,Tanjong Heights,D15,Tanjong Katong Road,49B,7,11,1,521 sq ft,1407000,2024-12-16,Resale,Freehold
T1155,Lakeshore Grand,D22,Lakeside Drive,31A,9,4,3,102.6 sqm,1632000,2020-12-08,Resale,99 yrs
T1285,Parc Meridian,19,Hougang Ave 8,23A,#08-07,7,4,"1,277 sq ft","2,291,000",30 Mar 2022,New Sale,99 yrs
T2628,Queens Parkview,D03,Queensway,88,28,10,2,751 sqft,1919000,2023-07-08,Resale,99 yrs
T1795,Bukit Verde,D23,Bukit Batok West Ave 5,49A,24,4,4,126.7 sqm,2713000,05/11/2024,New Sale,99 yrs
T2809,WESTWOOD GARDENS,D22,Westwood Ave,54B,25,12,3,1028 sqft,1673000,2024-05-29,Sub Sale,99 yrs
T1504,the orchid residences,D10,Orchard Boulevard,74B,9,10,2,63.4 sq m,2292000,2026-06-19,Resale,Freehold
T1211,Parc Meridian,D19,Hougang Ave 8,25B,14,6,2,67.8 sqm,"$1,541,000",2024-08-24,Resale,99 yrs
T1104,lakeshore grand,D22,Lakeside Drive,21B,19,9,1,49.2 sq m,"$1,097,000",2026-04-16,Resale,99 yrs
T1002,Lakeshore Grand,D22,Lakeside Drive,21B,9,10,2,693 sqft,1062000,24/04/2021,New Sale,99 yrs
T1216,Parc Meridian,D19,Hougang Ave 8,25B,8,2,3,1118 sqft,1949000,2021-08-28,Resale,99 yrs
T2682,Queens Parkview,D03,Queensway,52B,14,11,4,1287 sqft,2412000,06 Jul 2020,Resale,99 yrs
T1075,Lakeshore Grand,22,Lakeside Drive,61A,21,7,3,1081 sqft,1661000,2020-12-31,resale,99 yrs
T2510,Pasir View Residences,18,Pasir Ris Drive 3,58,29,1,2,679 sqft,"$1,388,000",2024-03-23,new sale,99 yrs
T2257,SENGKANG TERRACE,D19,Compassvale Bow,86A,5,8,3,1060 sqft,"$1,391,000",2020-10-18,Resale,99 yrs
T2758,Westwood Gardens,D22,Westwood Ave,33A,8,2,3,93.8 sq m,"$1,416,000",2023-01-31,RESALE,99 yrs
T2110,Tanjong Heights,D15,Tanjong Katong Road,49B,#14-11,11,1,546 sqft,1375000,10/02/2024,NEW SALE,Freehold
T1734,Marina Vue,D01,Marina Way,20,18,1,4,1312 sqft,"$3,836,000",07/06/2025,Resale,99 yrs
T2502,Pasir View Residences,D18,Pasir Ris Drive 3,58,18,5,2,746 sqft,1068000,2020-02-10,RESALE,99 yrs
T1339,Parc Meridian,D19,Hougang Ave 8,25B,11,8,4,132.1 sqm,"$2,224,000",09/09/2020,New Sale,99 yrs
T2218,SENGKANG TERRACE,D19,Compassvale Bow,78A,11,9,4,1468 sqft,2783000,27/08/2025,SUB SALE,99 yrs
T1457,the orchid residences,D10,Orchard Boulevard,74B,28,6,2,662 sqft,"$1,807,000",2021-02-22,Resale,Freehold
T2373,Holland Crest,D10,Holland Road,28,7,1,4,1380 sqft,4521000,14/11/2023,new sale,Freehold
T2080,Tanjong Heights,D15,Tanjong Katong Road,49B,15,12,3,1016 sqft,2272000,2020-08-20,New Sale,Freehold
T1229,parc meridian,D19,Hougang Ave 8,23A,7,3,2,762 sqft,1655000,17/03/2025,Resale,99 yrs
T1553,Riverbend Suites,D05,West Coast Crescent,16B,6,6,3,1066 sqft,2445000,06 Aug 2024,resale,99 yrs
T2081,Tanjong Heights,D15,Tanjong Katong Road,4A,#19-11,11,2,658 sqft,1539000,29/07/2020,RESALE,Freehold
T1150,Lakeshore Grand,D22,Lakeside Drive,61A,#04-07,7,2,773 sqft,"$1,155,000",24 Dec 2021,Sub Sale,99 yrs
T1654,Riverbend Suites,D05,West Coast Crescent,54,26,8,2,662 sqft,,2026-03-21,RESALE,99 yrs
T1622,Riverbend Suites,D05,West Coast Crescent,53,#14-12,12,4,"1,318 sq ft","2,940,000",30/10/2024,resale,99 yrs
T2042,Tanjong Heights,D15,Tanjong Katong Road,65A,2,6,2,770 sqft,"S$ 1,629,000",2022-02-13,Resale,Freehold
T1588,Riverbend Suites,D05,West Coast Crescent,16B,24,1,3,1127 sqft,2451000,20 Nov 2022,Resale,99 yrs
T2789,Westwood Gardens,22,Westwood Ave,54B,#16-09,9,2,778 sqft,1041000,25/05/2021,Sub Sale,99 yrs
T1027,Lakeshore Grand,D22,Lakeside Drive,31A,12,7,3,974 sqft,1426000,19 Jan 2021,New Sale,99 yrs
T1961,Bukit Verde,D23,Bukit Batok West Ave 5,26B,13,10,3,1088 sqft,"S$ 2,351,000",12/04/2026,Resale,99 yrs
T1714,Marina Vue,1,Marina Way,20,18,5,3,1103 sqft,2731000,2023-07-23,New Sale,99 yrs
T2277,Sengkang Terrace,D19,Compassvale Bow,53A,8,1,4,"1,495 sq ft","S$ 2,305,000",2022-12-06,RESALE,99 yrs
T1480,THE ORCHID RESIDENCES,D10,Orchard Boulevard,74B,29,10,1,494 sqft,"1,529,000",31/03/2021,New Sale,Freehold
T1190,Lakeshore Grand,D22,Lakeside Drive,21B,7,8,3,999 sqft,1548000,16/09/2020,Resale,99 yrs
T2730,Queens Parkview,3,Queensway,52B,15,11,3,1038 sqft,"$2,368,000",17/10/2022,Sub Sale,99 yrs
T1357,PARC MERIDIAN,D19,Hougang Ave 8,23A,10,9,3,1040 sqft,"$2,129,000",2025-10-24,Resale,99 yrs
T2072,Tanjong Heights,D15,Tanjong Katong Road,4A,6,9,4,135.0 sqm,4404000,2025-06-10,New Sale,Freehold
T1691,Marina Vue,D01,Marina Way,86B,26,2,3,102.8 sqm,2911000,20/08/2023,Resale,99 yrs
T1806,Bukit Verde,D23,Bukit Batok West Ave 5,26B,6,2,2,687 sqft,1248000,01/03/2025,Resale,99 yrs
T2544,pasir view residences,18,Pasir Ris Drive 3,58,3,8,1,53.5 sq m,900000,2021-06-22,Sub Sale,99 yrs
T2163,Sengkang Terrace,D19,Compassvale Bow,86A,#23-10,10,3,"1,111 sq ft","$2,306,000",08 Jan 2026,NEW SALE,99 yrs
T1478,The Orchid Residences,D10,Orchard Boulevard,74B,26,1,1,574 sqft,1901000,2023-06-17,Resale,Freehold
T1452,THE ORCHID RESIDENCES,D10,Orchard Boulevard,52A,3,4,4,116.9 sqm,3711000,2024-11-16,Resale,Freehold
T2424,Holland Crest,D10,Holland Road,48,3,10,3,,2831000,08 Dec 2020,RESALE,Freehold
T1182,Lakeshore Grand,22,Lakeside Drive,31A,5,10,1,500 sqft,"$739,000",2023-01-11,Resale,99 yrs
T1859,Bukit Verde,D23,Bukit Batok West Ave 5,26B,9,1,3,998 sqft,1760000,2023-12-28,Sub Sale,99 yrs
T1276,Parc Meridian,D19,Hougang Ave 8,25B,15,10,2,761 sq ft,"$1,284,000",03 Sep 2022,Resale,99 yrs
T1872,BUKIT VERDE,D23,Bukit Batok West Ave 5,49A,5,12,3,88.6 sqm,N/A,2022-02-01,resale,99 yrs
T2804,Westwood Gardens,D22,Westwood Ave,54B,20,7,1,543 sqft,"$936,000",31/08/2024,Resale,99 yrs
T1433,The Orchid Residences,D10,Orchard Boulevard,29B,6,5,3,1105 sqft,"$3,305,000",2024-08-05,Resale,Freehold
T2283,sengkang terrace,D19,Compassvale Bow,53A,13,8,3,914 sq ft,1799000,2025-06-18,Resale,99 yrs
T1080,Lakeshore Grand,22,Lakeside Drive,61A,28,7,3,923 sqft,"$1,428,000",22/12/2020,RESALE,99 yrs
T1295,Parc Meridian,D19,Hougang Ave 8,23A,#02-11,11,2,67.2 sq m,"$1,642,000",12/02/2026,New Sale,99 yrs
T2249,sengkang terrace,D19,Compassvale Bow,86A,13,2,4,1447 sqft,"$2,709,000",09/10/2024,New Sale,99 yrs
T2801,WESTWOOD GARDENS,D22,Westwood Ave,56B,24,12,2,731 sqft,"$1,095,000",2023-01-20,Resale,99 yrs
T2380,Holland Crest,10,Holland Road,87A,27,10,1,484 sqft,1637000,09/07/2021,Resale,Freehold
T2322,Sengkang Terrace,D19,Compassvale Bow,53A,27,3,3,991 sqft,1672000,10/02/2022,Resale,99 yrs
T1158,Lakeshore Grand,D22,Lakeside Drive,31A,#28-10,10,3,"1,007 sq ft","1,953,000",2022-10-28,Resale,99 yrs
T2671,Queens Parkview,D03,Queensway,52B,26,10,3,906 sqft,2275000,2023-02-13,Resale,99 yrs
T1800,Bukit Verde,D23,Bukit Batok West Ave 5,80B,10,6,3,1069 sqft,"$1,806,000",2023-05-15,Resale,99 yrs
T1946,Bukit Verde,D23,Bukit Batok West Ave 5,49A,24,12,3,93.0 sqm,"$1,639,000",2023-05-05,new sale,99 yrs
T2827,Westwood Gardens,D22,Westwood Ave,33A,17,12,3,1108 sqft,"S$ 1,597,000",2021-05-30,New Sale,99 yrs
T1164,Lakeshore Grand,D22,Lakeside Drive,61A,21,2,3,"1,088 sq ft","S$ 1,991,000",02/08/2023,New Sale,99 yrs
T1337,Parc Meridian,D19,Hougang Ave 8,23A,#13-01,1,3,1040 sqft,1953000,2024-01-29,Resale,99 yrs
T1245,Parc Meridian,D19,Hougang Ave 8,23A,2,10,2,60.4 sqm,"S$ 1,369,000",13/04/2025,New Sale,99 yrs
T2501,Pasir View Residences,D18,Pasir Ris Drive 3,66,20,1,2,799 sqft,1609000,2025-07-19,Sub Sale,99 yrs
T2291,Sengkang Terrace,D19,Compassvale Bow,53A,12,6,2,767 sqft,"$1,423,000",2024-06-21,Resale,99 yrs
T1188,Lakeshore Grand,D22,Lakeside Drive,31A,3,2,3,912 sqft,"$1,373,000",29/06/2021,resale,99 yrs
T1705,marina vue,D01,Marina Way,81B,25,4,3,92.5 sq m,2871000,26 Aug 2024,Resale,99 yrs
T2271,Sengkang Terrace,D19,Compassvale Bow,53A,8,5,2,710 sq ft,1161000,2022-05-26,New Sale,99 yrs
T1025,Lakeshore Grand,D22,Lakeside Drive,31A,#06-12,12,2,747 sqft,1171000,2021-04-08,Resale,99 yrs
T2122,TANJONG HEIGHTS,D15,Tanjong Katong Road,65A,25,1,2,708 sq ft,"$1,610,000",2021-07-31,Resale,Freehold
T2833,Westwood Gardens,D22,Westwood Ave,56B,8,8,3,1077 sqft,1736000,2025-07-18,Resale,99 yrs
T2679,QUEENS PARKVIEW,3,Queensway,88,19,11,3,88.6 sqm,"$2,068,000",06/10/2020,Resale,99 yrs
T1887,Bukit Verde,D23,Bukit Batok West Ave 5,49A,4,8,3,87.4 sqm,1830000,2026-03-04,Resale,99 yrs
T2765,Westwood Gardens,22,Westwood Ave,33A,28,8,3,913 sqft,"$1,670,000",2026-01-23,New Sale,99 yrs
T2846,westwood gardens,D22,Westwood Ave,33A,30,10,1,520 sqft,668000,24/07/2020,Resale,99 yrs
T1517,The Orchid Residences,D10,Orchard Boulevard,29B,#17-01,1,1,557 sqft,1762000,10/09/2025,Resale,Freehold
T2832,Westwood Gardens,22,Westwood Ave,54B,5,4,4,"1,462 sq ft",2102000,15 Jan 2022,resale,99 yrs
T2808,WESTWOOD GARDENS,D22,Westwood Ave,56B,26,10,3,1039 sqft,"$1,899,000",06/03/2026,Resale,99 yrs
T1162,Lakeshore Grand,D22,Lakeside Drive,31A,21,1,2,71.8 sq m,"$1,503,000",29/11/2024,New Sale,99 yrs
T2268,Sengkang Terrace,19,Compassvale Bow,78A,#05-04,4,3,937 sq ft,1728000,07/06/2024,Resale,99 yrs
T1346,parc meridian,D19,Hougang Ave 8,25B,23,10,2,71.4 sqm,"$1,596,000",12/08/2022,Sub Sale,99 yrs
T2150,SENGKANG TERRACE,D19,Compassvale Bow,78A,24,10,3,88.3 sq m,1755000,2025-01-30,NEW SALE,99 yrs
T1875,Bukit Verde,D23,Bukit Batok West Ave 5,49A,29,12,2,68.0 sqm,1444000,04/10/2023,New Sale,99 yrs
T1742,marina vue,D01,Marina Way,81B,10,11,3,1146 sqft,2804000,2023-09-27,Resale,99 yrs
T2415,Holland Crest,D10,Holland Road,87A,29,9,4,1423 sqft,5175000,2026-03-17,New Sale,Freehold
T2511,Pasir View Residences,D18,Pasir Ris Drive 3,58,13,11,2,678 sqft,1096000,2022-02-23,Resale,99 yrs
T1596,RIVERBEND SUITES,D05,West Coast Crescent,16B,25,9,1,517 sq ft,1061000,2022-07-05,New Sale,99 yrs
T1559,Riverbend Suites,5,West Coast Crescent,53,28,3,3,"1,025 sq ft","$2,278,000",25/07/2023,RESALE,99 yrs
T2334,Sengkang Terrace,D19,Compassvale Bow,78A,#15-10,10,4,1452 sqft,"$2,933,000",2026-02-17,Resale,99 yrs
T2222,Sengkang Terrace,D19,Compassvale Bow,53A,22,7,3,98.2 sqm,"$1,900,000",2024-06-13,NEW SALE,99 yrs
T1350,Parc Meridian,D19,Hougang Ave 8,59B,2,5,2,735 sqft,"$1,588,000",01 Jul 2025,Resale,99 yrs
T1820,Bukit Verde,D23,Bukit Batok West Ave 5,26B,2,11,3,96.7 sqm,"$1,806,000",16/07/2025,Resale,99 yrs
T2773,Westwood Gardens,D22,Westwood Ave,56B,12,4,1,499 sq ft,653000,2021-02-11,Resale,99 yrs
T1823,Bukit Verde,D23,Bukit Batok West Ave 5,26B,19,6,4,1483 sqft,3055000,16 Jul 2025,Resale,99 yrs
T1619,Riverbend Suites,D05,West Coast Crescent,53,#10-01,1,3,978 sqft,1760000,15/07/2021,New Sale,99 yrs
T1646,Riverbend Suites,D05,West Coast Crescent,16B,19,5,3,946 sq ft,"$2,492,000",17/05/2026,Resale,99 yrs
T1001,Lakeshore Grand,D22,Lakeside Drive,21B,27,2,3,84.0 sqm,"$1,590,000",2022-07-19,RESALE,99 yrs
T1059,LAKESHORE GRAND,D22,Lakeside Drive,21B,22,5,2,701 sqft,"$1,176,000",20/01/2022,RESALE,99 yrs
T2186,Sengkang Terrace,D19,Compassvale Bow,78A,11,6,3,92.8 sq m,1407000,2021-03-12,Resale,99 yrs
T2208,Sengkang Terrace,D19,Compassvale Bow,86A,#06-10,10,3,952 sq ft,1326000,05/09/2020,Resale,99 yrs
T2200,sengkang terrace,D19,Compassvale Bow,53A,27,2,4,1483 sqft,"$2,440,000",2021-12-11,RESALE,99 yrs
T2578,Pasir View Residences,D18,Pasir Ris Drive 3,66,22,6,4,1469 sqft,2381000,09 Oct 2021,Resale,99 yrs
T2417,Holland Crest,D10,Holland Road,48,30,3,3,1032 sqft,3887000,2025-02-12,New Sale,Freehold
T1538,Riverbend Suites,D05,West Coast Crescent,54,21,1,1,543 sqft,1286000,2024-11-26,Resale,99 yrs
T1203,Lakeshore Grand,D22,Lakeside Drive,61A,29,11,3,1101 sqft,2242000,2025-09-24,Resale,99 yrs
T1022,Lakeshore Grand,22,Lakeside Drive,31A,19,3,2,678 sqft,"$1,192,000",11/12/2022,Sub Sale,99 yrs
T2064,Tanjong Heights,D15,Tanjong Katong Road,49B,6,5,2,70.5 sq m,"$1,639,000",04 Aug 2021,sub sale,Freehold
T1086,Lakeshore Grand,22,Lakeside Drive,61A,#11-09,9,4,1296 sqft,2268000,2023-03-31,RESALE,99 yrs
T2842,Westwood Gardens,D22,Westwood Ave,56B,18,9,4,132.1 sqm,"$2,460,000",2025-07-02,resale,99 yrs
T2398,Holland Crest,D10,Holland Road,28,30,10,1,505 sqft,"1,496,000",2020-04-03,Sub Sale,Freehold
T2520,Pasir View Residences,D18,Pasir Ris Drive 3,66,#23-03,3,3,975 sqft,"$1,576,000",15/07/2020,Resale,99 yrs
T2556,Pasir View Residences,D18,Pasir Ris Drive 3,90B,21,4,2,65.2 sqm,"1,454,000",07/05/2024,RESALE,99 yrs
T2691,Queens Parkview,D03,Queensway,88,17,9,2,787 sqft,2101000,25/02/2025,RESALE,99 yrs
T2451,Pasir View Residences,D18,Pasir Ris Drive 3,90B,4,12,1,52.0 sq m,775000,2020-09-23,Resale,99 yrs
T1852,Bukit Verde,D23,Bukit Batok West Ave 5,49A,15,2,2,676 sq ft,1234000,2025-04-13,Resale,99 yrs
T1455,THE ORCHID RESIDENCES,D10,Orchard Boulevard,74B,25,7,2,780 sqft,"$2,730,000",29/04/2026,New Sale,Freehold
T1847,Bukit Verde,D23,Bukit Batok West Ave 5,26B,10,6,4,1435 sqft,3203000,09/03/2026,new sale,99 yrs
T2780,Westwood Gardens,D22,Westwood Ave,54B,25,12,3,1138 sqft,"$2,022,000",2026-02-04,RESALE,99 yrs
T1991,BUKIT VERDE,D23,Bukit Batok West Ave 5,26B,14,7,2,753 sqft,"$1,131,000",11/03/2023,Resale,99 yrs
T2566,Pasir View Residences,D18,Pasir Ris Drive 3,90B,7,9,3,90.8 sqm,1326000,05 Jun 2021,RESALE,99 yrs
T1367,Parc Meridian,D19,Hougang Ave 8,23A,10,3,2,777 sqft,"1,560,000",2024-06-17,Sub Sale,99 yrs
T1307,Parc Meridian,D19,Hougang Ave 8,23A,#02-11,11,3,934 sqft,1424000,2020-11-09,Sub Sale,99 yrs
T2074,Tanjong Heights,D15,Tanjong Katong Road,4A,14,11,2,776 sq ft,"$1,936,000",2023-05-16,Resale,Freehold
T1052,LAKESHORE GRAND,D22,Lakeside Drive,61A,26,11,4,1365 sqft,"$2,656,000",2024-08-27,Resale,99 yrs
T1227,PARC MERIDIAN,D19,Hougang Ave 8,25B,10,7,3,"1,129 sq ft",2553000,2025-10-13,New Sale,99 yrs
T1125,Lakeshore Grand,D22,Lakeside Drive,31A,7,11,3,968 sqft,"$1,831,000",23/07/2024,RESALE,99 yrs
T1768,marina vue,D01,Marina Way,20,22,3,3,1066 sqft,"$3,181,000",2026-04-21,Sub Sale,99 yrs
T1004,Lakeshore Grand,D22,Lakeside Drive,61A,26,7,2,655 sqft,1256000,2023-07-23,Resale,99 yrs
T1039,lakeshore grand,D22,Lakeside Drive,21B,23,9,2,63.0 sqm,"1,094,000",09/02/2022,Resale,99 yrs
T1374,Parc Meridian,D19,Hougang Ave 8,25B,#10-03,3,3,962 sqft,2029000,2026-01-10,Resale,99 yrs
T2422,Holland Crest,D10,Holland Road,28,10,10,1,568 sqft,2027000,2023-05-24,Resale,Freehold
T2214,Sengkang Terrace,19,Compassvale Bow,86A,5,8,4,130.3 sqm,1814000,2020-09-15,Resale,99 yrs
T2216,sengkang terrace,19,Compassvale Bow,53A,10,8,4,"1,289 sq ft","$2,279,000",2023-03-30,resale,99 yrs
T2603,Pasir View Residences,D18,Pasir Ris Drive 3,90B,12,7,2,654 sqft,1163000,2022-10-01,Resale,99 yrs
T2631,Queens Parkview,D03,Queensway,88,#21-04,4,2,65.0 sqm,"S$ 1,896,000",2024-12-14,Resale,99 yrs
T2348,Sengkang Terrace,D19,Compassvale Bow,78A,14,12,1,507 sqft,913000,12 Oct 2024,resale,99 yrs
T1717,Marina Vue,D01,Marina Way,20,13,2,2,68.0 sq m,1734000,21 Dec 2022,RESALE,99 yrs
T1530,riverbend suites,D05,West Coast Crescent,54,8,3,1,46.1 sqm,901000,28/01/2021,Resale,99 yrs
T1422,The Orchid Residences,D10,Orchard Boulevard,29B,28,8,2,683 sqft,2188000,05/06/2024,New Sale,Freehold
T1380,Parc Meridian,D19,Hougang Ave 8,23A,#27-12,12,1,574 sqft,1090000,25/07/2023,Sub Sale,99 yrs
T2766,Westwood Gardens,D22,Westwood Ave,56B,15,6,2,786 sqft,1185000,2022-06-18,Resale,99 yrs
T1788,BUKIT VERDE,D23,Bukit Batok West Ave 5,80B,9,1,1,52.3 sq m,1177000,2026-07-05,RESALE,99 yrs
T2405,Holland Crest,D10,Holland Road,48,14,12,3,98.9 sqm,"3,821,000",30/03/2026,RESALE,Freehold
T2469,Pasir View Residences,D18,Pasir Ris Drive 3,90B,#20-09,9,3,85.5 sqm,2144000,2026-06-12,Resale,99 yrs
T2374,Holland Crest,D10,Holland Road,48,#30-01,1,3,1038 sqft,3922000,2026-04-21,new sale,Freehold
T2356,Holland Crest,10,Holland Road,48,#04-08,8,4,1477 sqft,4639000,22 Apr 2022,RESALE,Freehold
T1465,The Orchid Residences,D10,Orchard Boulevard,74B,10,5,4,1257 sqft,"3,804,000",05 Feb 2024,RESALE,Freehold
T1445,the orchid residences,D10,Orchard Boulevard,74B,10,2,3,"1,021 sq ft","$3,561,000",24 Mar 2026,SUB SALE,Freehold
T2458,pasir view residences,D18,Pasir Ris Drive 3,58,2,4,2,722 sqft,1296000,18 Sep 2024,resale,99 yrs
T2649,queens parkview,D03,Queensway,24B,20,12,3,102.8 sq m,2304000,19/08/2021,NEW SALE,99 yrs
T2037,Tanjong Heights,D15,Tanjong Katong Road,4A,8,2,3,1004 sqft,"$2,667,000",24/07/2025,New Sale,Freehold
T1045,LAKESHORE GRAND,D22,Lakeside Drive,61A,27,9,2,779 sqft,"$1,386,000",03/04/2023,Resale,99 yrs
T1730,Marina Vue,D01,Marina Way,81B,10,9,4,1334 sqft,"3,532,000",08/01/2023,Resale,99 yrs
T2211,Sengkang Terrace,D19,Compassvale Bow,53A,13,11,1,575 sq ft,"$764,000",2020-06-01,new sale,99 yrs
T2070,Tanjong Heights,D15,Tanjong Katong Road,4A,10,7,2,774 sqft,1711000,02/07/2022,Resale,Freehold
T2180,Sengkang Terrace,D19,Compassvale Bow,78A,30,8,4,"1,431 sq ft","S$ 2,348,000",14/01/2023,SUB SALE,99 yrs
T1589,riverbend suites,D05,West Coast Crescent,16B,11,7,2,754 sqft,"1,726,000",2024-12-24,Resale,99 yrs
T2026,Tanjong Heights,D15,Tanjong Katong Road,65A,8,6,3,"1,058 sq ft","$2,327,000",05 Apr 2020,RESALE,Freehold
T2637,Queens Parkview,D03,Queensway,52B,20,12,2,676 sqft,1722000,2023-01-13,RESALE,99 yrs
T2286,Sengkang Terrace,D19,Compassvale Bow,86A,15,12,2,699 sqft,1082000,2022-01-05,Resale,99 yrs
T2739,queens parkview,D03,Queensway,24B,23,5,4,"1,473 sq ft","$3,597,000",2023-03-02,new sale,99 yrs
T1212,Parc Meridian,D19,Hougang Ave 8,25B,6,5,2,65.7 sq m,"1,208,000",2021-12-01,Resale,99 yrs
T1727,MARINA VUE,D01,Marina Way,86B,#13-10,10,2,65.1 sqm,1853000,17 Jan 2026,Resale,99 yrs
T1981,Bukit Verde,D23,Bukit Batok West Ave 5,80B,16,2,2,69.2 sq m,"$1,226,000",23/10/2022,Resale,99 yrs
T2443,Pasir View Residences,D18,Pasir Ris Drive 3,66,3,4,4,"1,456 sq ft",2478000,04/07/2024,Resale,99 yrs
T2784,Westwood Gardens,D22,Westwood Ave,33A,5,9,4,132.2 sq m,"$2,204,000",2024-07-02,RESALE,99 yrs
T1433,The Orchid Residences,D10,Orchard Boulevard,29B,6,5,3,1105 sqft,"$3,305,000",2024-08-05,Resale,Freehold
T1161,Lakeshore Grand,D22,Lakeside Drive,31A,17,10,3,935 sqft,1471000,25 Sep 2021,RESALE,99 yrs
T2573,Pasir View Residences,D18,Pasir Ris Drive 3,66,26,3,1,545 sq ft,912000,28/03/2021,Resale,99 yrs
T2030,Tanjong Heights,D15,Tanjong Katong Road,49B,#22-06,6,1,50.4 sq m,"$1,538,000",09 Jul 2025,RESALE,Freehold
T2849,Westwood Gardens,D22,Westwood Ave,54B,16,2,4,1251 sqft,"$1,461,000",2021-01-28,Resale,99 yrs
T2041,Tanjong Heights,D15,Tanjong Katong Road,65A,7,9,1,505 sqft,1263000,2024-07-09,Resale,Freehold
T1009,Lakeshore Grand,D22,Lakeside Drive,61A,15,9,3,"1,139 sq ft",1544000,30/08/2020,New Sale,99 yrs
T1881,Bukit Verde,D23,Bukit Batok West Ave 5,26B,#15-12,12,2,722 sq ft,982000,13/04/2020,RESALE,99 yrs
T1974,Bukit Verde,D23,Bukit Batok West Ave 5,80B,13,10,3,86.0 sqm,1821000,2025-02-06,Resale,99 yrs
T2236,Sengkang Terrace,D19,Compassvale Bow,53A,20,9,1,53.2 sqm,"S$ 1,083,000",2023-07-10,resale,99 yrs
T1525,Riverbend Suites,D05,West Coast Crescent,16B,23,1,4,"1,447 sq ft",3696000,2024-11-03,RESALE,99 yrs
T2273,Sengkang Terrace,D19,Compassvale Bow,78A,26,8,1,49.2 sqm,834000,21 Nov 2020,Resale,99 yrs
T1079,Lakeshore Grand,D22,Lakeside Drive,21B,#25-11,11,4,1429 sqft,2691000,19 May 2023,NEW SALE,99 yrs
T1055,Lakeshore Grand,D22,Lakeside Drive,31A,13,8,3,908 sq ft,1584000,2024-04-04,Resale,99 yrs
T2650,Queens Parkview,D03,Queensway,24B,27,9,3,1053 sqft,"$2,478,000",05/06/2020,Resale,99 yrs
T2086,Tanjong Heights,D15,Tanjong Katong Road,65A,15,1,3,99.4 sqm,"$2,747,000",25 Nov 2022,Resale,Freehold
T1583,Riverbend Suites,D05,West Coast Crescent,54,30,4,2,657 sqft,"$1,476,000",2023-05-17,RESALE,99 yrs
T2845,Westwood Gardens,D22,Westwood Ave,33A,7,1,2,696 sqft,"$882,000",29/08/2020,New Sale,99 yrs
T2204,Sengkang Terrace,D19,Compassvale Bow,86A,25,4,2,69.0 sqm,1272000,07 Jan 2024,Resale,99 yrs
T2059,Tanjong Heights,D15,Tanjong Katong Road,65A,7,2,1,505 sqft,1190000,2024-07-09,resale,Freehold
T1550,RIVERBEND SUITES,5,West Coast Crescent,53,13,10,4,1375 sqft,"$2,582,000",2021-07-26,Resale,99 yrs
T2076,Tanjong Heights,D15,Tanjong Katong Road,49B,9,3,4,"1,461 sq ft","4,105,000",2025-10-18,Resale,Freehold
T1851,Bukit Verde,D23,Bukit Batok West Ave 5,80B,25,6,2,724 sqft,1509000,2024-07-20,NEW SALE,99 yrs
T1121,LAKESHORE GRAND,D22,Lakeside Drive,61A,9,8,2,775 sqft,1465000,02/12/2024,New Sale,99 yrs
T1668,Riverbend Suites,D05,West Coast Crescent,53,20,5,2,721 sqft,"$1,790,000",2025-10-18,Resale,99 yrs
T1757,Marina Vue,D01,Marina Way,86B,22,11,4,120.0 sqm,"$3,297,000",2021-02-23,Resale,99 yrs
T1132,Lakeshore Grand,22,Lakeside Drive,61A,30,10,4,"1,278 sq ft",2672000,2025-06-25,Resale,99 yrs
T2445,Pasir View Residences,D18,Pasir Ris Drive 3,66,11,11,1,546 sqft,982000,03 Aug 2024,Resale,99 yrs
T2035,Tanjong Heights,D15,Tanjong Katong Road,4A,29,9,2,733 sqft,"$2,006,000",2024-06-12,New Sale,Freehold
T2674,Queens Parkview,D03,Queensway,88,12,1,3,1114 sqft,"$2,862,000",2024-11-26,New Sale,99 yrs
T1200,Lakeshore Grand,D22,Lakeside Drive,31A,18,5,4,"1,323 sq ft","$2,725,000",2025-09-13,SUB SALE,99 yrs
T2497,Pasir View Residences,D18,Pasir Ris Drive 3,58,15,6,2,745 sq ft,1377000,2024-08-17,Sub Sale,99 yrs
T2484,Pasir View Residences,D18,Pasir Ris Drive 3,58,3,1,3,84.4 sq m,1847000,16/08/2025,Resale,99 yrs
T2003,Bukit Verde,D23,Bukit Batok West Ave 5,26B,13,4,4,1354 sqft,1816000,31/03/2020,SUB SALE,99 yrs
T2441,pasir view residences,D18,Pasir Ris Drive 3,90B,#05-06,6,4,127.4 sqm,2716000,15/02/2026,RESALE,99 yrs
T2112,TANJONG HEIGHTS,D15,Tanjong Katong Road,4A,20,8,3,95.4 sqm,3054000,2025-11-10,Resale,Freehold
T1262,Parc Meridian,D19,Hougang Ave 8,23A,25,4,2,719 sq ft,"$1,556,000",2023-11-08,RESALE,99 yrs
T2657,QUEENS PARKVIEW,D03,Queensway,88,27,9,3,988 sqft,2109000,05 Sep 2021,Resale,99 yrs
T1993,BUKIT VERDE,D23,Bukit Batok West Ave 5,49A,#12-01,1,2,68.3 sq m,"998,000",2020-02-01,New Sale,99 yrs
T2174,Sengkang Terrace,D19,Compassvale Bow,78A,#20-11,11,4,1472 sqft,3010000,2025-03-05,Resale,99 yrs
T1098,lakeshore grand,D22,Lakeside Drive,61A,26,5,2,742 sqft,"1,244,000",2023-01-19,New Sale,99 yrs
T1741,Marina Vue,D01,Marina Way,20,21,5,3,1134 sqft,2858000,05 Jan 2024,Resale,99 yrs
T1586,Riverbend Suites,D05,West Coast Crescent,54,26,4,3,900 sqft,2268000,17/10/2025,Resale,99 yrs
T1967,Bukit Verde,D23,Bukit Batok West Ave 5,26B,15,7,1,49.5 sq m,907000,2023-11-22,Resale,99 yrs
T2027,Tanjong Heights,D15,Tanjong Katong Road,65A,10,4,3,1018 sqft,"$2,150,000",05 Feb 2020,Resale,Freehold
T1943,Bukit Verde,D23,Bukit Batok West Ave 5,80B,18,1,3,1116 sqft,2021000,02/08/2023,Resale,99 yrs
T2406,holland crest,10,Holland Road,48,20,6,2,719 sqft,2529000,2026-03-27,New Sale,Freehold
T2622,Queens Parkview,D03,Queensway,52B,14,3,4,1482 sqft,"$3,240,000",24/11/2022,Resale,99 yrs
T2126,Tanjong Heights,15,Tanjong Katong Road,4A,26,10,3,91.9 sq m,2179000,2020-06-16,Sub Sale,Freehold
T2571,PASIR VIEW RESIDENCES,D18,Pasir Ris Drive 3,66,#18-02,2,2,668 sqft,1398000,2025-07-06,resale,99 yrs
T1008,Lakeshore Grand,D22,Lakeside Drive,61A,#19-04,4,3,106.5 sq m,1812000,2020-12-05,Resale,99 yrs
T1421,The Orchid Residences,D10,Orchard Boulevard,29B,7,12,2,700 sqft,"$1,954,000",2023-05-26,resale,Freehold
T2164,Sengkang Terrace,D19,Compassvale Bow,78A,11,9,2,69.6 sqm,"$1,602,000",28 Dec 2025,Resale,99 yrs
T2668,Queens Parkview,D03,Queensway,52B,12,7,2,61.8 sq m,"$1,857,000",30/05/2025,New Sale,99 yrs
T1273,Parc Meridian,D19,Hougang Ave 8,23A,17,10,4,1354 sqft,"$2,368,000",01/10/2021,Sub Sale,99 yrs
T1219,Parc Meridian,D19,Hougang Ave 8,59B,7,9,2,735 sqft,"$1,135,000",2020-06-11,Resale,99 yrs
T2232,Sengkang Terrace,D19,Compassvale Bow,78A,22,12,4,130.1 sqm,3016000,2026-03-29,New Sale,99 yrs
T2359,Holland Crest,D10,Holland Road,48,28,11,2,,"2,384,000",12 Dec 2020,Resale,Freehold
T2145,Tanjong Heights,D15,Tanjong Katong Road,4A,13,12,3,100.6 sq m,2861000,2023-01-21,Resale,Freehold
T1316,Parc Meridian,D19,Hougang Ave 8,59B,5,12,3,989 sq ft,"2,429,000",30 Apr 2026,Resale,99 yrs
T1099,Lakeshore Grand,D22,Lakeside Drive,61A,22,11,3,92.7 sq m,2058000,23 Jun 2025,Resale,99 yrs
T2719,Queens Parkview,D03,Queensway,24B,#27-12,12,1,571 sqft,1559000,2025-09-11,Resale,99 yrs
T2213,Sengkang Terrace,D19,Compassvale Bow,53A,15,5,3,99.4 sq m,1688000,05 Mar 2021,Sub Sale,99 yrs
T1733,Marina Vue,D01,Marina Way,86B,15,5,2,733 sqft,"1,664,000",14/03/2021,Resale,99 yrs
T2641,QUEENS PARKVIEW,D03,Queensway,88,9,4,1,559 sqft,1482000,2026-06-25,Resale,99 yrs
T2435,PASIR VIEW RESIDENCES,18,Pasir Ris Drive 3,90B,#12-05,5,3,910 sq ft,1289000,2021-09-28,resale,99 yrs
T2654,Queens Parkview,D03,Queensway,88,15,2,1,45.0 sqm,1197000,06/11/2025,New Sale,99 yrs
T1389,Parc Meridian,D19,Hougang Ave 8,25B,18,8,3,1120 sqft,1689000,06/12/2020,Resale,99 yrs
T1284,parc meridian,D19,Hougang Ave 8,59B,6,4,4,1401 sqft,2071000,2021-04-20,resale,99 yrs
T1290,Parc Meridian,19,Hougang Ave 8,23A,19,2,2,769 sqft,1766000,2024-05-06,Resale,99 yrs
T1094,Lakeshore Grand,D22,Lakeside Drive,31A,30,7,3,1047 sqft,1977000,02 Jun 2023,Resale,99 yrs
T1837,Bukit Verde,D23,Bukit Batok West Ave 5,26B,20,2,1,530 sqft,911000,2022-10-26,New Sale,99 yrs
T2154,Sengkang Terrace,D19,Compassvale Bow,86A,7,11,2,754 sqft,"S$ 1,455,000",20/07/2025,Resale,99 yrs
T1177,Lakeshore Grand,D22,Lakeside Drive,31A,2,9,4,1451 sqft,"$2,573,000",17/08/2025,NEW SALE,99 yrs
T2199,Sengkang Terrace,D19,Compassvale Bow,78A,26,7,3,1148 sqft,1635000,2020-01-30,New Sale,99 yrs
T1111,Lakeshore Grand,D22,Lakeside Drive,61A,7,4,2,768 sqft,1513000,2026-01-11,new sale,99 yrs
T1863,Bukit Verde,D23,Bukit Batok West Ave 5,26B,22,10,3,1142 sqft,"$2,060,000",2023-04-28,Sub Sale,99 yrs
T2826,Westwood Gardens,22,Westwood Ave,33A,14,3,2,707 sqft,"$1,047,000",11 Jan 2021,Resale,99 yrs
T1743,Marina Vue,D01,Marina Way,20,25,10,3,97.3 sqm,2892000,2025-03-07,Sub Sale,99 yrs
T1351,Parc Meridian,D19,Hougang Ave 8,59B,12,8,4,"1,421 sq ft",2939000,2024-09-20,New Sale,99 yrs
T1786,Bukit Verde,23,Bukit Batok West Ave 5,49A,11,7,2,765 sqft,"S$ 1,623,000",03 Jun 2026,Resale,99 yrs
T2203,SENGKANG TERRACE,D19,Compassvale Bow,53A,2,7,3,"1,137 sq ft",2135000,05/07/2024,New Sale,99 yrs
T1745,Marina Vue,1,Marina Way,81B,27,2,2,61.2 sq m,1990000,11 Jul 2025,Resale,99 yrs
T1321,parc meridian,D19,Hougang Ave 8,25B,#26-09,9,2,766 sq ft,1953000,2026-04-01,Resale,99 yrs
T2672,Queens Parkview,D03,Queensway,24B,3,12,3,90.5 sqm,26640000,2025-08-11,New Sale,99 yrs
T2253,Sengkang Terrace,D19,Compassvale Bow,53A,26,11,3,106.4 sq m,2635000,01 Feb 2026,Resale,99 yrs
T2369,HOLLAND CREST,D10,Holland Road,48,4,12,3,912 sq ft,3028000,2026-05-19,Resale,Freehold
T1185,Lakeshore Grand,D22,Lakeside Drive,21B,2,4,1,47.1 sqm,"$891,000",2024-05-20,Resale,99 yrs
T1722,Marina Vue,D01,Marina Way,86B,3,5,2,767 sq ft,"S$ 1,723,000",2020-11-26,New Sale,99 yrs
T1994,bukit verde,D23,Bukit Batok West Ave 5,80B,18,1,2,653 sqft,"$1,493,000",2025-12-19,Resale,99 yrs
T2799,Westwood Gardens,D22,Westwood Ave,54B,3,10,2,67.7 sq m,"S$ 1,065,000",12/05/2022,Resale,99 yrs
T1925,Bukit Verde,D23,Bukit Batok West Ave 5,26B,#09-09,9,4,,"$2,117,000",13 Dec 2021,Resale,99 yrs
T1077,Lakeshore Grand,D22,Lakeside Drive,31A,2,10,3,918 sqft,1352000,01 Jun 2021,Resale,99 yrs
T1715,Marina Vue,D01,Marina Way,86B,3,6,3,929 sqft,"$2,200,000",2024-04-28,Resale,99 yrs
T2577,Pasir View Residences,D18,Pasir Ris Drive 3,90B,30,10,3,931 sqft,2067000,07 Nov 2025,New Sale,99 yrs
T2725,QUEENS PARKVIEW,D03,Queensway,24B,4,7,4,"1,416 sq ft","3,485,000",2023-12-13,New Sale,99 yrs
T2699,Queens Parkview,D03,Queensway,24B,17,4,1,574 sqft,1332000,26/01/2023,RESALE,99 yrs
T2665,Queens Parkview,D03,Queensway,52B,14,9,3,992 sqft,"$2,405,000",2023-09-18,RESALE,99 yrs
T1744,Marina Vue,D01,Marina Way,86B,11,4,3,996 sqft,"$2,861,000",2024-07-13,New Sale,99 yrs
T1153,Lakeshore Grand,22,Lakeside Drive,61A,18,6,2,674 sqft,1349000,2024-11-08,New Sale,99 yrs
T2684,queens parkview,D03,Queensway,24B,#24-09,9,2,650 sqft,"S$ 1,338,000",14/12/2020,New Sale,99 yrs
T1149,LAKESHORE GRAND,D22,Lakeside Drive,61A,15,2,3,1108 sqft,"$2,147,000",27 Mar 2024,Resale,99 yrs
T1895,Bukit Verde,D23,Bukit Batok West Ave 5,49A,22,9,4,"1,260 sq ft",2134000,22/11/2023,Resale,99 yrs
T1676,RIVERBEND SUITES,D05,West Coast Crescent,16B,20,7,3,1072 sqft,"$2,287,000",22/06/2022,Sub Sale,99 yrs
T1960,Bukit Verde,D23,Bukit Batok West Ave 5,26B,21,2,2,744 sqft,1539000,10/02/2024,NEW SALE,99 yrs
T1314,Parc Meridian,D19,Hougang Ave 8,23A,#26-12,12,1,563 sqft,1167000,29/07/2024,Sub Sale,99 yrs
T2066,Tanjong Heights,D15,Tanjong Katong Road,4A,20,5,2,60.8 sqm,1787000,2023-12-08,Resale,Freehold
T1506,THE ORCHID RESIDENCES,D10,Orchard Boulevard,29B,26,8,3,89.9 sq m,"$3,165,000",14/11/2022,RESALE,Freehold
T1591,Riverbend Suites,5,West Coast Crescent,16B,#24-10,10,3,92.3 sq m,1796000,2020-01-03,new sale,99 yrs
T1962,Bukit Verde,D23,Bukit Batok West Ave 5,80B,28,12,2,71.3 sq m,1174000,2021-02-19,Sub Sale,99 yrs
T1232,PARC MERIDIAN,D19,Hougang Ave 8,23A,12,1,1,45.9 sq m,871000,20 Dec 2020,Resale,99 yrs
T1828,Bukit Verde,D23,Bukit Batok West Ave 5,49A,10,11,4,1313 sqft,2314000,30/12/2023,Resale,99 yrs
T2318,Sengkang Terrace,D19,Compassvale Bow,53A,30,11,3,"1,146 sq ft","$1,680,000",2020-11-02,Resale,99 yrs
T1236,PARC MERIDIAN,D19,Hougang Ave 8,59B,12,5,3,"1,098 sq ft",1950000,2022-06-19,Resale,99 yrs
T2783,Westwood Gardens,D22,Westwood Ave,56B,10,9,2,70.3 sq m,"$1,020,000",05/11/2021,Resale,99 yrs
T1169,LAKESHORE GRAND,D22,Lakeside Drive,21B,20,3,2,752 sqft,"$1,158,000",05/09/2020,Resale,99 yrs
T1708,Marina Vue,D01,Marina Way,81B,22,9,4,1409 sqft,3985000,13 Mar 2025,Resale,99 yrs
T1557,Riverbend Suites,D05,West Coast Crescent,54,13,2,3,934 sqft,1711000,2021-01-09,Resale,99 yrs
T1805,Bukit Verde,23,Bukit Batok West Ave 5,80B,25,6,3,97.2 sqm,"$1,359,000",2020-02-15,resale,99 yrs
T1443,The Orchid Residences,D10,Orchard Boulevard,29B,#22-01,1,2,793 sqft,"$2,352,000",05/08/2022,Resale,Freehold
T1792,BUKIT VERDE,D23,Bukit Batok West Ave 5,49A,28,3,2,654 sqft,1291000,2023-10-12,RESALE,99 yrs
T1949,Bukit Verde,D23,Bukit Batok West Ave 5,80B,28,3,2,727 sqft,"$1,037,000",04 May 2021,Resale,99 yrs
T2280,Sengkang Terrace,D19,Compassvale Bow,53A,10,7,1,536 sqft,"$755,000",12/09/2021,Resale,99 yrs
T2559,Pasir View Residences,D18,Pasir Ris Drive 3,90B,26,8,3,1010 sqft,1804000,16 Jul 2021,Resale,99 yrs
T2662,Queens Parkview,D03,Queensway,24B,11,5,3,955 sq ft,"$2,312,000",2023-06-22,resale,99 yrs
T1627,RIVERBEND SUITES,D05,West Coast Crescent,54,30,12,4,120.4 sq m,3021000,2023-11-17,Resale,99 yrs
T1597,Riverbend Suites,D05,West Coast Crescent,54,18,6,3,98.0 sqm,2283000,2024-01-12,Resale,99 yrs
T2332,Sengkang Terrace,D19,Compassvale Bow,86A,#19-08,8,2,798 sqft,"$1,720,000",2026-03-01,Resale,99 yrs
T1323,PARC MERIDIAN,D19,Hougang Ave 8,59B,4,12,3,1134 sqft,1753000,19/12/2020,Resale,99 yrs
T2258,SENGKANG TERRACE,19,Compassvale Bow,86A,21,8,3,92.5 sqm,"2,017,000",14 Dec 2024,resale,99 yrs
T2705,Queens Parkview,D03,Queensway,24B,8,7,4,1448 sqft,3106000,2022-08-23,Resale,99 yrs
T1500,The Orchid Residences,D10,Orchard Boulevard,74B,9,12,3,995 sqft,2649000,2020-03-07,Sub Sale,Freehold
T2353,Holland Crest,D10,Holland Road,28,11,8,3,1121 sqft,3901000,18/06/2025,New Sale,Freehold
T2054,Tanjong Heights,D15,Tanjong Katong Road,65A,21,5,1,544 sqft,1416000,2022-01-12,Resale,Freehold
T2621,Queens Parkview,3,Queensway,52B,20,2,3,911 sqft,2008000,2022-01-09,Resale,99 yrs
T1165,Lakeshore Grand,D22,Lakeside Drive,61A,6,10,3,943 sqft,1371000,2020-05-16,RESALE,99 yrs
T2743,Westwood Gardens,22,Westwood Ave,33A,17,3,2,67.7 sqm,"$1,104,000",21/02/2023,Resale,99 yrs
T1088,lakeshore grand,D22,Lakeside Drive,61A,16,7,1,503 sq ft,"$780,000",11 Nov 2021,new sale,99 yrs
T2841,Westwood Gardens,D22,Westwood Ave,56B,4,6,4,"1,298 sq ft",1987000,11/02/2025,RESALE,99 yrs
T1370,Parc Meridian,D19,Hougang Ave 8,59B,17,3,2,680 sqft,1202000,22 Dec 2022,RESALE,99 yrs
T1226,Parc Meridian,D19,Hougang Ave 8,23A,29,11,2,767 sqft,1628000,2023-06-11,Sub Sale,99 yrs
T1160,Lakeshore Grand,22,Lakeside Drive,21B,4,1,1,507 sqft,865000,04 Mar 2023,Resale,99 yrs
T1084,Lakeshore Grand,D22,Lakeside Drive,61A,#29-02,2,2,696 sqft,1178000,30/11/2022,Resale,99 yrs
T1712,Marina Vue,D01,Marina Way,20,#02-06,6,3,1051 sqft,"$2,470,000",25/03/2022,Resale,99 yrs
T1156,Lakeshore Grand,D22,Lakeside Drive,31A,14,5,2,697 sqft,"$1,089,000",2020-12-10,NEW SALE,99 yrs
T2747,Westwood Gardens,D22,Westwood Ave,56B,24,10,3,980 sqft,1345000,2021-10-09,New Sale,99 yrs
T1986,Bukit Verde,D23,Bukit Batok West Ave 5,49A,30,1,3,"1,110 sq ft",2338000,2025-07-09,New Sale,99 yrs
T2506,PASIR VIEW RESIDENCES,D18,Pasir Ris Drive 3,58,22,3,4,122.3 sqm,"$2,503,000",30 Nov 2023,RESALE,99 yrs
T2652,QUEENS PARKVIEW,D03,Queensway,88,28,12,3,"1,124 sq ft","$2,594,000",06/11/2020,Resale,99 yrs
T1026,Lakeshore Grand,D22,Lakeside Drive,61A,8,7,3,959 sqft,1862000,26/06/2025,New Sale,99 yrs
T1573,Riverbend Suites,5,West Coast Crescent,54,5,11,4,1432 sqft,"2,479,000",19/03/2022,RESALE,99 yrs
T1131,Lakeshore Grand,D22,Lakeside Drive,31A,28,5,1,485 sq ft,777000,2020-05-26,Resale,99 yrs
T1989,Bukit Verde,D23,Bukit Batok West Ave 5,26B,11,12,4,117.9 sqm,1708000,2020-05-18,New Sale,99 yrs
T1731,Marina Vue,D01,Marina Way,86B,#11-12,12,3,967 sqft,"2,528,000",2023-02-21,Resale,99 yrs
T2630,Queens Parkview,D03,Queensway,24B,2,7,3,"1,103 sq ft","2,762,000",2024-10-05,Resale,99 yrs
T1899,Bukit Verde,D23,Bukit Batok West Ave 5,49A,26,6,1,44.8 sqm,"$720,000",2020-06-01,Resale,99 yrs
T1263,Parc Meridian,D19,Hougang Ave 8,25B,10,6,2,660 sqft,"S$ 1,114,000",2022-03-18,Resale,99 yrs
T1666,Riverbend Suites,D05,West Coast Crescent,54,11,12,2,704 sqft,1570000,2024-01-24,New Sale,99 yrs
T1748,Marina Vue,D01,Marina Way,86B,2,2,2,67.8 sqm,"$1,916,000",03/07/2024,resale,99 yrs
T2045,Tanjong Heights,D15,Tanjong Katong Road,49B,13,5,4,1260 sqft,2970000,2022-03-25,New Sale,Freehold
T2047,Tanjong Heights,D15,Tanjong Katong Road,4A,16,12,2,675 sqft,"$1,845,000",04/12/2024,Resale,Freehold
T1014,LAKESHORE GRAND,D22,Lakeside Drive,31A,18,3,1,504 sqft,1043000,2026-06-03,Resale,99 yrs
T2428,Holland Crest,D10,Holland Road,28,3,4,2,71.3 sqm,2167000,07 Sep 2020,Resale,Freehold
T1282,PARC MERIDIAN,D19,Hougang Ave 8,25B,11,10,3,921 sqft,"1,685,000",2022-11-09,Resale,99 yrs
T1034,Lakeshore Grand,D22,Lakeside Drive,61A,4,9,2,792 sqft,"$1,148,000",2020-10-22,RESALE,99 yrs
T1886,bukit verde,D23,Bukit Batok West Ave 5,80B,#08-11,11,2,710 sqft,1326000,2025-03-14,Resale,99 yrs
T2194,Sengkang Terrace,19,Compassvale Bow,78A,4,2,3,104.0 sqm,2074000,2024-10-26,Resale,99 yrs
T1128,Lakeshore Grand,D22,Lakeside Drive,21B,28,9,4,120.0 sqm,"S$ 2,939,000",03/04/2026,New Sale,99 yrs
T2012,Tanjong Heights,D15,Tanjong Katong Road,65A,27,2,3,105.0 sqm,"3,176,000",27/02/2024,Resale,Freehold
T2233,Sengkang Terrace,D19,Compassvale Bow,53A,#24-08,8,2,756 sqft,"$1,192,000",01/06/2021,New Sale,99 yrs
T1959,Bukit Verde,23,Bukit Batok West Ave 5,80B,16,5,3,1044 sqft,"1,682,000",2021-07-23,Resale,99 yrs
T1857,Bukit Verde,D23,Bukit Batok West Ave 5,80B,#29-03,3,2,71.8 sqm,1706000,01/07/2025,resale,99 yrs
T1618,Riverbend Suites,D05,West Coast Crescent,54,17,12,3,97.5 sqm,"$2,795,000",2026-04-21,Resale,99 yrs
T1565,Riverbend Suites,D05,West Coast Crescent,16B,21,10,3,1021 sqft,"$2,392,000",2024-08-14,Sub Sale,99 yrs
T1246,Parc Meridian,D19,Hougang Ave 8,59B,14,9,1,497 sqft,"$853,000",2022-11-15,new sale,99 yrs
T1183,LAKESHORE GRAND,D22,Lakeside Drive,61A,#06-04,4,3,88.2 sqm,1353000,2020-06-11,new sale,99 yrs
T2158,Sengkang Terrace,19,Compassvale Bow,86A,16,8,4,132.1 sq m,2516000,11 Jul 2024,RESALE,99 yrs
T2815,Westwood Gardens,22,Westwood Ave,33A,30,7,2,675 sqft,"$1,000,000",04/09/2021,Resale,99 yrs
T1885,Bukit Verde,D23,Bukit Batok West Ave 5,80B,#07-05,5,2,67.6 sq m,1195000,30/12/2023,SUB SALE,99 yrs
T1451,The Orchid Residences,D10,Orchard Boulevard,29B,#27-07,7,1,48.8 sq m,"$1,494,000",15/11/2020,Resale,Freehold
T1194,Lakeshore Grand,D22,Lakeside Drive,31A,#30-10,10,3,1104 sqft,"$2,281,000",2025-04-10,Resale,99 yrs
T1614,Riverbend Suites,D05,West Coast Crescent,53,#19-08,8,3,984 sq ft,"2,399,000",2024-07-15,resale,99 yrs
T1906,Bukit Verde,D23,Bukit Batok West Ave 5,80B,#08-11,11,3,1038 sqft,"$1,438,000",2021-03-04,New Sale,99 yrs
T1356,Parc Meridian,D19,Hougang Ave 8,59B,6,12,3,99.5 sq m,"$2,113,000",2024-04-14,NEW SALE,99 yrs
T2267,Sengkang Terrace,D19,Compassvale Bow,86A,3,8,3,99.2 sqm,"2,037,000",21 Sep 2025,Resale,99 yrs
T1139,Lakeshore Grand,D22,Lakeside Drive,21B,#09-05,5,4,1312 sqft,2108000,2021-04-26,Resale,99 yrs
T1401,The Orchid Residences,D10,Orchard Boulevard,29B,17,1,2,734 sqft,2513000,12 Jan 2026,RESALE,Freehold
T1563,Riverbend Suites,D05,West Coast Crescent,54,3,2,1,563 sqft,1067000,2021-05-04,Resale,99 yrs
T1326,Parc Meridian,D19,Hougang Ave 8,59B,#29-05,5,3,1029 sqft,2562000,03/06/2026,New Sale,99 yrs
T2568,PASIR VIEW RESIDENCES,D18,Pasir Ris Drive 3,66,11,6,1,48.8 sq m,"$1,264,000",2026-03-22,New Sale,99 yrs
T2806,Westwood Gardens,D22,Westwood Ave,54B,28,8,2,705 sqft,1238000,09/11/2024,NEW SALE,99 yrs
T2564,pasir view residences,D18,Pasir Ris Drive 3,66,5,1,2,655 sqft,"$1,060,000",2023-03-20,New Sale,99 yrs
T1680,Riverbend Suites,D05,West Coast Crescent,54,23,9,3,988 sqft,"$2,171,000",2023-11-01,New Sale,99 yrs
T1593,Riverbend Suites,D05,West Coast Crescent,53,4,6,1,536 sqft,1257000,2024-10-28,Resale,99 yrs
T1222,Parc Meridian,19,Hougang Ave 8,59B,21,9,3,963 sqft,2142000,22 Sep 2024,New Sale,99 yrs
T2221,sengkang terrace,D19,Compassvale Bow,78A,#20-11,11,3,991 sqft,1641000,2021-10-24,Resale,99 yrs
T2567,Pasir View Residences,D18,Pasir Ris Drive 3,66,#28-10,10,4,1444 sqft,2823000,15/11/2023,New Sale,99 yrs
T2239,Sengkang Terrace,D19,Compassvale Bow,78A,26,12,3,1141 sqft,2410000,13 Mar 2026,New Sale,99 yrs
T2493,Pasir View Residences,D18,Pasir Ris Drive 3,58,#11-01,1,1,506 sqft,"$711,000",2021-12-12,Resale,99 yrs
T2243,Sengkang Terrace,D19,Compassvale Bow,78A,#15-05,5,3,106.2 sqm,"S$ 1,612,000",10/02/2020,Sub Sale,99 yrs
T1590,Riverbend Suites,5,West Coast Crescent,54,20,10,3,1029 sqft,2345000,06/03/2023,Resale,99 yrs
T2710,queens parkview,D03,Queensway,52B,16,11,3,89.3 sqm,2422000,2024-08-20,Resale,99 yrs
T1406,The Orchid Residences,D10,Orchard Boulevard,74B,#02-08,8,2,751 sqft,"$1,991,000",27/12/2020,Resale,Freehold
T1754,Marina Vue,D01,Marina Way,20,17,8,1,489 sqft,1413000,2022-11-14,Resale,99 yrs
T1291,Parc Meridian,D19,Hougang Ave 8,23A,12,11,2,670 sqft,"$1,357,000",08/09/2024,resale,99 yrs
T1592,RIVERBEND SUITES,D05,West Coast Crescent,53,25,5,4,117.5 sq m,3404000,27/08/2025,Resale,99 yrs
T1816,Bukit Verde,D23,Bukit Batok West Ave 5,49A,3,5,2,719 sqft,1137000,24 May 2022,Resale,99 yrs
T1911,bukit verde,D23,Bukit Batok West Ave 5,26B,#12-09,9,1,504 sqft,"877,000",2023-12-02,New Sale,99 yrs
T1707,Marina Vue,1,Marina Way,86B,9,10,1,52.5 sqm,"$1,203,000",2021-05-28,Resale,99 yrs
T2488,Pasir View Residences,D18,Pasir Ris Drive 3,66,11,2,3,94.3 sq m,1393000,2020-01-31,Sub Sale,99 yrs
T1225,Parc Meridian,19,Hougang Ave 8,23A,10,4,1,517 sqft,834000,16/06/2020,Resale,99 yrs
T1721,Marina Vue,D01,Marina Way,20,7,12,2,71.4 sq m,"1,983,000",13/01/2025,Resale,99 yrs
T2518,Pasir View Residences,18,Pasir Ris Drive 3,58,11,12,1,500 sqft,"S$ 890,000",24 May 2023,New Sale,99 yrs
T1702,Marina Vue,D01,Marina Way,20,11,2,3,925 sqft,"$2,432,000",2024-06-01,Resale,99 yrs
T2025,Tanjong Heights,D15,Tanjong Katong Road,4A,28,3,2,67.4 sq m,"$1,629,000",2020-07-19,Resale,Freehold
T1797,BUKIT VERDE,D23,Bukit Batok West Ave 5,26B,4,8,3,938 sqft,1766000,2025-08-07,Resale,99 yrs
T1366,Parc Meridian,D19,Hougang Ave 8,23A,23,8,3,1009 sqft,2369000,2026-03-13,Resale,99 yrs
T1363,Parc Meridian,D19,Hougang Ave 8,25B,24,5,3,1054 sqft,2109000,2023-09-01,SUB SALE,99 yrs
T1117,Lakeshore Grand,D22,Lakeside Drive,61A,#08-02,2,1,571 sq ft,-,2023-04-08,Resale,99 yrs
T1920,Bukit Verde,D23,Bukit Batok West Ave 5,49A,#02-10,10,2,790 sq ft,"1,482,000",2025-03-27,Resale,99 yrs
T1537,Riverbend Suites,D05,West Coast Crescent,16B,#28-09,9,3,86.7 sqm,"$2,114,000",2022-05-21,resale,99 yrs
T1298,Parc Meridian,D19,Hougang Ave 8,59B,#05-03,3,2,680 sq ft,1317000,26/03/2024,Resale,99 yrs
T1338,Parc Meridian,19,Hougang Ave 8,23A,19,1,3,91.6 sqm,2022000,29 Jul 2023,Sub Sale,99 yrs
T1201,Lakeshore Grand,D22,Lakeside Drive,21B,20,4,3,935 sq ft,"$1,591,000",2021-12-03,RESALE,99 yrs
T1783,Bukit Verde,D23,Bukit Batok West Ave 5,49A,8,5,1,51.4 sqm,793000,17 Oct 2021,RESALE,99 yrs
T1963,Bukit Verde,D23,Bukit Batok West Ave 5,80B,7,12,1,539 sqft,"$791,000",08/11/2021,Resale,99 yrs
T1123,Lakeshore Grand,22,Lakeside Drive,61A,16,10,4,130.5 sq m,2632000,2024-01-01,RESALE,99 yrs
T2067,Tanjong Heights,D15,Tanjong Katong Road,4A,13,9,2,689 sqft,1466000,2020-04-25,New Sale,Freehold
T1628,Riverbend Suites,D05,West Coast Crescent,54,18,12,3,101.1 sqm,"$2,790,000",2026-01-07,resale,99 yrs
T1404,The Orchid Residences,D10,Orchard Boulevard,74B,26,5,4,128.6 sq m,"$4,678,000",22 Sep 2024,Resale,Freehold
T2826,Westwood Gardens,22,Westwood Ave,33A,14,3,2,707 sqft,1047000,2021-01-11,Resale,99 yrs
T1472,The Orchid Residences,D10,Orchard Boulevard,74B,#28-08,8,4,118.5 sqm,4054000,11/01/2022,RESALE,Freehold
T1526,Riverbend Suites,D05,West Coast Crescent,53,#26-04,4,1,579 sqft,"$1,181,000",19/03/2022,Resale,99 yrs
T2592,Pasir View Residences,D18,Pasir Ris Drive 3,66,18,4,3,935 sqft,"$1,791,000",2024-04-07,Resale,99 yrs
T1578,Riverbend Suites,D05,West Coast Crescent,53,#16-05,5,2,761 sqft,1508000,05/04/2021,New Sale,99 yrs
T1612,Riverbend Suites,D05,West Coast Crescent,53,17,7,1,520 sqft,1314000,2024-07-21,Sub Sale,99 yrs
T1213,PARC MERIDIAN,D19,Hougang Ave 8,59B,18,2,3,1080 sqft,2365000,09/07/2024,Sub Sale,99 yrs
T1471,The Orchid Residences,D10,Orchard Boulevard,52A,4,10,1,485 sqft,1208000,28/03/2020,Sub Sale,Freehold
T1907,Bukit Verde,D23,Bukit Batok West Ave 5,80B,23,9,3,1055 sqft,"$1,690,000",2022-08-27,Resale,99 yrs
T1532,Riverbend Suites,5,West Coast Crescent,53,23,12,2,665 sqft,"$1,541,000",2023-04-08,Resale,99 yrs
T2579,Pasir View Residences,D18,Pasir Ris Drive 3,66,8,3,3,97.0 sq m,1840000,2024-11-14,New Sale,99 yrs
T2038,TANJONG HEIGHTS,D15,Tanjong Katong Road,4A,2,4,3,1006 sqft,"$2,217,000",2021-01-19,New Sale,Freehold
T2480,Pasir View Residences,D18,Pasir Ris Drive 3,58,27,9,3,"1,030 sq ft","$2,072,000",19 Oct 2023,Sub Sale,99 yrs
T2090,Tanjong Heights,D15,Tanjong Katong Road,65A,28,9,2,695 sqft,1501000,2020-08-09,NEW SALE,Freehold
T2295,SENGKANG TERRACE,19,Compassvale Bow,78A,#09-11,11,3,88.3 sqm,"1,730,000",13 Jul 2024,Resale,99 yrs
T1265,Parc Meridian,D19,Hougang Ave 8,59B,20,3,4,"1,435 sq ft",2682000,21 May 2023,Resale,99 yrs
T1145,lakeshore grand,D22,Lakeside Drive,61A,7,9,3,943 sqft,2019000,2025-08-19,New Sale,99 yrs
T1060,LAKESHORE GRAND,D22,Lakeside Drive,31A,5,11,2,679 sqft,1046000,06/10/2020,Sub Sale,99 yrs
T1347,Parc Meridian,19,Hougang Ave 8,59B,9,8,4,131.0 sqm,2702000,13 Dec 2022,Resale,99 yrs
T2419,Holland Crest,D10,Holland Road,28,7,8,2,774 sq ft,2126000,2020-06-28,Sub Sale,Freehold
T1170,Lakeshore Grand,D22,Lakeside Drive,21B,4,8,2,65.1 sq m,1300000,27 Feb 2024,Sub Sale,99 yrs
T2013,tanjong heights,D15,Tanjong Katong Road,49B,4,7,3,901 sqft,2057000,2022-12-11,Resale,Freehold
T1033,Lakeshore Grand,22,Lakeside Drive,61A,23,6,2,62.1 sq m,"1,265,000",29/03/2024,Resale,99 yrs
T1089,Lakeshore Grand,22,Lakeside Drive,21B,25,9,2,65.3 sqm,1277000,2022-11-10,RESALE,99 yrs
T2383,holland crest,D10,Holland Road,28,22,8,3,967 sqft,3139000,2020-09-12,Resale,Freehold
T1057,Lakeshore Grand,D22,Lakeside Drive,21B,13,10,2,766 sqft,1117000,2021-03-01,resale,99 yrs
T1207,Lakeshore Grand,D22,Lakeside Drive,61A,#06-06,6,2,736 sqft,1309000,2023-02-12,Resale,99 yrs
T1569,Riverbend Suites,D05,West Coast Crescent,54,30,8,3,918 sqft,2203000,2023-04-04,Resale,99 yrs
T1638,Riverbend Suites,D05,West Coast Crescent,53,13,1,1,44.6 sqm,"1,306,000",2026-07-04,RESALE,99 yrs
T2635,Queens Parkview,D03,Queensway,52B,16,3,2,69.9 sq m,2163000,2026-05-20,Resale,99 yrs
T1416,The Orchid Residences,D10,Orchard Boulevard,74B,25,2,3,1094 sqft,3321000,09/10/2023,RESALE,Freehold
T1840,Bukit Verde,D23,Bukit Batok West Ave 5,26B,29,5,3,93.4 sqm,"$1,682,000",16/03/2023,Resale,99 yrs
T2594,PASIR VIEW RESIDENCES,D18,Pasir Ris Drive 3,90B,5,2,1,557 sqft,"$770,000",2021-03-17,sub sale,99 yrs
T1250,Parc Meridian,D19,Hougang Ave 8,59B,#19-01,1,2,69.3 sq m,1652000,2024-10-30,Resale,99 yrs
T2639,QUEENS PARKVIEW,D03,Queensway,88,29,5,2,780 sqft,1800000,2021-11-05,resale,99 yrs
T1677,Riverbend Suites,D05,West Coast Crescent,16B,12,3,4,1325 sqft,"$3,418,000",2026-02-05,RESALE,99 yrs
T1833,Bukit Verde,D23,Bukit Batok West Ave 5,80B,23,10,2,717 sqft,"$1,042,000",05/08/2020,Sub Sale,99 yrs
T2485,Pasir View Residences,D18,Pasir Ris Drive 3,66,30,12,3,981 sqft,2069000,2025-03-12,New Sale,99 yrs
T1648,RIVERBEND SUITES,D05,West Coast Crescent,54,17,10,2,750 sqft,"S$ 1,651,000",22/04/2023,NEW SALE,99 yrs
T1313,Parc Meridian,D19,Hougang Ave 8,25B,24,4,4,1480 sqft,"$3,382,000",2025-07-01,RESALE,99 yrs
T2134,Tanjong Heights,D15,Tanjong Katong Road,49B,29,6,2,791 sqft,2089000,21 Sep 2022,New Sale,Freehold
T1041,Lakeshore Grand,D22,Lakeside Drive,31A,4,1,4,1313 sqft,2357000,04/11/2024,Sub Sale,99 yrs
T1552,Riverbend Suites,D05,West Coast Crescent,53,25,2,1,541 sqft,1232000,2023-11-06,resale,99 yrs
T2534,Pasir View Residences,D18,Pasir Ris Drive 3,90B,30,12,1,540 sqft,1138000,2024-01-26,Resale,99 yrs
T1233,Parc Meridian,D19,Hougang Ave 8,59B,8,2,2,665 sq ft,1017000,12/03/2022,SUB SALE,99 yrs
T1096,Lakeshore Grand,D22,Lakeside Drive,31A,10,5,1,508 sqft,911000,30/09/2022,Resale,99 yrs
T2526,Pasir View Residences,D18,Pasir Ris Drive 3,66,26,5,2,74.2 sq m,"$1,604,000",26/09/2024,RESALE,99 yrs
T1641,Riverbend Suites,D05,West Coast Crescent,16B,#06-03,3,3,994 sqft,2160000,2025-02-18,Resale,99 yrs
T2344,Sengkang Terrace,D19,Compassvale Bow,78A,17,4,3,96.7 sqm,"$2,057,000",2025-08-12,Resale,99 yrs
T1726,Marina Vue,D01,Marina Way,81B,21,9,2,769 sqft,209900,2024-04-03,sub sale,99 yrs
T2260,SENGKANG TERRACE,D19,Compassvale Bow,78A,#06-01,1,3,966 sq ft,"$1,512,000",2022-03-24,Resale,99 yrs
T2265,sengkang terrace,D19,Compassvale Bow,78A,10,3,2,705 sq ft,"$1,077,000",2021-02-17,Resale,99 yrs
T1303,Parc Meridian,D19,Hougang Ave 8,23A,14,12,3,1086 sqft,"$1,864,000",2021-08-04,RESALE,99 yrs
T1890,BUKIT VERDE,D23,Bukit Batok West Ave 5,49A,23,4,3,920 sqft,"S$ 1,541,000",27/04/2022,RESALE,99 yrs
T2347,Sengkang Terrace,19,Compassvale Bow,78A,13,4,3,1142 sqft,"$1,742,000",2022-12-28,Resale,99 yrs
T1091,Lakeshore Grand,D22,Lakeside Drive,61A,6,1,4,"1,327 sq ft","$1,902,000",2020-07-13,Resale,99 yrs
T1693,MARINA VUE,D01,Marina Way,20,5,11,1,565 sqft,"$1,292,000",2021-08-03,new sale,99 yrs
T1187,lakeshore grand,D22,Lakeside Drive,31A,22,9,2,659 sqft,"S$ 1,189,000",27/02/2022,New Sale,99 yrs
T1802,Bukit Verde,D23,Bukit Batok West Ave 5,26B,29,11,3,97.8 sqm,1638000,2020-04-17,Resale,99 yrs
T1511,The Orchid Residences,D10,Orchard Boulevard,29B,25,1,3,1022 sqft,"2,824,000",19 Jan 2020,Resale,Freehold
T1109,Lakeshore Grand,D22,Lakeside Drive,21B,27,10,2,70.8 sq m,"$1,667,000",2025-12-05,Resale,99 yrs
T1040,LAKESHORE GRAND,D22,Lakeside Drive,21B,11,5,3,"1,121 sq ft",2063000,25/12/2024,Resale,99 yrs
T2825,Westwood Gardens,D22,Westwood Ave,54B,20,3,3,102.5 sqm,"1,917,000",2024-10-06,Resale,99 yrs
T2623,Queens Parkview,D03,Queensway,24B,#25-06,6,2,761 sqft,"S$ 185,600",2024-04-14,resale,99 yrs
T1739,marina vue,D01,Marina Way,86B,10,6,3,103.0 sq m,259900,2020-10-28,resale,99 yrs
T1377,Parc Meridian,D19,Hougang Ave 8,25B,4,2,3,914 sqft,"1,436,000",17/02/2021,Resale,99 yrs
T2044,Tanjong Heights,D15,Tanjong Katong Road,65A,18,9,2,767 sqft,2082000,2023-11-02,Resale,Freehold
T1975,Bukit Verde,23,Bukit Batok West Ave 5,80B,12,1,2,734 sq ft,"$1,237,000",2023-07-13,resale,99 yrs
T1335,Parc Meridian,D19,Hougang Ave 8,59B,#10-07,7,4,1414 sqft,2718000,2023-06-11,Resale,99 yrs
T2461,Pasir View Residences,D18,Pasir Ris Drive 3,90B,21,8,3,973 sqft,1633000,2022-08-13,Resale,99 yrs
T1045,LAKESHORE GRAND,D22,Lakeside Drive,61A,27,9,2,779 sqft,"$1,386,000",03/04/2023,Resale,99 yrs
T2735,Queens Parkview,D03,Queensway,24B,18,12,2,757 sqft,"$1,829,000",03/03/2025,Resale,99 yrs
T2440,Pasir View Residences,D18,Pasir Ris Drive 3,90B,30,9,3,921 sqft,"$1,795,000",23 Feb 2024,Resale,99 yrs
T1838,Bukit Verde,D23,Bukit Batok West Ave 5,80B,6,3,1,48.4 sqm,703000,2020-04-16,Resale,99 yrs
T2206,Sengkang Terrace,D19,Compassvale Bow,86A,#09-08,8,3,1048 sqft,"$1,494,000",13/04/2020,sub sale,99 yrs
T1348,Parc Meridian,19,Hougang Ave 8,25B,6,9,3,1069 sqft,2216000,2023-10-27,RESALE,99 yrs
T2285,Sengkang Terrace,D19,Compassvale Bow,53A,17,9,3,104.1 sqm,2341000,03/06/2025,Resale,99 yrs
T1217,Parc Meridian,D19,Hougang Ave 8,25B,#18-08,8,2,698 sqft,1542000,2024-11-03,NEW SALE,99 yrs
T1699,Marina Vue,D01,Marina Way,86B,28,8,4,1405 sqft,"$3,510,000",18/08/2020,Resale,99 yrs
T1362,Parc Meridian,D19,Hougang Ave 8,23A,14,1,3,86.4 sq m,"$1,911,000",2023-10-04,RESALE,99 yrs
T1876,Bukit Verde,D23,Bukit Batok West Ave 5,49A,13,4,2,714 sqft,"$1,173,000",2023-03-01,Resale,99 yrs
T2439,Pasir View Residences,D18,Pasir Ris Drive 3,58,#07-02,2,1,555 sqft,"$778,000",2020-05-24,Sub Sale,99 yrs
T1197,Lakeshore Grand,D22,Lakeside Drive,31A,#14-03,3,1,45.2 sq m,833000,27/12/2022,SUB SALE,99 yrs
T1793,Bukit Verde,23,Bukit Batok West Ave 5,26B,#17-03,3,2,791 sqft,1201000,25 Feb 2022,New Sale,99 yrs
T1247,Parc Meridian,D19,Hougang Ave 8,23A,25,8,3,"1,017 sq ft",2147000,12/05/2023,Resale,99 yrs
T1621,Riverbend Suites,5,West Coast Crescent,54,#05-09,9,2,787 sqft,1749000,2024-02-15,New Sale,99 yrs
T1940,Bukit Verde,D23,Bukit Batok West Ave 5,26B,#15-10,10,3,958 sqft,1361000,2020-11-27,RESALE,99 yrs
T2156,Sengkang Terrace,19,Compassvale Bow,78A,10,9,2,63.5 sqm,"1,416,000",2026-03-23,Resale,99 yrs
T2404,holland crest,D10,Holland Road,48,6,7,3,"1,096 sq ft","$3,494,000",18 May 2025,Resale,Freehold
T1651,Riverbend Suites,D05,West Coast Crescent,53,23,2,2,65.9 sqm,1556000,2021-11-01,Resale,99 yrs
T1053,Lakeshore Grand,D22,Lakeside Drive,21B,#05-10,10,3,1059 sqft,"$1,793,000",07 Dec 2022,resale,99 yrs
T1051,Lakeshore Grand,D22,Lakeside Drive,21B,11,5,4,1423 sqft,"$2,506,000",17/12/2022,New Sale,99 yrs
T1944,Bukit Verde,D23,Bukit Batok West Ave 5,80B,5,11,4,1353 sqft,2232000,27/12/2022,New Sale,99 yrs
T1499,The Orchid Residences,D10,Orchard Boulevard,52A,7,8,2,790 sqft,"S$ 1,981,000",09/12/2020,New Sale,Freehold
T1660,Riverbend Suites,D05,West Coast Crescent,53,13,11,2,62.3 sq m,"$1,563,000",2025-05-15,Resale,99 yrs
T1501,THE ORCHID RESIDENCES,D10,Orchard Boulevard,52A,2,5,3,105.7 sqm,3131000,2022-02-15,new sale,Freehold
T1992,BUKIT VERDE,D23,Bukit Batok West Ave 5,26B,15,10,2,692 sqft,1111000,2022-06-06,Resale,99 yrs
T2379,Holland Crest,D10,Holland Road,87A,3,1,2,757 sqft,"$2,525,000",2025-08-16,New Sale,Freehold
T1383,Parc Meridian,19,Hougang Ave 8,59B,15,5,1,558 sqft,1218000,2025-09-11,Resale,99 yrs
T1214,Parc Meridian,D19,Hougang Ave 8,23A,21,7,2,794 sqft,1547000,2023-05-26,resale,99 yrs
T2431,Pasir View Residences,D18,Pasir Ris Drive 3,58,#02-10,10,3,1079 sqft,2195000,2026-04-29,New Sale,99 yrs
T1042,Lakeshore Grand,D22,Lakeside Drive,21B,20,4,3,88.6 sq m,"$2,116,000",2026-03-07,Resale,99 yrs
T2694,Queens Parkview,D03,Queensway,24B,16,6,3,971 sqft,"S$ 2,327,000",2023-11-08,resale,99 yrs
T1423,The Orchid Residences,D10,Orchard Boulevard,74B,4,8,3,101.7 sqm,"$2,946,000",2021-10-19,New Sale,Freehold
T2756,Westwood Gardens,D22,Westwood Ave,33A,#24-01,1,2,739 sqft,"$1,259,000",2025-03-22,Resale,99 yrs
T1990,Bukit Verde,D23,Bukit Batok West Ave 5,26B,14,11,3,925 sqft,1952000,2025-08-16,NEW SALE,99 yrs
T2551,Pasir View Residences,D18,Pasir Ris Drive 3,66,12,9,2,705 sqft,"$1,165,000",2022-03-12,Resale,99 yrs
T1827,Bukit Verde,D23,Bukit Batok West Ave 5,26B,23,12,2,73.8 sqm,1222000,22 Oct 2021,Resale,99 yrs
T2667,Queens Parkview,D03,Queensway,24B,6,8,2,61.3 sq m,1265000,10 Mar 2020,Resale,99 yrs
T2733,Queens Parkview,D03,Queensway,88,25,4,3,105.3 sqm,3243000,2025-01-29,Sub Sale,99 yrs
T1755,Marina Vue,D01,Marina Way,20,9,9,4,130.2 sq m,"$3,322,000",2021-07-13,Resale,99 yrs
T1400,The Orchid Residences,D10,Orchard Boulevard,29B,6,10,3,945 sqft,2644000,2021-01-12,Resale,Freehold
T2701,Queens Parkview,D03,Queensway,24B,13,6,3,1003 sqft,2415000,11/10/2021,Resale,99 yrs
T1824,BUKIT VERDE,D23,Bukit Batok West Ave 5,26B,20,3,3,106.2 sq m,"S$ 1,828,000",2022-05-18,Resale,99 yrs
T2128,Tanjong Heights,D15,Tanjong Katong Road,65A,5,6,2,798 sqft,1926000,2022-11-24,Resale,Freehold
T2416,HOLLAND CREST,D10,Holland Road,48,22,5,3,90.8 sqm,2981000,2021-07-26,RESALE,Freehold
T1107,Lakeshore Grand,D22,Lakeside Drive,21B,#15-10,10,2,669 sqft,1197000,2023-03-06,RESALE,99 yrs
T1776,Marina Vue,D01,Marina Way,20,27,2,2,65.5 sq m,"$1,896,000",2023-06-01,Resale,99 yrs
T2360,Holland Crest,D10,Holland Road,48,12,3,3,1001 sqft,"S$ 3,191,000",07/04/2023,Resale,Freehold
T2619,Queens Parkview,D03,Queensway,24B,#17-06,6,3,952 sqft,2039000,2021-07-08,new sale,99 yrs
T2352,Holland Crest,D10,Holland Road,28,#05-08,8,3,1059 sqft,3185000,2021-01-18,Resale,Freehold
T1515,The Orchid Residences,D10,Orchard Boulevard,29B,23,2,4,1403 sqft,3646000,15/03/2021,Resale,Freehold
T1520,Riverbend Suites,D05,West Coast Crescent,53,30,8,2,698 sqft,"1,711,000",2024-04-11,Sub Sale,99 yrs
T1347,Parc Meridian,19,Hougang Ave 8,59B,9,8,4,"1,410 sq ft","$2,702,000",13 Dec 2022,Resale,99 yrs
T1513,The Orchid Residences,D10,Orchard Boulevard,29B,15,1,3,1006 sqft,"$2,840,000",09 Jul 2024,resale,Freehold
T1337,Parc Meridian,D19,Hougang Ave 8,23A,#13-01,1,3,1040 sqft,1953000,2024-01-29,Resale,99 yrs
T2275,Sengkang Terrace,19,Compassvale Bow,78A,21,9,3,1028 sqft,2213000,2025-10-09,resale,99 yrs
T2092,Tanjong Heights,D15,Tanjong Katong Road,4A,17,9,3,1067 sqft,"$2,841,000",09/06/2025,RESALE,Freehold
T1584,Riverbend Suites,D05,West Coast Crescent,53,8,6,2,665 sq ft,"$1,422,000",2023-09-25,Resale,99 yrs
T1438,The Orchid Residences,D10,Orchard Boulevard,52A,6,10,3,991 sq ft,2662000,2023-08-09,New Sale,Freehold
T2028,Tanjong Heights,D15,Tanjong Katong Road,49B,#03-06,6,3,1042 sqft,"2,685,000",2025-01-16,Resale,Freehold
T1720,Marina Vue,D01,Marina Way,81B,27,2,2,699 sqft,1807000,28/07/2022,RESALE,99 yrs
T1843,Bukit Verde,D23,Bukit Batok West Ave 5,26B,4,5,2,763 sqft,1540000,29/06/2026,new sale,99 yrs
T1144,Lakeshore Grand,D22,Lakeside Drive,61A,14,10,3,1039 sqft,"S$ 1,847,000",19 Jun 2024,Resale,99 yrs
T2614,Queens Parkview,D03,Queensway,24B,20,11,2,732 sqft,1611000,2020-07-17,New Sale,99 yrs
T1759,Marina Vue,D01,Marina Way,86B,26,11,3,912 sq ft,2563000,06/01/2023,Resale,99 yrs
T1865,Bukit Verde,D23,Bukit Batok West Ave 5,26B,15,8,2,702 sqft,"$1,457,000",08 Mar 2026,Resale,99 yrs
T1116,Lakeshore Grand,D22,Lakeside Drive,21B,10,7,2,766 sq ft,"1,187,000",14 Apr 2021,Resale,99 yrs
T1420,The Orchid Residences,D10,Orchard Boulevard,52A,18,4,1,53.3 sqm,1678000,2022-03-11,Resale,Freehold
T2496,Pasir View Residences,D18,Pasir Ris Drive 3,90B,#08-11,11,3,"1,105 sq ft",2058000,2024-01-04,Resale,99 yrs
T2772,Westwood Gardens,D22,Westwood Ave,56B,16,10,4,1290 sqft,2412000,2026-05-31,Resale,99 yrs
T1860,BUKIT VERDE,D23,Bukit Batok West Ave 5,26B,4,4,2,683 sqft,921000,21 Dec 2020,Resale,99 yrs
T1898,Bukit Verde,D23,Bukit Batok West Ave 5,80B,23,9,1,540 sqft,"$820,000",2022-06-25,RESALE,99 yrs
T1799,Bukit Verde,D23,Bukit Batok West Ave 5,49A,19,3,3,908 sq ft,1445000,17 Jun 2021,Resale,99 yrs
T1220,Parc Meridian,D19,Hougang Ave 8,23A,22,12,2,743 sqft,1707000,30 Nov 2025,RESALE,99 yrs
T1011,Lakeshore Grand,D22,Lakeside Drive,31A,27,2,3,97.0 sqm,"$1,946,000",2023-10-20,New Sale,99 yrs
T2731,Queens Parkview,D03,Queensway,52B,8,9,2,796 sqft,"S$ 1,563,000",2021-02-02,Resale,99 yrs
T1503,The Orchid Residences,D10,Orchard Boulevard,74B,#14-04,4,1,47.1 sqm,1716000,2026-04-05,Resale,Freehold
T2399,Holland Crest,D10,Holland Road,48,6,1,1,525 sq ft,1610000,2021-12-14,SUB SALE,Freehold
T1069,Lakeshore Grand,D22,Lakeside Drive,31A,2,9,3,1080 sqft,1879000,25/09/2024,Resale,99 yrs
T1645,Riverbend Suites,D05,West Coast Crescent,54,23,6,3,1045 sqft,"$2,315,000",03/10/2024,New Sale,99 yrs
T2590,Pasir View Residences,D18,Pasir Ris Drive 3,58,#03-12,12,3,1053 sqft,"$1,827,000",30/06/2024,Resale,99 yrs
T1097,Lakeshore Grand,D22,Lakeside Drive,31A,18,9,3,,"$1,812,000",11/04/2022,Resale,99 yrs
T2587,pasir view residences,D18,Pasir Ris Drive 3,90B,14,5,2,72.2 sqm,1137000,2020-12-22,New Sale,99 yrs
T1941,Bukit Verde,D23,Bukit Batok West Ave 5,26B,15,7,3,949 sq ft,1333000,2020-11-04,resale,99 yrs
T2107,tanjong heights,D15,Tanjong Katong Road,65A,27,11,4,"1,428 sq ft",3490000,2022-02-05,Resale,Freehold
T2299,Sengkang Terrace,D19,Compassvale Bow,53A,11,10,2,63.6 sqm,"$1,332,000",2024-06-16,RESALE,99 yrs
T1192,Lakeshore Grand,D22,Lakeside Drive,31A,20,4,2,68.2 sqm,1411000,2024-09-18,RESALE,99 yrs
T2161,Sengkang Terrace,D19,Compassvale Bow,78A,8,5,1,486 sq ft,"S$ 712,000",23/08/2021,New Sale,99 yrs
T2653,Queens Parkview,D03,Queensway,52B,12,6,1,533 sqft,"$1,382,000",2025-03-22,New Sale,99 yrs
T2574,Pasir View Residences,D18,Pasir Ris Drive 3,66,14,3,4,1436 sqft,2569000,06/10/2023,Resale,99 yrs
T1543,riverbend suites,D05,West Coast Crescent,53,17,6,2,69.9 sqm,1675000,02/10/2022,Resale,99 yrs
T1369,Parc Meridian,D19,Hougang Ave 8,23A,26,6,3,106.2 sq m,2006000,19/08/2021,Resale,99 yrs
T1613,Riverbend Suites,D05,West Coast Crescent,53,#23-10,10,2,739 sq ft,"$1,321,000",06 Feb 2022,Resale,99 yrs
T1636,Riverbend Suites,D05,West Coast Crescent,16B,8,2,2,707 sqft,1386000,2022-02-24,resale,99 yrs
T1544,Riverbend Suites,D05,West Coast Crescent,53,11,4,3,105.3 sq m,"$2,694,000",2025-07-16,Resale,99 yrs
T1980,Bukit Verde,D23,Bukit Batok West Ave 5,26B,3,12,1,536 sq ft,"S$ 963,000",2024-01-09,Resale,99 yrs
T2376,Holland Crest,D10,Holland Road,28,24,12,3,1057 sqft,3634000,2024-11-28,Resale,Freehold
T1615,Riverbend Suites,D05,West Coast Crescent,53,2,7,3,999 sqft,1792000,2020-12-01,Resale,99 yrs
T2693,Queens Parkview,D03,Queensway,88,8,8,2,71.3 sq m,1972000,2026-04-04,Resale,99 yrs
T1769,Marina Vue,D01,Marina Way,81B,21,4,2,63.2 sq m,"$1,646,000",04/08/2021,Resale,99 yrs
T2583,Pasir View Residences,D18,Pasir Ris Drive 3,66,#19-10,10,3,920 sq ft,1408000,01 Aug 2020,RESALE,99 yrs
T1322,Parc Meridian,D19,Hougang Ave 8,59B,18,12,4,1425 sqft,"S$ 2,327,000",2020-12-20,new sale,99 yrs
T2678,Queens Parkview,D03,Queensway,88,#19-08,8,2,686 sqft,1921000,11/11/2025,RESALE,99 yrs
T2256,Sengkang Terrace,D19,Compassvale Bow,53A,4,4,1,524 sqft,818000,2022-12-10,Resale,99 yrs
T2123,Tanjong Heights,D15,Tanjong Katong Road,49B,11,9,3,"1,076 sq ft",2493000,2021-09-05,Resale,Freehold
T1848,Bukit Verde,D23,Bukit Batok West Ave 5,49A,#05-06,6,2,733 sqft,1489000,2026-03-18,RESALE,99 yrs
T1815,Bukit Verde,D23,Bukit Batok West Ave 5,26B,8,1,3,"1,083 sq ft","$2,222,000",2025-05-03,New Sale,99 yrs
T1966,Bukit Verde,D23,Bukit Batok West Ave 5,80B,3,2,3,915 sqft,1317000,2020-11-30,NEW SALE,99 yrs
T1779,Marina Vue,D01,Marina Way,81B,8,7,2,732 sqft,1853000,01/10/2023,Resale,99 yrs
T2403,Holland Crest,D10,Holland Road,87A,18,2,3,101.9 sq m,"$3,016,000",2020-05-08,Resale,Freehold
T2276,Sengkang Terrace,D19,Compassvale Bow,78A,23,3,4,1349 sqft,"$2,466,000",28 Jan 2025,New Sale,99 yrs
T1512,The Orchid Residences,10,Orchard Boulevard,29B,25,8,2,693 sqft,2221000,2024-01-01,Resale,Freehold
T1650,riverbend suites,D05,West Coast Crescent,54,26,2,2,61.6 sq m,1281000,15/08/2020,RESALE,99 yrs
T2207,Sengkang Terrace,D19,Compassvale Bow,78A,3,11,2,659 sqft,"$954,000",2021-08-19,New Sale,99 yrs
T1354,Parc Meridian,D19,Hougang Ave 8,23A,#18-10,10,3,91.3 sqm,"2,389,000",08/06/2025,New Sale,99 yrs
T1774,MARINA VUE,D01,Marina Way,86B,#09-08,8,2,743 sqft,"$1,997,000",06/06/2025,Resale,99 yrs
T1281,Parc Meridian,D19,Hougang Ave 8,25B,19,5,3,106.7 sq m,2527000,21/11/2024,New Sale,99 yrs
T1345,Parc Meridian,D19,Hougang Ave 8,23A,17,10,4,1448 sqft,3045000,29/10/2024,Resale,99 yrs
T1271,Parc Meridian,D19,Hougang Ave 8,23A,18,10,3,1019 sqft,"$1,659,000",2020-10-22,Sub Sale,99 yrs
T2779,Westwood Gardens,D22,Westwood Ave,54B,14,5,4,1474 sqft,"$2,493,000",07/01/2026,Sub Sale,99 yrs
T2350,Holland Crest,D10,Holland Road,28,#22-08,8,4,1382 sqft,-,2022-05-27,resale,Freehold
T2288,SENGKANG TERRACE,D19,Compassvale Bow,78A,12,11,1,544 sq ft,833000,05/02/2020,New Sale,99 yrs
T1237,Parc Meridian,D19,Hougang Ave 8,25B,23,5,4,120.8 sqm,"$3,060,000",27/10/2025,resale,99 yrs
T1398,Parc Meridian,D19,Hougang Ave 8,23A,29,12,3,909 sqft,"S$ 1,898,000",2024-01-17,New Sale,99 yrs
T2785,Westwood Gardens,D22,Westwood Ave,54B,23,7,2,738 sq ft,1241000,2024-08-09,NEW SALE,99 yrs
T2228,Sengkang Terrace,D19,Compassvale Bow,53A,5,7,3,1112 sqft,"1,543,000",25/01/2020,New Sale,99 yrs
T1908,Bukit Verde,D23,Bukit Batok West Ave 5,49A,22,5,1,579 sqft,992000,2022-08-13,Resale,99 yrs
T1235,Parc Meridian,D19,Hougang Ave 8,59B,25,11,2,65.5 sq m,"$1,349,000",2022-08-07,New Sale,99 yrs
T2270,SENGKANG TERRACE,D19,Compassvale Bow,86A,2,3,4,1319 sqft,"S$ 1,819,000",18 Feb 2021,Resale,99 yrs
T2409,Holland Crest,D10,Holland Road,87A,11,5,3,99.6 sq m,3721000,2026-01-06,Resale,Freehold
T2068,tanjong heights,D15,Tanjong Katong Road,65A,3,7,2,695 sq ft,"$1,643,000",2022-06-05,New Sale,Freehold
T1231,Parc Meridian,19,Hougang Ave 8,25B,12,2,3,952 sqft,1369000,2020-07-24,Resale,99 yrs
T2225,SENGKANG TERRACE,D19,Compassvale Bow,78A,19,3,3,1004 sqft,"$2,126,000",27/06/2025,Resale,99 yrs
T2636,Queens Parkview,D03,Queensway,88,#11-11,11,3,90.8 sq m,1899000,2020-06-12,Resale,99 yrs
T1120,Lakeshore Grand,D22,Lakeside Drive,61A,14,7,2,62.6 sq m,1211000,06 Oct 2022,Resale,99 yrs
T2010,Tanjong Heights,D15,Tanjong Katong Road,65A,7,2,1,530 sqft,"$1,437,000",2026-05-03,RESALE,Freehold
T1387,PARC MERIDIAN,D19,Hougang Ave 8,59B,#25-03,3,3,939 sqft,1559000,2020-03-01,RESALE,99 yrs
T2296,Sengkang Terrace,19,Compassvale Bow,53A,20,8,2,763 sqft,"$1,536,000",2025-01-28,RESALE,99 yrs
T2179,Sengkang Terrace,D19,Compassvale Bow,86A,16,12,2,777 sqft,1571000,2025-12-10,RESALE,99 yrs
T2058,TANJONG HEIGHTS,D15,Tanjong Katong Road,49B,4,7,2,798 sqft,"$1,728,000",2020-12-02,Resale,Freehold
T1813,Bukit Verde,D23,Bukit Batok West Ave 5,80B,13,7,2,779 sq ft,1290000,04/09/2023,Resale,99 yrs
T1535,Riverbend Suites,D05,West Coast Crescent,53,19,4,3,1049 sqft,2718000,14/12/2025,Resale,99 yrs
T2570,Pasir View Residences,D18,Pasir Ris Drive 3,58,24,9,2,677 sqft,"$1,023,000",24/08/2021,SUB SALE,99 yrs
T1601,Riverbend Suites,D05,West Coast Crescent,16B,5,9,3,95.9 sqm,1945000,2021-10-31,Resale,99 yrs
T1028,Lakeshore Grand,D22,Lakeside Drive,31A,5,4,3,950 sqft,1943000,2025-12-07,Resale,99 yrs
T1251,PARC MERIDIAN,D19,Hougang Ave 8,25B,#19-05,5,4,1331 sqft,2908000,13/06/2025,RESALE,99 yrs